2025-09-23 13:40:00,350 - Knowledge - INFO - Redis support added with prefix knowledge:b70881y:
2025-09-23 13:40:01,233 - Knowledge - INFO - load persisted knowledge: begin
2025-09-23 13:40:01,331 - Knowledge - INFO - load persisted knowledge: end
2025-09-23 13:40:01,428 - Knowledge - INFO - load persisted docinfo: begin
2025-09-23 13:40:01,513 - Knowledge - INFO - load persisted docinfo: end
2025-09-23 13:40:01,815 - Knowledge - INFO - worker kw1 created with dedicated MongoDB connection (total: 1)
2025-09-23 13:40:01,909 - Knowledge - INFO - knowledge worker kw1 start
2025-09-23 13:40:01,912 - Knowledge - INFO - worker kw2 created with dedicated MongoDB connection (total: 2)
2025-09-23 13:40:02,026 - Knowledge - INFO - worker kw1 pull /app/data/kaviademo4200/1656/b70881y/book-project-1656/frontend/src/App.test.tsx from ingest queue
2025-09-23 13:40:02,138 - Knowledge - INFO - knowledge worker kw2 start
2025-09-23 13:40:02,140 - Knowledge - INFO - worker kw3 created with dedicated MongoDB connection (total: 3)
2025-09-23 13:40:02,257 - Knowledge - INFO - process ingested knowledge for /app/data/kaviademo4200/1656/b70881y/book-project-1656/frontend/src/App.test.tsx
2025-09-23 13:40:02,305 - Knowledge - INFO - worker kw2 pull /app/data/kaviademo4200/1656/b70881y/book-project-1656/frontend/src/reportWebVitals.ts from ingest queue
2025-09-23 13:40:02,394 - Knowledge - INFO - knowledge worker kw3 start
2025-09-23 13:40:02,399 - Knowledge - INFO - worker kw4 created with dedicated MongoDB connection (total: 4)
2025-09-23 13:40:02,479 - Knowledge - INFO - Found code-base-name: https://github.com/kavia-common/book-project-1656.git:kavia-main
2025-09-23 13:40:02,591 - Knowledge - INFO - process ingested knowledge for /app/data/kaviademo4200/1656/b70881y/book-project-1656/frontend/src/reportWebVitals.ts
2025-09-23 13:40:02,644 - Knowledge - INFO - worker kw3 pull /app/data/kaviademo4200/1656/b70881y/book-project-1656/frontend/src/react-app-env.d.ts from ingest queue
2025-09-23 13:40:02,720 - Knowledge - INFO - knowledge worker kw4 start
2025-09-23 13:40:02,722 - Knowledge - INFO - worker kw5 created with dedicated MongoDB connection (total: 5)
2025-09-23 13:40:02,810 - Knowledge - INFO - Found code_base: <app.utils.kg_build.knowledge.KnowledgeCodeBase object at 0x7f19d0023dd0>
2025-09-23 13:40:02,891 - Knowledge - INFO - Found code-base-name: https://github.com/kavia-common/book-project-1656.git:kavia-main
2025-09-23 13:40:03,002 - Knowledge - INFO - process ingested knowledge for /app/data/kaviademo4200/1656/b70881y/book-project-1656/frontend/src/react-app-env.d.ts
2025-09-23 13:40:03,056 - Knowledge - INFO - worker kw4 pull /app/data/kaviademo4200/1656/b70881y/book-project-1656/frontend/src/App.tsx from ingest queue
2025-09-23 13:40:03,155 - Knowledge - INFO - knowledge worker kw5 start
2025-09-23 13:40:03,158 - Knowledge - INFO - worker kw6 created with dedicated MongoDB connection (total: 6)
2025-09-23 13:40:03,263 - Knowledge - INFO - persist ingested knowledge for /app/data/kaviademo4200/1656/b70881y/book-project-1656/frontend/src/App.test.tsx
2025-09-23 13:40:03,358 - Knowledge - INFO - Found code_base: <app.utils.kg_build.knowledge.KnowledgeCodeBase object at 0x7f19d0023dd0>
2025-09-23 13:40:03,475 - Knowledge - INFO - Found code-base-name: https://github.com/kavia-common/book-project-1656.git:kavia-main
2025-09-23 13:40:03,632 - Knowledge - INFO - process ingested knowledge for /app/data/kaviademo4200/1656/b70881y/book-project-1656/frontend/src/App.tsx
2025-09-23 13:40:03,686 - Knowledge - INFO - worker kw5 pull /app/data/kaviademo4200/1656/b70881y/book-project-1656/frontend/src/settings/Settings.css from ingest queue
2025-09-23 13:40:03,791 - Knowledge - INFO - knowledge worker kw6 start
2025-09-23 13:40:03,793 - Knowledge - INFO - worker kw7 created with dedicated MongoDB connection (total: 7)
2025-09-23 13:40:03,949 - Knowledge - INFO - adding /app/data/kaviademo4200/1656/b70881y/book-project-1656/frontend/src/App.test.tsx to ingest queue
2025-09-23 13:40:03,992 - Knowledge - INFO - persist ingested knowledge for /app/data/kaviademo4200/1656/b70881y/book-project-1656/frontend/src/reportWebVitals.ts
2025-09-23 13:40:04,090 - Knowledge - INFO - Found code_base: <app.utils.kg_build.knowledge.KnowledgeCodeBase object at 0x7f19d0023dd0>
2025-09-23 13:40:04,328 - Knowledge - INFO - process ingested knowledge for /app/data/kaviademo4200/1656/b70881y/book-project-1656/frontend/src/settings/Settings.css
2025-09-23 13:40:04,509 - Knowledge - INFO - knowledge worker kw7 start
2025-09-23 13:40:04,511 - Knowledge - INFO - worker kw8 created with dedicated MongoDB connection (total: 8)
2025-09-23 13:40:04,610 - Knowledge - INFO - Found code-base-name: https://github.com/kavia-common/book-project-1656.git:kavia-main
2025-09-23 13:40:04,610 - Knowledge - INFO - worker kw6 pull /app/data/kaviademo4200/1656/b70881y/book-project-1656/frontend/src/settings/Settings.tsx from ingest queue
2025-09-23 13:40:04,611 - Knowledge - INFO - worker kw1 pull /app/data/kaviademo4200/1656/b70881y/book-project-1656/frontend/src/settings/Switch.tsx from ingest queue
2025-09-23 13:40:04,771 - Knowledge - INFO - adding /app/data/kaviademo4200/1656/b70881y/book-project-1656/frontend/src/reportWebVitals.ts to ingest queue
2025-09-23 13:40:04,824 - Knowledge - INFO - persist ingested knowledge for /app/data/kaviademo4200/1656/b70881y/book-project-1656/frontend/src/react-app-env.d.ts
2025-09-23 13:40:05,161 - Knowledge - INFO - knowledge worker kw8 start
2025-09-23 13:40:05,163 - Knowledge - INFO - worker kw9 created with dedicated MongoDB connection (total: 9)
2025-09-23 13:40:05,231 - Knowledge - INFO - Found code_base: <app.utils.kg_build.knowledge.KnowledgeCodeBase object at 0x7f19d0023dd0>
2025-09-23 13:40:05,360 - Knowledge - INFO - process ingested knowledge for /app/data/kaviademo4200/1656/b70881y/book-project-1656/frontend/src/settings/Settings.tsx
2025-09-23 13:40:05,439 - Knowledge - INFO - process ingested knowledge for /app/data/kaviademo4200/1656/b70881y/book-project-1656/frontend/src/settings/Switch.tsx
2025-09-23 13:40:05,492 - Knowledge - INFO - Found code-base-name: https://github.com/kavia-common/book-project-1656.git:kavia-main
2025-09-23 13:40:06,147 - Knowledge - INFO - Found code_base: <app.utils.kg_build.knowledge.KnowledgeCodeBase object at 0x7f19d0023dd0>
2025-09-23 13:40:05,492 - Knowledge - INFO - worker kw2 pull /app/data/kaviademo4200/1656/b70881y/book-project-1656/frontend/src/my-books/ShelfModal.css from ingest queue
2025-09-23 13:40:05,646 - Knowledge - INFO - adding /app/data/kaviademo4200/1656/b70881y/book-project-1656/frontend/src/react-app-env.d.ts to ingest queue
2025-09-23 13:40:05,794 - Knowledge - INFO - knowledge worker kw9 start
2025-09-23 13:40:05,796 - Knowledge - INFO - worker kw10 created with dedicated MongoDB connection (total: 10)
2025-09-23 13:40:05,883 - Knowledge - INFO - persist ingested knowledge for /app/data/kaviademo4200/1656/b70881y/book-project-1656/frontend/src/App.tsx
2025-09-23 13:40:05,492 - Knowledge - INFO - worker kw7 pull /app/data/kaviademo4200/1656/b70881y/book-project-1656/frontend/src/my-books/ShelfModal.tsx from ingest queue
2025-09-23 13:40:06,257 - Knowledge - INFO - persist ingested knowledge for /app/data/kaviademo4200/1656/b70881y/book-project-1656/frontend/src/settings/Settings.css
2025-09-23 13:40:06,388 - Knowledge - INFO - process ingested knowledge for /app/data/kaviademo4200/1656/b70881y/book-project-1656/frontend/src/my-books/ShelfModal.css
2025-09-23 13:40:06,438 - Knowledge - INFO - worker kw8 pull /app/data/kaviademo4200/1656/b70881y/book-project-1656/frontend/src/my-books/MyBooks.tsx from ingest queue
2025-09-23 13:40:06,438 - Knowledge - INFO - Found code-base-name: https://github.com/kavia-common/book-project-1656.git:kavia-main
2025-09-23 13:40:06,439 - Knowledge - INFO - Found code-base-name: https://github.com/kavia-common/book-project-1656.git:kavia-main
2025-09-23 13:40:06,439 - Knowledge - INFO - worker kw3 pull /app/data/kaviademo4200/1656/b70881y/book-project-1656/frontend/src/my-books/MyBooks.css from ingest queue
2025-09-23 13:40:06,526 - Knowledge - INFO - worker kw9 pull /app/data/kaviademo4200/1656/b70881y/book-project-1656/frontend/src/login/Login.css from ingest queue
2025-09-23 13:40:06,621 - Knowledge - INFO - knowledge worker kw10 start
2025-09-23 13:40:06,622 - Knowledge - INFO - worker kw11 created with dedicated MongoDB connection (total: 11)
2025-09-23 13:40:06,804 - Knowledge - INFO - adding /app/data/kaviademo4200/1656/b70881y/book-project-1656/frontend/src/App.tsx to ingest queue
2025-09-23 13:40:06,897 - Knowledge - INFO - process ingested knowledge for /app/data/kaviademo4200/1656/b70881y/book-project-1656/frontend/src/my-books/ShelfModal.tsx
2025-09-23 13:40:07,164 - Knowledge - INFO - process ingested knowledge for /app/data/kaviademo4200/1656/b70881y/book-project-1656/frontend/src/my-books/MyBooks.tsx
2025-09-23 13:40:07,224 - Knowledge - INFO - Found code_base: <app.utils.kg_build.knowledge.KnowledgeCodeBase object at 0x7f19d0023dd0>
2025-09-23 13:40:07,301 - Knowledge - INFO - Found code_base: <app.utils.kg_build.knowledge.KnowledgeCodeBase object at 0x7f19d0023dd0>
2025-09-23 13:40:08,177 - Knowledge - INFO - persist ingested knowledge for /app/data/kaviademo4200/1656/b70881y/book-project-1656/frontend/src/settings/Switch.tsx
2025-09-23 13:40:07,518 - Knowledge - INFO - process ingested knowledge for /app/data/kaviademo4200/1656/b70881y/book-project-1656/frontend/src/login/Login.css
2025-09-23 13:40:07,707 - Knowledge - INFO - knowledge worker kw11 start
2025-09-23 13:40:07,710 - Knowledge - INFO - worker kw12 created with dedicated MongoDB connection (total: 12)
2025-09-23 13:40:07,866 - Knowledge - INFO - Found code-base-name: https://github.com/kavia-common/book-project-1656.git:kavia-main
2025-09-23 13:40:07,866 - Knowledge - INFO - worker kw10 pull /app/data/kaviademo4200/1656/b70881y/book-project-1656/frontend/src/login/forgotPassword/PasswordResetModal.tsx from ingest queue
2025-09-23 13:40:07,866 - Knowledge - INFO - worker kw4 pull /app/data/kaviademo4200/1656/b70881y/book-project-1656/frontend/src/login/forgotPassword/ForgotPasswordModal.css from ingest queue
2025-09-23 13:40:07,866 - Knowledge - INFO - adding /app/data/kaviademo4200/1656/b70881y/book-project-1656/frontend/src/settings/Settings.css to ingest queue
2025-09-23 13:40:08,081 - Knowledge - INFO - persist ingested knowledge for /app/data/kaviademo4200/1656/b70881y/book-project-1656/frontend/src/settings/Settings.tsx
2025-09-23 13:40:07,428 - Knowledge - INFO - process ingested knowledge for /app/data/kaviademo4200/1656/b70881y/book-project-1656/frontend/src/my-books/MyBooks.css
2025-09-23 13:40:08,563 - Knowledge - INFO - knowledge worker kw12 start
2025-09-23 13:40:08,565 - Knowledge - INFO - worker kw13 created with dedicated MongoDB connection (total: 13)
2025-09-23 13:40:08,675 - Knowledge - INFO - Found code_base: <app.utils.kg_build.knowledge.KnowledgeCodeBase object at 0x7f19d0023dd0>
2025-09-23 13:40:08,790 - Knowledge - INFO - process ingested knowledge for /app/data/kaviademo4200/1656/b70881y/book-project-1656/frontend/src/login/forgotPassword/PasswordResetModal.tsx
2025-09-23 13:40:08,910 - Knowledge - INFO - process ingested knowledge for /app/data/kaviademo4200/1656/b70881y/book-project-1656/frontend/src/login/forgotPassword/ForgotPasswordModal.css
2025-09-23 13:40:09,003 - Knowledge - INFO - Found code-base-name: https://github.com/kavia-common/book-project-1656.git:kavia-main
2025-09-23 13:40:09,003 - Knowledge - INFO - Found code-base-name: https://github.com/kavia-common/book-project-1656.git:kavia-main
2025-09-23 13:40:09,060 - Knowledge - INFO - Found code-base-name: https://github.com/kavia-common/book-project-1656.git:kavia-main
2025-09-23 13:40:09,060 - Knowledge - INFO - worker kw11 pull /app/data/kaviademo4200/1656/b70881y/book-project-1656/frontend/src/login/forgotPassword/ForgotPasswordModal.tsx from ingest queue
2025-09-23 13:40:09,060 - Knowledge - INFO - worker kw5 pull /app/data/kaviademo4200/1656/b70881y/book-project-1656/frontend/src/login/Login.tsx from ingest queue
2025-09-23 13:40:09,060 - Knowledge - INFO - adding /app/data/kaviademo4200/1656/b70881y/book-project-1656/frontend/src/settings/Switch.tsx to ingest queue
2025-09-23 13:40:09,418 - Knowledge - INFO - knowledge worker kw13 start
2025-09-23 13:40:09,420 - Knowledge - INFO - worker kw14 created with dedicated MongoDB connection (total: 14)
2025-09-23 13:40:09,497 - Knowledge - INFO - persist ingested knowledge for /app/data/kaviademo4200/1656/b70881y/book-project-1656/frontend/src/my-books/ShelfModal.css
2025-09-23 13:40:09,812 - Knowledge - INFO - Found code_base: <app.utils.kg_build.knowledge.KnowledgeCodeBase object at 0x7f19d0023dd0>
2025-09-23 13:40:09,891 - Knowledge - INFO - Found code_base: <app.utils.kg_build.knowledge.KnowledgeCodeBase object at 0x7f19d0023dd0>
2025-09-23 13:40:09,974 - Knowledge - INFO - Found code_base: <app.utils.kg_build.knowledge.KnowledgeCodeBase object at 0x7f19d0023dd0>
2025-09-23 13:40:10,098 - Knowledge - INFO - process ingested knowledge for /app/data/kaviademo4200/1656/b70881y/book-project-1656/frontend/src/login/forgotPassword/ForgotPasswordModal.tsx
2025-09-23 13:40:10,180 - Knowledge - INFO - process ingested knowledge for /app/data/kaviademo4200/1656/b70881y/book-project-1656/frontend/src/login/Login.tsx
2025-09-23 13:40:10,313 - Knowledge - INFO - Found code-base-name: https://github.com/kavia-common/book-project-1656.git:kavia-main
2025-09-23 13:40:10,313 - Knowledge - INFO - worker kw12 pull /app/data/kaviademo4200/1656/b70881y/book-project-1656/frontend/src/setupTests.ts from ingest queue
2025-09-23 13:40:10,313 - Knowledge - INFO - Found code-base-name: https://github.com/kavia-common/book-project-1656.git:kavia-main
2025-09-23 13:40:10,313 - Knowledge - INFO - Found code-base-name: https://github.com/kavia-common/book-project-1656.git:kavia-main
2025-09-23 13:40:10,313 - Knowledge - INFO - worker kw1 pull /app/data/kaviademo4200/1656/b70881y/book-project-1656/frontend/src/index.tsx from ingest queue
2025-09-23 13:40:10,313 - Knowledge - INFO - adding /app/data/kaviademo4200/1656/b70881y/book-project-1656/frontend/src/settings/Settings.tsx to ingest queue
2025-09-23 13:40:10,444 - Knowledge - INFO - knowledge worker kw14 start
2025-09-23 13:40:10,446 - Knowledge - INFO - worker kw15 created with dedicated MongoDB connection (total: 15)
2025-09-23 13:40:10,613 - Knowledge - INFO - persist ingested knowledge for /app/data/kaviademo4200/1656/b70881y/book-project-1656/frontend/src/my-books/ShelfModal.tsx
2025-09-23 13:40:10,705 - Knowledge - INFO - persist ingested knowledge for /app/data/kaviademo4200/1656/b70881y/book-project-1656/frontend/src/my-books/MyBooks.tsx
2025-09-23 13:40:10,790 - Knowledge - INFO - persist ingested knowledge for /app/data/kaviademo4200/1656/b70881y/book-project-1656/frontend/src/login/Login.css
2025-09-23 13:40:11,136 - Knowledge - INFO - Found code_base: <app.utils.kg_build.knowledge.KnowledgeCodeBase object at 0x7f19d0023dd0>
2025-09-23 13:40:11,293 - Knowledge - INFO - process ingested knowledge for /app/data/kaviademo4200/1656/b70881y/book-project-1656/frontend/src/setupTests.ts
2025-09-23 13:40:11,354 - Knowledge - INFO - Found code_base: <app.utils.kg_build.knowledge.KnowledgeCodeBase object at 0x7f19d0023dd0>
2025-09-23 13:40:11,432 - Knowledge - INFO - Found code_base: <app.utils.kg_build.knowledge.KnowledgeCodeBase object at 0x7f19d0023dd0>
2025-09-23 13:40:11,547 - Knowledge - INFO - process ingested knowledge for /app/data/kaviademo4200/1656/b70881y/book-project-1656/frontend/src/index.tsx
2025-09-23 13:40:11,595 - Knowledge - INFO - worker kw13 pull /app/data/kaviademo4200/1656/b70881y/book-project-1656/frontend/src/register/Register.css from ingest queue
2025-09-23 13:40:11,648 - Knowledge - INFO - Found code-base-name: https://github.com/kavia-common/book-project-1656.git:kavia-main
2025-09-23 13:40:11,648 - Knowledge - INFO - Found code-base-name: https://github.com/kavia-common/book-project-1656.git:kavia-main
2025-09-23 13:40:11,648 - Knowledge - INFO - worker kw6 pull /app/data/kaviademo4200/1656/b70881y/book-project-1656/frontend/src/register/Register.tsx from ingest queue
2025-09-23 13:40:11,648 - Knowledge - INFO - adding /app/data/kaviademo4200/1656/b70881y/book-project-1656/frontend/src/my-books/ShelfModal.css to ingest queue
2025-09-23 13:40:11,791 - Knowledge - INFO - knowledge worker kw15 start
2025-09-23 13:40:11,797 - Knowledge - INFO - worker kw16 created with dedicated MongoDB connection (total: 16)
2025-09-23 13:40:12,141 - Knowledge - INFO - persist ingested knowledge for /app/data/kaviademo4200/1656/b70881y/book-project-1656/frontend/src/my-books/MyBooks.css
2025-09-23 13:40:12,336 - Knowledge - INFO - persist ingested knowledge for /app/data/kaviademo4200/1656/b70881y/book-project-1656/frontend/src/login/forgotPassword/PasswordResetModal.tsx
2025-09-23 13:40:12,415 - Knowledge - INFO - persist ingested knowledge for /app/data/kaviademo4200/1656/b70881y/book-project-1656/frontend/src/login/forgotPassword/ForgotPasswordModal.css
2025-09-23 13:40:12,635 - Knowledge - INFO - process ingested knowledge for /app/data/kaviademo4200/1656/b70881y/book-project-1656/frontend/src/register/Register.css
2025-09-23 13:40:12,696 - Knowledge - INFO - Found code_base: <app.utils.kg_build.knowledge.KnowledgeCodeBase object at 0x7f19d0023dd0>
2025-09-23 13:40:12,809 - Knowledge - INFO - Found code_base: <app.utils.kg_build.knowledge.KnowledgeCodeBase object at 0x7f19d0023dd0>
2025-09-23 13:40:12,938 - Knowledge - INFO - process ingested knowledge for /app/data/kaviademo4200/1656/b70881y/book-project-1656/frontend/src/register/Register.tsx
2025-09-23 13:40:13,036 - Knowledge - INFO - worker kw14 pull /app/data/kaviademo4200/1656/b70881y/book-project-1656/frontend/src/delete-account/DeleteAccount.tsx from ingest queue
2025-09-23 13:40:13,131 - Knowledge - INFO - adding /app/data/kaviademo4200/1656/b70881y/book-project-1656/frontend/src/my-books/MyBooks.tsx to ingest queue
2025-09-23 13:40:13,225 - Knowledge - INFO - knowledge worker kw16 start
2025-09-23 13:40:13,227 - Knowledge - INFO - worker kw17 created with dedicated MongoDB connection (total: 17)
2025-09-23 13:40:13,713 - Knowledge - INFO - persist ingested knowledge for /app/data/kaviademo4200/1656/b70881y/book-project-1656/frontend/src/login/forgotPassword/ForgotPasswordModal.tsx
2025-09-23 13:40:13,828 - Knowledge - INFO - persist ingested knowledge for /app/data/kaviademo4200/1656/b70881y/book-project-1656/frontend/src/login/Login.tsx
2025-09-23 13:40:14,040 - Knowledge - INFO - process ingested knowledge for /app/data/kaviademo4200/1656/b70881y/book-project-1656/frontend/src/delete-account/DeleteAccount.tsx
2025-09-23 13:40:14,083 - Knowledge - INFO - Found code-base-name: https://github.com/kavia-common/book-project-1656.git:kavia-main
2025-09-23 13:40:14,083 - Knowledge - INFO - Found code-base-name: https://github.com/kavia-common/book-project-1656.git:kavia-main
2025-09-23 13:40:14,085 - Knowledge - INFO - worker kw2 pull /app/data/kaviademo4200/1656/b70881y/book-project-1656/frontend/src/delete-account/DeleteAccount.css from ingest queue
2025-09-23 13:40:14,085 - Knowledge - INFO - adding /app/data/kaviademo4200/1656/b70881y/book-project-1656/frontend/src/my-books/ShelfModal.tsx to ingest queue
2025-09-23 13:40:14,294 - Knowledge - INFO - knowledge worker kw17 start
2025-09-23 13:40:14,295 - Knowledge - INFO - worker kw18 created with dedicated MongoDB connection (total: 18)
2025-09-23 13:40:14,713 - Knowledge - INFO - Found code_base: <app.utils.kg_build.knowledge.KnowledgeCodeBase object at 0x7f19d0023dd0>
2025-09-23 13:40:14,834 - Knowledge - INFO - Found code_base: <app.utils.kg_build.knowledge.KnowledgeCodeBase object at 0x7f19d0023dd0>
2025-09-23 13:40:14,954 - Knowledge - INFO - process ingested knowledge for /app/data/kaviademo4200/1656/b70881y/book-project-1656/frontend/src/delete-account/DeleteAccount.css
2025-09-23 13:40:15,024 - Knowledge - INFO - worker kw15 pull /app/data/kaviademo4200/1656/b70881y/book-project-1656/frontend/src/goal/Goal.tsx from ingest queue
2025-09-23 13:40:15,162 - Knowledge - INFO - Found code-base-name: https://github.com/kavia-common/book-project-1656.git:kavia-main
2025-09-23 13:40:15,162 - Knowledge - INFO - Found code-base-name: https://github.com/kavia-common/book-project-1656.git:kavia-main
2025-09-23 13:40:15,163 - Knowledge - INFO - worker kw8 pull /app/data/kaviademo4200/1656/b70881y/book-project-1656/frontend/src/goal/Goal.css from ingest queue
2025-09-23 13:40:15,246 - Knowledge - INFO - knowledge worker kw18 start
2025-09-23 13:40:15,248 - Knowledge - INFO - worker kw19 created with dedicated MongoDB connection (total: 19)
2025-09-23 13:40:15,310 - Knowledge - INFO - Found code-base-name: https://github.com/kavia-common/book-project-1656.git:kavia-main
2025-09-23 13:40:15,310 - Knowledge - INFO - worker kw7 pull /app/data/kaviademo4200/1656/b70881y/book-project-1656/frontend/src/statistics/Stats.tsx from ingest queue
2025-09-23 13:40:15,310 - Knowledge - INFO - adding /app/data/kaviademo4200/1656/b70881y/book-project-1656/frontend/src/my-books/MyBooks.css to ingest queue
2025-09-23 13:40:15,367 - Knowledge - INFO - persist ingested knowledge for /app/data/kaviademo4200/1656/b70881y/book-project-1656/frontend/src/setupTests.ts
2025-09-23 13:40:15,448 - Knowledge - INFO - persist ingested knowledge for /app/data/kaviademo4200/1656/b70881y/book-project-1656/frontend/src/index.tsx
2025-09-23 13:40:15,690 - Knowledge - INFO - process ingested knowledge for /app/data/kaviademo4200/1656/b70881y/book-project-1656/frontend/src/goal/Goal.tsx
2025-09-23 13:40:15,760 - Knowledge - INFO - Found code_base: <app.utils.kg_build.knowledge.KnowledgeCodeBase object at 0x7f19d0023dd0>
2025-09-23 13:40:15,858 - Knowledge - INFO - Found code_base: <app.utils.kg_build.knowledge.KnowledgeCodeBase object at 0x7f19d0023dd0>
2025-09-23 13:40:15,975 - Knowledge - INFO - process ingested knowledge for /app/data/kaviademo4200/1656/b70881y/book-project-1656/frontend/src/goal/Goal.css
2025-09-23 13:40:16,150 - Knowledge - INFO - knowledge worker kw19 start
2025-09-23 13:40:16,153 - Knowledge - INFO - worker kw20 created with dedicated MongoDB connection (total: 20)
2025-09-23 13:40:16,269 - Knowledge - INFO - Found code_base: <app.utils.kg_build.knowledge.KnowledgeCodeBase object at 0x7f19d0023dd0>
2025-09-23 13:40:16,392 - Knowledge - INFO - process ingested knowledge for /app/data/kaviademo4200/1656/b70881y/book-project-1656/frontend/src/statistics/Stats.tsx
2025-09-23 13:40:16,465 - Knowledge - INFO - worker kw17 pull /app/data/kaviademo4200/1656/b70881y/book-project-1656/frontend/src/shared/http/HttpClient.ts from ingest queue
2025-09-23 13:40:16,465 - Knowledge - INFO - adding /app/data/kaviademo4200/1656/b70881y/book-project-1656/frontend/src/login/forgotPassword/ForgotPasswordModal.css to ingest queue
2025-09-23 13:40:16,870 - Knowledge - INFO - persist ingested knowledge for /app/data/kaviademo4200/1656/b70881y/book-project-1656/frontend/src/register/Register.css
2025-09-23 13:40:16,970 - Knowledge - INFO - persist ingested knowledge for /app/data/kaviademo4200/1656/b70881y/book-project-1656/frontend/src/register/Register.tsx
2025-09-23 13:40:17,250 - Knowledge - INFO - knowledge worker kw20 start
2025-09-23 13:40:17,252 - Knowledge - WARNING - High connection count: 21 connections active
2025-09-23 13:40:17,380 - Knowledge - INFO - persist ingested knowledge for /app/data/kaviademo4200/1656/b70881y/book-project-1656/frontend/src/delete-account/DeleteAccount.tsx
2025-09-23 13:40:17,562 - Knowledge - INFO - process ingested knowledge for /app/data/kaviademo4200/1656/b70881y/book-project-1656/frontend/src/shared/http/HttpClient.ts
2025-09-23 13:40:17,620 - Knowledge - INFO - worker kw16 pull /app/data/kaviademo4200/1656/b70881y/book-project-1656/frontend/src/shared/http/verb.ts from ingest queue
2025-09-23 13:40:17,621 - Knowledge - INFO - adding /app/data/kaviademo4200/1656/b70881y/book-project-1656/frontend/src/login/Login.css to ingest queue
2025-09-23 13:40:18,024 - Knowledge - INFO - worker kw21 created with dedicated MongoDB connection (total: 21)
2025-09-23 13:40:18,365 - Knowledge - INFO - process ingested knowledge for /app/data/kaviademo4200/1656/b70881y/book-project-1656/frontend/src/shared/http/verb.ts
2025-09-23 13:40:18,417 - Knowledge - INFO - adding /app/data/kaviademo4200/1656/b70881y/book-project-1656/frontend/src/login/forgotPassword/ForgotPasswordModal.tsx to ingest queue
2025-09-23 13:40:18,508 - Knowledge - INFO - knowledge worker kw21 start
2025-09-23 13:40:18,512 - Knowledge - WARNING - High connection count: 22 connections active
2025-09-23 13:40:18,696 - Knowledge - INFO - adding /app/data/kaviademo4200/1656/b70881y/book-project-1656/frontend/src/login/Login.tsx to ingest queue
2025-09-23 13:40:18,859 - Knowledge - INFO - worker kw22 created with dedicated MongoDB connection (total: 22)
2025-09-23 13:40:18,941 - Knowledge - INFO - adding /app/data/kaviademo4200/1656/b70881y/book-project-1656/frontend/src/login/forgotPassword/PasswordResetModal.tsx to ingest queue
2025-09-23 13:40:19,032 - Knowledge - INFO - knowledge worker kw22 start
2025-09-23 13:40:19,033 - Knowledge - WARNING - High connection count: 23 connections active
2025-09-23 13:40:19,123 - Knowledge - INFO - Found code-base-name: https://github.com/kavia-common/book-project-1656.git:kavia-main
2025-09-23 13:40:19,123 - Knowledge - INFO - worker kw18 pull /app/data/kaviademo4200/1656/b70881y/book-project-1656/frontend/src/shared/theme.tsx from ingest queue
2025-09-23 13:40:19,124 - Knowledge - INFO - worker kw3 pull /app/data/kaviademo4200/1656/b70881y/book-project-1656/frontend/src/shared/navigation/NavBar.css from ingest queue
2025-09-23 13:40:19,173 - Knowledge - INFO - Found code-base-name: https://github.com/kavia-common/book-project-1656.git:kavia-main
2025-09-23 13:40:19,173 - Knowledge - INFO - Found code-base-name: https://github.com/kavia-common/book-project-1656.git:kavia-main
2025-09-23 13:40:19,173 - Knowledge - INFO - worker kw19 pull /app/data/kaviademo4200/1656/b70881y/book-project-1656/frontend/src/shared/navigation/NavBar.tsx from ingest queue
2025-09-23 13:40:19,173 - Knowledge - INFO - Found code-base-name: https://github.com/kavia-common/book-project-1656.git:kavia-main
2025-09-23 13:40:19,173 - Knowledge - INFO - worker kw4 pull /app/data/kaviademo4200/1656/b70881y/book-project-1656/frontend/src/shared/form/Password.tsx from ingest queue
2025-09-23 13:40:19,222 - Knowledge - INFO - worker kw20 pull /app/data/kaviademo4200/1656/b70881y/book-project-1656/frontend/src/shared/form/PasswordStrengthMeter.tsx from ingest queue
2025-09-23 13:40:19,274 - Knowledge - INFO - Found code-base-name: https://github.com/kavia-common/book-project-1656.git:kavia-main
2025-09-23 13:40:19,274 - Knowledge - INFO - worker kw9 pull /app/data/kaviademo4200/1656/b70881y/book-project-1656/frontend/src/shared/form/EmailAddress.tsx from ingest queue
2025-09-23 13:40:19,274 - Knowledge - INFO - worker kw11 pull /app/data/kaviademo4200/1656/b70881y/book-project-1656/frontend/src/shared/api/endpoints.ts from ingest queue
2025-09-23 13:40:19,274 - Knowledge - INFO - worker kw21 pull /app/data/kaviademo4200/1656/b70881y/book-project-1656/frontend/src/shared/components/Modal.tsx from ingest queue
2025-09-23 13:40:19,274 - Knowledge - INFO - worker kw10 pull /app/data/kaviademo4200/1656/b70881y/book-project-1656/frontend/src/shared/components/Layout.css from ingest queue
2025-09-23 13:40:19,274 - Knowledge - INFO - adding /app/data/kaviademo4200/1656/b70881y/book-project-1656/frontend/src/index.tsx to ingest queue
2025-09-23 13:40:19,310 - Knowledge - INFO - worker kw23 created with dedicated MongoDB connection (total: 23)
2025-09-23 13:40:19,411 - Knowledge - INFO - Found code_base: <app.utils.kg_build.knowledge.KnowledgeCodeBase object at 0x7f19d0023dd0>
2025-09-23 13:40:19,557 - Knowledge - INFO - process ingested knowledge for /app/data/kaviademo4200/1656/b70881y/book-project-1656/frontend/src/shared/theme.tsx
2025-09-23 13:40:19,655 - Knowledge - INFO - process ingested knowledge for /app/data/kaviademo4200/1656/b70881y/book-project-1656/frontend/src/shared/navigation/NavBar.css
2025-09-23 13:40:19,699 - Knowledge - INFO - Found code_base: <app.utils.kg_build.knowledge.KnowledgeCodeBase object at 0x7f19d0023dd0>
2025-09-23 13:40:19,778 - Knowledge - INFO - Found code_base: <app.utils.kg_build.knowledge.KnowledgeCodeBase object at 0x7f19d0023dd0>
2025-09-23 13:40:19,883 - Knowledge - INFO - process ingested knowledge for /app/data/kaviademo4200/1656/b70881y/book-project-1656/frontend/src/shared/navigation/NavBar.tsx
2025-09-23 13:40:19,939 - Knowledge - INFO - Found code_base: <app.utils.kg_build.knowledge.KnowledgeCodeBase object at 0x7f19d0023dd0>
2025-09-23 13:40:20,085 - Knowledge - INFO - process ingested knowledge for /app/data/kaviademo4200/1656/b70881y/book-project-1656/frontend/src/shared/form/Password.tsx
2025-09-23 13:40:20,187 - Knowledge - INFO - process ingested knowledge for /app/data/kaviademo4200/1656/b70881y/book-project-1656/frontend/src/shared/form/PasswordStrengthMeter.tsx
2025-09-23 13:40:20,274 - Knowledge - INFO - Found code_base: <app.utils.kg_build.knowledge.KnowledgeCodeBase object at 0x7f19d0023dd0>
2025-09-23 13:40:20,403 - Knowledge - INFO - process ingested knowledge for /app/data/kaviademo4200/1656/b70881y/book-project-1656/frontend/src/shared/form/EmailAddress.tsx
2025-09-23 13:40:20,507 - Knowledge - INFO - process ingested knowledge for /app/data/kaviademo4200/1656/b70881y/book-project-1656/frontend/src/shared/api/endpoints.ts
2025-09-23 13:40:20,602 - Knowledge - INFO - process ingested knowledge for /app/data/kaviademo4200/1656/b70881y/book-project-1656/frontend/src/shared/components/Modal.tsx
2025-09-23 13:40:20,710 - Knowledge - INFO - process ingested knowledge for /app/data/kaviademo4200/1656/b70881y/book-project-1656/frontend/src/shared/components/Layout.css
2025-09-23 13:40:20,829 - Knowledge - INFO - worker kw22 pull /app/data/kaviademo4200/1656/b70881y/book-project-1656/frontend/src/shared/components/SearchResults.tsx from ingest queue
2025-09-23 13:40:20,829 - Knowledge - INFO - adding /app/data/kaviademo4200/1656/b70881y/book-project-1656/frontend/src/register/Register.css to ingest queue
2025-09-23 13:40:20,858 - Knowledge - INFO - knowledge worker kw23 start
2025-09-23 13:40:20,860 - Knowledge - WARNING - High connection count: 24 connections active
2025-09-23 13:40:20,947 - Knowledge - INFO - persist ingested knowledge for /app/data/kaviademo4200/1656/b70881y/book-project-1656/frontend/src/delete-account/DeleteAccount.css
2025-09-23 13:40:21,257 - Knowledge - INFO - persist ingested knowledge for /app/data/kaviademo4200/1656/b70881y/book-project-1656/frontend/src/goal/Goal.tsx
2025-09-23 13:40:21,337 - Knowledge - INFO - persist ingested knowledge for /app/data/kaviademo4200/1656/b70881y/book-project-1656/frontend/src/goal/Goal.css
2025-09-23 13:40:21,533 - Knowledge - INFO - persist ingested knowledge for /app/data/kaviademo4200/1656/b70881y/book-project-1656/frontend/src/statistics/Stats.tsx
2025-09-23 13:40:21,784 - Knowledge - INFO - persist ingested knowledge for /app/data/kaviademo4200/1656/b70881y/book-project-1656/frontend/src/shared/http/HttpClient.ts
2025-09-23 13:40:22,259 - Knowledge - INFO - process ingested knowledge for /app/data/kaviademo4200/1656/b70881y/book-project-1656/frontend/src/shared/components/SearchResults.tsx
2025-09-23 13:40:22,323 - Knowledge - INFO - adding /app/data/kaviademo4200/1656/b70881y/book-project-1656/frontend/src/delete-account/DeleteAccount.tsx to ingest queue
2025-09-23 13:40:22,491 - Knowledge - INFO - worker kw24 created with dedicated MongoDB connection (total: 24)
2025-09-23 13:40:23,123 - Knowledge - INFO - Found code-base-name: https://github.com/kavia-common/book-project-1656.git:kavia-main
2025-09-23 13:40:23,124 - Knowledge - INFO - worker kw5 pull /app/data/kaviademo4200/1656/b70881y/book-project-1656/frontend/src/shared/components/Search.css from ingest queue
2025-09-23 13:40:23,175 - Knowledge - INFO - adding /app/data/kaviademo4200/1656/b70881y/book-project-1656/frontend/src/register/Register.tsx to ingest queue
2025-09-23 13:40:23,226 - Knowledge - INFO - knowledge worker kw24 start
2025-09-23 13:40:23,230 - Knowledge - WARNING - High connection count: 25 connections active
2025-09-23 13:40:23,313 - Knowledge - INFO - Found code_base: <app.utils.kg_build.knowledge.KnowledgeCodeBase object at 0x7f19d0023dd0>
2025-09-23 13:40:23,427 - Knowledge - INFO - process ingested knowledge for /app/data/kaviademo4200/1656/b70881y/book-project-1656/frontend/src/shared/components/Search.css
2025-09-23 13:40:23,488 - Knowledge - INFO - Found code-base-name: https://github.com/kavia-common/book-project-1656.git:kavia-main
2025-09-23 13:40:23,488 - Knowledge - INFO - Found code-base-name: https://github.com/kavia-common/book-project-1656.git:kavia-main
2025-09-23 13:40:23,490 - Knowledge - INFO - Found code-base-name: https://github.com/kavia-common/book-project-1656.git:kavia-main
2025-09-23 13:40:23,490 - Knowledge - INFO - Found code-base-name: https://github.com/kavia-common/book-project-1656.git:kavia-main
2025-09-23 13:40:23,490 - Knowledge - INFO - Found code-base-name: https://github.com/kavia-common/book-project-1656.git:kavia-main
2025-09-23 13:40:23,490 - Knowledge - INFO - Found code-base-name: https://github.com/kavia-common/book-project-1656.git:kavia-main
2025-09-23 13:40:23,490 - Knowledge - INFO - Found code-base-name: https://github.com/kavia-common/book-project-1656.git:kavia-main
2025-09-23 13:40:24,521 - Knowledge - INFO - Found code_base: <app.utils.kg_build.knowledge.KnowledgeCodeBase object at 0x7f19d0023dd0>
2025-09-23 13:40:23,491 - Knowledge - INFO - Found code-base-name: https://github.com/kavia-common/book-project-1656.git:kavia-main
2025-09-23 13:40:23,491 - Knowledge - INFO - worker kw13 pull /app/data/kaviademo4200/1656/b70881y/book-project-1656/frontend/src/shared/components/Search.tsx from ingest queue
2025-09-23 13:40:23,491 - Knowledge - INFO - worker kw23 pull /app/data/kaviademo4200/1656/b70881y/book-project-1656/frontend/src/shared/components/Layout.tsx from ingest queue
2025-09-23 13:40:23,667 - Knowledge - INFO - worker kw25 created with dedicated MongoDB connection (total: 25)
2025-09-23 13:40:23,684 - Knowledge - INFO - Found code-base-name: https://github.com/kavia-common/book-project-1656.git:kavia-main
2025-09-23 13:40:23,684 - Knowledge - INFO - worker kw14 pull /app/data/kaviademo4200/1656/b70881y/book-project-1656/frontend/src/shared/book-display/BookList.tsx from ingest queue
2025-09-23 13:40:23,684 - Knowledge - INFO - worker kw1 pull /app/data/kaviademo4200/1656/b70881y/book-project-1656/frontend/src/shared/book-display/ShelfView.tsx from ingest queue
2025-09-23 13:40:23,734 - Knowledge - INFO - adding /app/data/kaviademo4200/1656/b70881y/book-project-1656/frontend/src/goal/Goal.tsx to ingest queue
2025-09-23 13:40:23,754 - Knowledge - INFO - persist ingested knowledge for /app/data/kaviademo4200/1656/b70881y/book-project-1656/frontend/src/shared/http/verb.ts
2025-09-23 13:40:23,921 - Knowledge - INFO - Found code_base: <app.utils.kg_build.knowledge.KnowledgeCodeBase object at 0x7f19d0023dd0>
2025-09-23 13:40:24,040 - Knowledge - INFO - Found code_base: <app.utils.kg_build.knowledge.KnowledgeCodeBase object at 0x7f19d0023dd0>
2025-09-23 13:40:24,173 - Knowledge - INFO - Found code_base: <app.utils.kg_build.knowledge.KnowledgeCodeBase object at 0x7f19d0023dd0>
2025-09-23 13:40:24,272 - Knowledge - INFO - Found code_base: <app.utils.kg_build.knowledge.KnowledgeCodeBase object at 0x7f19d0023dd0>
2025-09-23 13:40:24,358 - Knowledge - INFO - Found code_base: <app.utils.kg_build.knowledge.KnowledgeCodeBase object at 0x7f19d0023dd0>
2025-09-23 13:40:24,431 - Knowledge - INFO - Found code_base: <app.utils.kg_build.knowledge.KnowledgeCodeBase object at 0x7f19d0023dd0>
2025-09-23 13:40:23,490 - Knowledge - INFO - Found code-base-name: https://github.com/kavia-common/book-project-1656.git:kavia-main
2025-09-23 13:40:24,620 - Knowledge - INFO - persist ingested knowledge for /app/data/kaviademo4200/1656/b70881y/book-project-1656/frontend/src/shared/api/endpoints.ts
2025-09-23 13:40:24,710 - Knowledge - INFO - Found code_base: <app.utils.kg_build.knowledge.KnowledgeCodeBase object at 0x7f19d0023dd0>
2025-09-23 13:40:24,848 - Knowledge - INFO - process ingested knowledge for /app/data/kaviademo4200/1656/b70881y/book-project-1656/frontend/src/shared/components/Search.tsx
2025-09-23 13:40:24,940 - Knowledge - INFO - process ingested knowledge for /app/data/kaviademo4200/1656/b70881y/book-project-1656/frontend/src/shared/components/Layout.tsx
2025-09-23 13:40:25,002 - Knowledge - INFO - knowledge worker kw25 start
2025-09-23 13:40:25,004 - Knowledge - WARNING - High connection count: 26 connections active
2025-09-23 13:40:25,080 - Knowledge - INFO - Found code_base: <app.utils.kg_build.knowledge.KnowledgeCodeBase object at 0x7f19d0023dd0>
2025-09-23 13:40:25,201 - Knowledge - INFO - process ingested knowledge for /app/data/kaviademo4200/1656/b70881y/book-project-1656/frontend/src/shared/book-display/BookList.tsx
2025-09-23 13:40:25,294 - Knowledge - INFO - process ingested knowledge for /app/data/kaviademo4200/1656/b70881y/book-project-1656/frontend/src/shared/book-display/ShelfView.tsx
2025-09-23 13:40:25,393 - Knowledge - INFO - worker kw24 pull /app/data/kaviademo4200/1656/b70881y/book-project-1656/frontend/src/shared/book-display/BookList.css from ingest queue
2025-09-23 13:40:25,393 - Knowledge - INFO - adding /app/data/kaviademo4200/1656/b70881y/book-project-1656/frontend/src/goal/Goal.css to ingest queue
2025-09-23 13:40:25,565 - Knowledge - INFO - persist ingested knowledge for /app/data/kaviademo4200/1656/b70881y/book-project-1656/frontend/src/shared/theme.tsx
2025-09-23 13:40:25,650 - Knowledge - INFO - persist ingested knowledge for /app/data/kaviademo4200/1656/b70881y/book-project-1656/frontend/src/shared/navigation/NavBar.css
2025-09-23 13:40:25,738 - Knowledge - INFO - persist ingested knowledge for /app/data/kaviademo4200/1656/b70881y/book-project-1656/frontend/src/shared/navigation/NavBar.tsx
2025-09-23 13:40:25,847 - Knowledge - INFO - persist ingested knowledge for /app/data/kaviademo4200/1656/b70881y/book-project-1656/frontend/src/shared/form/Password.tsx
2025-09-23 13:40:25,963 - Knowledge - INFO - persist ingested knowledge for /app/data/kaviademo4200/1656/b70881y/book-project-1656/frontend/src/shared/form/PasswordStrengthMeter.tsx
2025-09-23 13:40:26,055 - Knowledge - INFO - persist ingested knowledge for /app/data/kaviademo4200/1656/b70881y/book-project-1656/frontend/src/shared/form/EmailAddress.tsx
2025-09-23 13:40:26,140 - Knowledge - INFO - Found code_base: <app.utils.kg_build.knowledge.KnowledgeCodeBase object at 0x7f19d0023dd0>
2025-09-23 13:40:26,299 - Knowledge - INFO - persist ingested knowledge for /app/data/kaviademo4200/1656/b70881y/book-project-1656/frontend/src/shared/components/Layout.css
2025-09-23 13:40:26,693 - Knowledge - INFO - worker kw26 created with dedicated MongoDB connection (total: 26)
2025-09-23 13:40:26,778 - Knowledge - INFO - persist ingested knowledge for /app/data/kaviademo4200/1656/b70881y/book-project-1656/frontend/src/shared/components/SearchResults.tsx
2025-09-23 13:40:27,112 - Knowledge - INFO - process ingested knowledge for /app/data/kaviademo4200/1656/b70881y/book-project-1656/frontend/src/shared/book-display/BookList.css
2025-09-23 13:40:27,185 - Knowledge - INFO - adding /app/data/kaviademo4200/1656/b70881y/book-project-1656/frontend/src/statistics/Stats.tsx to ingest queue
2025-09-23 13:40:27,883 - Knowledge - INFO - persist ingested knowledge for /app/data/kaviademo4200/1656/b70881y/book-project-1656/frontend/src/shared/components/Modal.tsx
2025-09-23 13:40:28,051 - Knowledge - INFO - knowledge worker kw26 start
2025-09-23 13:40:28,052 - Knowledge - WARNING - High connection count: 27 connections active
2025-09-23 13:40:28,360 - Knowledge - INFO - adding /app/data/kaviademo4200/1656/b70881y/book-project-1656/frontend/src/shared/http/HttpClient.ts to ingest queue
2025-09-23 13:40:28,649 - Knowledge - INFO - worker kw27 created with dedicated MongoDB connection (total: 27)
2025-09-23 13:40:28,739 - Knowledge - INFO - adding /app/data/kaviademo4200/1656/b70881y/book-project-1656/frontend/src/setupTests.ts to ingest queue
2025-09-23 13:40:28,814 - Knowledge - INFO - knowledge worker kw27 start
2025-09-23 13:40:28,816 - Knowledge - WARNING - High connection count: 28 connections active
2025-09-23 13:40:28,927 - Knowledge - INFO - worker kw6 pull /app/data/kaviademo4200/1656/b70881y/book-project-1656/frontend/src/shared/book-display/ShelfCarousel.tsx from ingest queue
2025-09-23 13:40:28,928 - Knowledge - INFO - adding /app/data/kaviademo4200/1656/b70881y/book-project-1656/frontend/src/delete-account/DeleteAccount.css to ingest queue
2025-09-23 13:40:29,138 - Knowledge - INFO - worker kw28 created with dedicated MongoDB connection (total: 28)
2025-09-23 13:40:29,255 - Knowledge - INFO - process ingested knowledge for /app/data/kaviademo4200/1656/b70881y/book-project-1656/frontend/src/shared/book-display/ShelfCarousel.tsx
2025-09-23 13:40:29,318 - Knowledge - INFO - worker kw15 pull /app/data/kaviademo4200/1656/b70881y/book-project-1656/frontend/src/shared/book-display/ShelfCarousel.css from ingest queue
2025-09-23 13:40:29,372 - Knowledge - INFO - Found code-base-name: https://github.com/kavia-common/book-project-1656.git:kavia-main
2025-09-23 13:40:29,373 - Knowledge - INFO - Found code-base-name: https://github.com/kavia-common/book-project-1656.git:kavia-main
2025-09-23 13:40:29,373 - Knowledge - INFO - worker kw25 pull /app/data/kaviademo4200/1656/b70881y/book-project-1656/frontend/src/shared/types/Book.ts from ingest queue
2025-09-23 13:40:29,373 - Knowledge - INFO - Found code-base-name: https://github.com/kavia-common/book-project-1656.git:kavia-main
2025-09-23 13:40:29,373 - Knowledge - INFO - Found code-base-name: https://github.com/kavia-common/book-project-1656.git:kavia-main
2025-09-23 13:40:29,373 - Knowledge - INFO - worker kw8 pull /app/data/kaviademo4200/1656/b70881y/book-project-1656/frontend/src/shared/routes.tsx from ingest queue
2025-09-23 13:40:29,409 - Knowledge - INFO - knowledge worker kw28 start
2025-09-23 13:40:29,411 - Knowledge - WARNING - High connection count: 29 connections active
2025-09-23 13:40:29,636 - Knowledge - INFO - process ingested knowledge for /app/data/kaviademo4200/1656/b70881y/book-project-1656/frontend/src/shared/book-display/ShelfCarousel.css
2025-09-23 13:40:29,694 - Knowledge - INFO - Found code_base: <app.utils.kg_build.knowledge.KnowledgeCodeBase object at 0x7f19d0023dd0>
2025-09-23 13:40:29,710 - Knowledge - INFO - Found code-base-name: https://github.com/kavia-common/book-project-1656.git:kavia-main
2025-09-23 13:40:29,710 - Knowledge - INFO - worker kw7 pull /app/data/kaviademo4200/1656/b70881y/book-project-1656/frontend/src/index.css from ingest queue
2025-09-23 13:40:29,763 - Knowledge - INFO - worker kw17 pull /app/data/kaviademo4200/1656/b70881y/book-project-1656/frontend/src/book-overview/BookOverview.css from ingest queue
2025-09-23 13:40:29,763 - Knowledge - INFO - worker kw12 pull /app/data/kaviademo4200/1656/b70881y/book-project-1656/frontend/src/book-overview/BookOverview.tsx from ingest queue
2025-09-23 13:40:29,763 - Knowledge - INFO - worker kw27 pull /app/data/kaviademo4200/1656/b70881y/book-project-1656/frontend/package.json from ingest queue
2025-09-23 13:40:29,803 - Knowledge - INFO - Found code_base: <app.utils.kg_build.knowledge.KnowledgeCodeBase object at 0x7f19d0023dd0>
2025-09-23 13:40:29,810 - Knowledge - INFO - adding /app/data/kaviademo4200/1656/b70881y/book-project-1656/frontend/src/shared/http/verb.ts to ingest queue
2025-09-23 13:40:29,939 - Knowledge - INFO - process ingested knowledge for /app/data/kaviademo4200/1656/b70881y/book-project-1656/frontend/src/shared/types/Book.ts
2025-09-23 13:40:30,095 - Knowledge - INFO - Found code_base: <app.utils.kg_build.knowledge.KnowledgeCodeBase object at 0x7f19d0023dd0>
2025-09-23 13:40:30,191 - Knowledge - INFO - Found code_base: <app.utils.kg_build.knowledge.KnowledgeCodeBase object at 0x7f19d0023dd0>
2025-09-23 13:40:30,343 - Knowledge - INFO - process ingested knowledge for /app/data/kaviademo4200/1656/b70881y/book-project-1656/frontend/src/shared/routes.tsx
2025-09-23 13:40:30,505 - Knowledge - INFO - worker kw29 created with dedicated MongoDB connection (total: 29)
2025-09-23 13:40:30,675 - Knowledge - INFO - persist ingested knowledge for /app/data/kaviademo4200/1656/b70881y/book-project-1656/frontend/src/shared/components/Search.tsx
2025-09-23 13:40:30,763 - Knowledge - INFO - Found code_base: <app.utils.kg_build.knowledge.KnowledgeCodeBase object at 0x7f19d0023dd0>
2025-09-23 13:40:30,886 - Knowledge - INFO - process ingested knowledge for /app/data/kaviademo4200/1656/b70881y/book-project-1656/frontend/src/index.css
2025-09-23 13:40:30,961 - Knowledge - INFO - process ingested knowledge for /app/data/kaviademo4200/1656/b70881y/book-project-1656/frontend/src/book-overview/BookOverview.css
2025-09-23 13:40:31,085 - Knowledge - INFO - process ingested knowledge for /app/data/kaviademo4200/1656/b70881y/book-project-1656/frontend/src/book-overview/BookOverview.tsx
2025-09-23 13:40:31,216 - Knowledge - INFO - process ingested knowledge for /app/data/kaviademo4200/1656/b70881y/book-project-1656/frontend/package.json
2025-09-23 13:40:31,258 - Knowledge - INFO - persist ingested knowledge for /app/data/kaviademo4200/1656/b70881y/book-project-1656/frontend/src/shared/components/Layout.tsx
2025-09-23 13:40:31,383 - Knowledge - INFO - adding /app/data/kaviademo4200/1656/b70881y/book-project-1656/frontend/src/shared/theme.tsx to ingest queue
2025-09-23 13:40:31,531 - Knowledge - INFO - persist ingested knowledge for /app/data/kaviademo4200/1656/b70881y/book-project-1656/frontend/src/shared/book-display/BookList.tsx
2025-09-23 13:40:31,610 - Knowledge - INFO - persist ingested knowledge for /app/data/kaviademo4200/1656/b70881y/book-project-1656/frontend/src/shared/book-display/ShelfView.tsx
2025-09-23 13:40:31,851 - Knowledge - INFO - knowledge worker kw29 start
2025-09-23 13:40:31,852 - Knowledge - WARNING - High connection count: 30 connections active
2025-09-23 13:40:32,013 - Knowledge - INFO - persist ingested knowledge for /app/data/kaviademo4200/1656/b70881y/book-project-1656/frontend/src/shared/book-display/BookList.css
2025-09-23 13:40:32,589 - Knowledge - INFO - adding /app/data/kaviademo4200/1656/b70881y/book-project-1656/frontend/src/shared/navigation/NavBar.tsx to ingest queue
2025-09-23 13:40:33,004 - Knowledge - INFO - worker kw30 created with dedicated MongoDB connection (total: 30)
2025-09-23 13:40:33,230 - Knowledge - INFO - Found code-base-name: https://github.com/kavia-common/book-project-1656.git:kavia-main
2025-09-23 13:40:33,230 - Knowledge - INFO - adding /app/data/kaviademo4200/1656/b70881y/book-project-1656/frontend/src/shared/form/Password.tsx to ingest queue
2025-09-23 13:40:33,311 - Knowledge - INFO - knowledge worker kw30 start
2025-09-23 13:40:33,434 - Knowledge - INFO - Found code_base: <app.utils.kg_build.knowledge.KnowledgeCodeBase object at 0x7f19d0023dd0>
2025-09-23 13:40:33,524 - Knowledge - INFO - adding /app/data/kaviademo4200/1656/b70881y/book-project-1656/frontend/src/shared/form/PasswordStrengthMeter.tsx to ingest queue
2025-09-23 13:40:33,706 - Knowledge - INFO - persist ingested knowledge for /app/data/kaviademo4200/1656/b70881y/book-project-1656/frontend/src/shared/book-display/ShelfCarousel.tsx
2025-09-23 13:40:33,815 - Knowledge - INFO - adding /app/data/kaviademo4200/1656/b70881y/book-project-1656/frontend/src/shared/form/EmailAddress.tsx to ingest queue
2025-09-23 13:40:33,980 - Knowledge - INFO - adding /app/data/kaviademo4200/1656/b70881y/book-project-1656/frontend/src/shared/components/Layout.css to ingest queue
2025-09-23 13:40:34,065 - Knowledge - INFO - adding /app/data/kaviademo4200/1656/b70881y/book-project-1656/frontend/src/shared/components/SearchResults.tsx to ingest queue
2025-09-23 13:40:34,149 - Knowledge - INFO - worker kw26 pull /app/data/kaviademo4200/1656/b70881y/book-project-1656/frontend/tsconfig.json from ingest queue
2025-09-23 13:40:34,150 - Knowledge - INFO - Found code-base-name: https://github.com/kavia-common/book-project-1656.git:kavia-main
2025-09-23 13:40:34,151 - Knowledge - INFO - worker kw2 pull /app/data/kaviademo4200/1656/b70881y/book-project-1656/frontend/start.sh from ingest queue
2025-09-23 13:40:34,151 - Knowledge - INFO - adding /app/data/kaviademo4200/1656/b70881y/book-project-1656/frontend/src/shared/components/Modal.tsx to ingest queue
2025-09-23 13:40:34,281 - Knowledge - INFO - process ingested knowledge for /app/data/kaviademo4200/1656/b70881y/book-project-1656/frontend/tsconfig.json
2025-09-23 13:40:34,359 - Knowledge - INFO - Found code_base: <app.utils.kg_build.knowledge.KnowledgeCodeBase object at 0x7f19d0023dd0>
2025-09-23 13:40:34,510 - Knowledge - INFO - process ingested knowledge for /app/data/kaviademo4200/1656/b70881y/book-project-1656/frontend/start.sh
2025-09-23 13:40:34,584 - Knowledge - INFO - worker kw28 pull /app/data/kaviademo4200/1656/b70881y/book-project-1656/frontend/public/index.html from ingest queue
2025-09-23 13:40:34,585 - Knowledge - INFO - Found code-base-name: https://github.com/kavia-common/book-project-1656.git:kavia-main
2025-09-23 13:40:34,586 - Knowledge - INFO - worker kw16 pull /app/data/kaviademo4200/1656/b70881y/book-project-1656/frontend/public/robots.txt from ingest queue
2025-09-23 13:40:34,586 - Knowledge - INFO - adding /app/data/kaviademo4200/1656/b70881y/book-project-1656/frontend/src/shared/navigation/NavBar.css to ingest queue
2025-09-23 13:40:34,794 - Knowledge - INFO - persist ingested knowledge for /app/data/kaviademo4200/1656/b70881y/book-project-1656/frontend/src/shared/components/Search.css
2025-09-23 13:40:35,041 - Knowledge - INFO - process ingested knowledge for /app/data/kaviademo4200/1656/b70881y/book-project-1656/frontend/public/index.html
2025-09-23 13:40:35,100 - Knowledge - INFO - Found code_base: <app.utils.kg_build.knowledge.KnowledgeCodeBase object at 0x7f19d0023dd0>
2025-09-23 13:40:35,226 - Knowledge - INFO - process ingested knowledge for /app/data/kaviademo4200/1656/b70881y/book-project-1656/frontend/public/robots.txt
2025-09-23 13:40:35,274 - Knowledge - INFO - Found code-base-name: https://github.com/kavia-common/book-project-1656.git:kavia-main
2025-09-23 13:40:35,326 - Knowledge - INFO - Found code-base-name: https://github.com/kavia-common/book-project-1656.git:kavia-main
2025-09-23 13:40:35,326 - Knowledge - INFO - Found code-base-name: https://github.com/kavia-common/book-project-1656.git:kavia-main
2025-09-23 13:40:35,326 - Knowledge - INFO - Found code-base-name: https://github.com/kavia-common/book-project-1656.git:kavia-main
2025-09-23 13:40:35,326 - Knowledge - INFO - Found code-base-name: https://github.com/kavia-common/book-project-1656.git:kavia-main
2025-09-23 13:40:35,378 - Knowledge - INFO - adding /app/data/kaviademo4200/1656/b70881y/book-project-1656/frontend/src/shared/components/Layout.tsx to ingest queue
2025-09-23 13:40:35,567 - Knowledge - INFO - persist ingested knowledge for /app/data/kaviademo4200/1656/b70881y/book-project-1656/frontend/src/shared/book-display/ShelfCarousel.css
2025-09-23 13:40:35,793 - Knowledge - INFO - Found code_base: <app.utils.kg_build.knowledge.KnowledgeCodeBase object at 0x7f19d0023dd0>
2025-09-23 13:40:35,905 - Knowledge - INFO - Found code_base: <app.utils.kg_build.knowledge.KnowledgeCodeBase object at 0x7f19d0023dd0>
2025-09-23 13:40:36,005 - Knowledge - INFO - Found code_base: <app.utils.kg_build.knowledge.KnowledgeCodeBase object at 0x7f19d0023dd0>
2025-09-23 13:40:36,127 - Knowledge - INFO - Found code_base: <app.utils.kg_build.knowledge.KnowledgeCodeBase object at 0x7f19d0023dd0>
2025-09-23 13:40:36,217 - Knowledge - INFO - Found code_base: <app.utils.kg_build.knowledge.KnowledgeCodeBase object at 0x7f19d0023dd0>
2025-09-23 13:40:36,401 - Knowledge - INFO - worker kw29 pull /app/data/kaviademo4200/1656/b70881y/book-project-1656/frontend/public/manifest.json from ingest queue
2025-09-23 13:40:36,453 - Knowledge - INFO - adding /app/data/kaviademo4200/1656/b70881y/book-project-1656/frontend/src/shared/book-display/BookList.css to ingest queue
2025-09-23 13:40:36,503 - Knowledge - INFO - persist ingested knowledge for /app/data/kaviademo4200/1656/b70881y/book-project-1656/frontend/src/shared/routes.tsx
2025-09-23 13:40:36,621 - Knowledge - INFO - persist ingested knowledge for /app/data/kaviademo4200/1656/b70881y/book-project-1656/frontend/src/index.css
2025-09-23 13:40:36,724 - Knowledge - INFO - persist ingested knowledge for /app/data/kaviademo4200/1656/b70881y/book-project-1656/frontend/src/book-overview/BookOverview.css
2025-09-23 13:40:36,813 - Knowledge - INFO - persist ingested knowledge for /app/data/kaviademo4200/1656/b70881y/book-project-1656/frontend/src/book-overview/BookOverview.tsx
2025-09-23 13:40:36,906 - Knowledge - INFO - persist ingested knowledge for /app/data/kaviademo4200/1656/b70881y/book-project-1656/frontend/package.json
2025-09-23 13:40:37,034 - Knowledge - INFO - process ingested knowledge for /app/data/kaviademo4200/1656/b70881y/book-project-1656/frontend/public/manifest.json
2025-09-23 13:40:37,086 - Knowledge - INFO - worker kw4 pull /app/data/kaviademo4200/1656/b70881y/book-project-1656/backend/commons/src/main/java/com/karankumar/bookproject/ExcludeFromJacocoGeneratedReport.java from ingest queue
2025-09-23 13:40:37,087 - Knowledge - INFO - worker kw30 pull /app/data/kaviademo4200/1656/b70881y/book-project-1656/backend/commons/pom.xml from ingest queue
2025-09-23 13:40:37,147 - Knowledge - INFO - worker kw9 pull /app/data/kaviademo4200/1656/b70881y/book-project-1656/backend/email-service/src/test/java/com/karankumar/bookproject/mock/MockEmailTemplate.java from ingest queue
2025-09-23 13:40:37,147 - Knowledge - INFO - worker kw10 pull /app/data/kaviademo4200/1656/b70881y/book-project-1656/backend/email-service/src/test/java/com/karankumar/bookproject/book/service/EmailServiceTest.java from ingest queue
2025-09-23 13:40:37,147 - Knowledge - INFO - adding /app/data/kaviademo4200/1656/b70881y/book-project-1656/frontend/src/shared/api/endpoints.ts to ingest queue
2025-09-23 13:40:37,784 - Knowledge - INFO - process ingested knowledge for /app/data/kaviademo4200/1656/b70881y/book-project-1656/backend/commons/src/main/java/com/karankumar/bookproject/ExcludeFromJacocoGeneratedReport.java
2025-09-23 13:40:37,993 - Knowledge - INFO - process ingested knowledge for /app/data/kaviademo4200/1656/b70881y/book-project-1656/backend/commons/pom.xml
2025-09-23 13:40:38,106 - Knowledge - INFO - process ingested knowledge for /app/data/kaviademo4200/1656/b70881y/book-project-1656/backend/email-service/src/test/java/com/karankumar/bookproject/mock/MockEmailTemplate.java
2025-09-23 13:40:38,177 - Knowledge - INFO - process ingested knowledge for /app/data/kaviademo4200/1656/b70881y/book-project-1656/backend/email-service/src/test/java/com/karankumar/bookproject/book/service/EmailServiceTest.java
2025-09-23 13:40:38,248 - Knowledge - INFO - Found code-base-name: https://github.com/kavia-common/book-project-1656.git:kavia-main
2025-09-23 13:40:38,684 - Knowledge - INFO - Found code_base: <app.utils.kg_build.knowledge.KnowledgeCodeBase object at 0x7f19d0023dd0>
2025-09-23 13:40:38,250 - Knowledge - INFO - Found code-base-name: https://github.com/kavia-common/book-project-1656.git:kavia-main
2025-09-23 13:40:38,250 - Knowledge - INFO - worker kw3 pull /app/data/kaviademo4200/1656/b70881y/book-project-1656/backend/email-service/src/test/resources/mail-templates/template-thymeleaf.html from ingest queue
2025-09-23 13:40:38,250 - Knowledge - INFO - adding /app/data/kaviademo4200/1656/b70881y/book-project-1656/frontend/src/shared/components/Search.tsx to ingest queue
2025-09-23 13:40:38,248 - Knowledge - INFO - Found code-base-name: https://github.com/kavia-common/book-project-1656.git:kavia-main
2025-09-23 13:40:38,780 - Knowledge - INFO - persist ingested knowledge for /app/data/kaviademo4200/1656/b70881y/book-project-1656/frontend/src/shared/types/Book.ts
2025-09-23 13:40:38,873 - Knowledge - INFO - Found code_base: <app.utils.kg_build.knowledge.KnowledgeCodeBase object at 0x7f19d0023dd0>
2025-09-23 13:40:38,995 - Knowledge - INFO - process ingested knowledge for /app/data/kaviademo4200/1656/b70881y/book-project-1656/backend/email-service/src/test/resources/mail-templates/template-thymeleaf.html
2025-09-23 13:40:39,084 - Knowledge - INFO - worker kw18 pull /app/data/kaviademo4200/1656/b70881y/book-project-1656/backend/email-service/src/main/java/com/karankumar/bookproject/configuration/EmailConfiguration.java from ingest queue
2025-09-23 13:40:39,086 - Knowledge - INFO - Found code-base-name: https://github.com/kavia-common/book-project-1656.git:kavia-main
2025-09-23 13:40:39,086 - Knowledge - INFO - worker kw23 pull /app/data/kaviademo4200/1656/b70881y/book-project-1656/backend/email-service/src/main/java/com/karankumar/bookproject/configuration/ThymeleafConfiguration.java from ingest queue
2025-09-23 13:40:39,086 - Knowledge - INFO - adding /app/data/kaviademo4200/1656/b70881y/book-project-1656/frontend/src/shared/book-display/BookList.tsx to ingest queue
2025-09-23 13:40:39,162 - Knowledge - INFO - Found code_base: <app.utils.kg_build.knowledge.KnowledgeCodeBase object at 0x7f19d0023dd0>
2025-09-23 13:40:39,386 - Knowledge - INFO - persist ingested knowledge for /app/data/kaviademo4200/1656/b70881y/book-project-1656/frontend/start.sh
2025-09-23 13:40:39,614 - Knowledge - INFO - process ingested knowledge for /app/data/kaviademo4200/1656/b70881y/book-project-1656/backend/email-service/src/main/java/com/karankumar/bookproject/configuration/EmailConfiguration.java
2025-09-23 13:40:39,671 - Knowledge - INFO - Found code_base: <app.utils.kg_build.knowledge.KnowledgeCodeBase object at 0x7f19d0023dd0>
2025-09-23 13:40:39,781 - Knowledge - INFO - process ingested knowledge for /app/data/kaviademo4200/1656/b70881y/book-project-1656/backend/email-service/src/main/java/com/karankumar/bookproject/configuration/ThymeleafConfiguration.java
2025-09-23 13:40:39,899 - Knowledge - INFO - worker kw19 pull /app/data/kaviademo4200/1656/b70881y/book-project-1656/backend/email-service/src/main/java/com/karankumar/bookproject/template/EmailTemplate.java from ingest queue
2025-09-23 13:40:39,899 - Knowledge - INFO - worker kw20 pull /app/data/kaviademo4200/1656/b70881y/book-project-1656/backend/email-service/src/main/java/com/karankumar/bookproject/constant/EmailConstant.java from ingest queue
2025-09-23 13:40:39,899 - Knowledge - INFO - adding /app/data/kaviademo4200/1656/b70881y/book-project-1656/frontend/src/shared/book-display/ShelfCarousel.tsx to ingest queue
2025-09-23 13:40:39,966 - Knowledge - INFO - persist ingested knowledge for /app/data/kaviademo4200/1656/b70881y/book-project-1656/frontend/tsconfig.json
2025-09-23 13:40:40,216 - Knowledge - INFO - persist ingested knowledge for /app/data/kaviademo4200/1656/b70881y/book-project-1656/frontend/public/index.html
2025-09-23 13:40:40,450 - Knowledge - INFO - process ingested knowledge for /app/data/kaviademo4200/1656/b70881y/book-project-1656/backend/email-service/src/main/java/com/karankumar/bookproject/template/EmailTemplate.java
2025-09-23 13:40:40,573 - Knowledge - INFO - process ingested knowledge for /app/data/kaviademo4200/1656/b70881y/book-project-1656/backend/email-service/src/main/java/com/karankumar/bookproject/constant/EmailConstant.java
2025-09-23 13:40:40,674 - Knowledge - INFO - worker kw6 pull /app/data/kaviademo4200/1656/b70881y/book-project-1656/backend/email-service/src/main/java/com/karankumar/bookproject/EmailService.java from ingest queue
2025-09-23 13:40:40,883 - Knowledge - INFO - Found code-base-name: https://github.com/kavia-common/book-project-1656.git:kavia-main
2025-09-23 13:40:40,883 - Knowledge - INFO - worker kw11 pull /app/data/kaviademo4200/1656/b70881y/book-project-1656/backend/email-service/src/main/java/com/karankumar/bookproject/book/service/FakeEmailService.java from ingest queue
2025-09-23 13:40:40,883 - Knowledge - INFO - Found code-base-name: https://github.com/kavia-common/book-project-1656.git:kavia-main
2025-09-23 13:40:40,883 - Knowledge - INFO - Found code-base-name: https://github.com/kavia-common/book-project-1656.git:kavia-main
2025-09-23 13:40:40,883 - Knowledge - INFO - Found code-base-name: https://github.com/kavia-common/book-project-1656.git:kavia-main
2025-09-23 13:40:40,883 - Knowledge - INFO - Found code-base-name: https://github.com/kavia-common/book-project-1656.git:kavia-main
2025-09-23 13:40:40,883 - Knowledge - INFO - Found code-base-name: https://github.com/kavia-common/book-project-1656.git:kavia-main
2025-09-23 13:40:40,883 - Knowledge - INFO - worker kw13 pull /app/data/kaviademo4200/1656/b70881y/book-project-1656/backend/email-service/src/main/java/com/karankumar/bookproject/book/service/EmailService.java from ingest queue
2025-09-23 13:40:40,931 - Knowledge - INFO - Found code-base-name: https://github.com/kavia-common/book-project-1656.git:kavia-main
2025-09-23 13:40:40,931 - Knowledge - INFO - worker kw14 pull /app/data/kaviademo4200/1656/b70881y/book-project-1656/backend/email-service/src/main/java/com/karankumar/bookproject/book/service/EmailServiceImpl.java from ingest queue
2025-09-23 13:40:40,931 - Knowledge - INFO - worker kw24 pull /app/data/kaviademo4200/1656/b70881y/book-project-1656/backend/email-service/src/main/resources/templates/template-thymeleaf.html from ingest queue
2025-09-23 13:40:40,984 - Knowledge - INFO - Found code-base-name: https://github.com/kavia-common/book-project-1656.git:kavia-main
2025-09-23 13:40:40,984 - Knowledge - INFO - Found code-base-name: https://github.com/kavia-common/book-project-1656.git:kavia-main
2025-09-23 13:40:41,030 - Knowledge - INFO - worker kw21 pull /app/data/kaviademo4200/1656/b70881y/book-project-1656/backend/email-service/pom.xml from ingest queue
2025-09-23 13:40:41,031 - Knowledge - INFO - adding /app/data/kaviademo4200/1656/b70881y/book-project-1656/frontend/src/index.css to ingest queue
2025-09-23 13:40:41,158 - Knowledge - INFO - process ingested knowledge for /app/data/kaviademo4200/1656/b70881y/book-project-1656/backend/email-service/src/main/java/com/karankumar/bookproject/EmailService.java
2025-09-23 13:40:41,238 - Knowledge - INFO - Found code_base: <app.utils.kg_build.knowledge.KnowledgeCodeBase object at 0x7f19d0023dd0>
2025-09-23 13:40:41,381 - Knowledge - INFO - process ingested knowledge for /app/data/kaviademo4200/1656/b70881y/book-project-1656/backend/email-service/src/main/java/com/karankumar/bookproject/book/service/FakeEmailService.java
2025-09-23 13:40:41,439 - Knowledge - INFO - Found code_base: <app.utils.kg_build.knowledge.KnowledgeCodeBase object at 0x7f19d0023dd0>
2025-09-23 13:40:41,557 - Knowledge - INFO - Found code_base: <app.utils.kg_build.knowledge.KnowledgeCodeBase object at 0x7f19d0023dd0>
2025-09-23 13:40:41,664 - Knowledge - INFO - Found code_base: <app.utils.kg_build.knowledge.KnowledgeCodeBase object at 0x7f19d0023dd0>
2025-09-23 13:40:41,754 - Knowledge - INFO - Found code_base: <app.utils.kg_build.knowledge.KnowledgeCodeBase object at 0x7f19d0023dd0>
2025-09-23 13:40:41,839 - Knowledge - INFO - Found code_base: <app.utils.kg_build.knowledge.KnowledgeCodeBase object at 0x7f19d0023dd0>
2025-09-23 13:40:41,957 - Knowledge - INFO - process ingested knowledge for /app/data/kaviademo4200/1656/b70881y/book-project-1656/backend/email-service/src/main/java/com/karankumar/bookproject/book/service/EmailService.java
2025-09-23 13:40:42,007 - Knowledge - INFO - Found code_base: <app.utils.kg_build.knowledge.KnowledgeCodeBase object at 0x7f19d0023dd0>
2025-09-23 13:40:42,159 - Knowledge - INFO - process ingested knowledge for /app/data/kaviademo4200/1656/b70881y/book-project-1656/backend/email-service/src/main/java/com/karankumar/bookproject/book/service/EmailServiceImpl.java
2025-09-23 13:40:42,262 - Knowledge - INFO - process ingested knowledge for /app/data/kaviademo4200/1656/b70881y/book-project-1656/backend/email-service/src/main/resources/templates/template-thymeleaf.html
2025-09-23 13:40:42,317 - Knowledge - INFO - Found code_base: <app.utils.kg_build.knowledge.KnowledgeCodeBase object at 0x7f19d0023dd0>
2025-09-23 13:40:42,423 - Knowledge - INFO - Found code_base: <app.utils.kg_build.knowledge.KnowledgeCodeBase object at 0x7f19d0023dd0>
2025-09-23 13:40:42,528 - Knowledge - INFO - process ingested knowledge for /app/data/kaviademo4200/1656/b70881y/book-project-1656/backend/email-service/pom.xml
2025-09-23 13:40:42,664 - Knowledge - INFO - adding /app/data/kaviademo4200/1656/b70881y/book-project-1656/frontend/src/book-overview/BookOverview.tsx to ingest queue
2025-09-23 13:40:42,801 - Knowledge - INFO - persist ingested knowledge for /app/data/kaviademo4200/1656/b70881y/book-project-1656/frontend/public/manifest.json
2025-09-23 13:40:42,983 - Knowledge - INFO - persist ingested knowledge for /app/data/kaviademo4200/1656/b70881y/book-project-1656/backend/commons/src/main/java/com/karankumar/bookproject/ExcludeFromJacocoGeneratedReport.java
2025-09-23 13:40:43,077 - Knowledge - INFO - persist ingested knowledge for /app/data/kaviademo4200/1656/b70881y/book-project-1656/backend/commons/pom.xml
2025-09-23 13:40:43,196 - Knowledge - INFO - persist ingested knowledge for /app/data/kaviademo4200/1656/b70881y/book-project-1656/backend/email-service/src/test/java/com/karankumar/bookproject/mock/MockEmailTemplate.java
2025-09-23 13:40:43,272 - Knowledge - INFO - persist ingested knowledge for /app/data/kaviademo4200/1656/b70881y/book-project-1656/backend/email-service/src/test/java/com/karankumar/bookproject/book/service/EmailServiceTest.java
2025-09-23 13:40:43,348 - Knowledge - INFO - persist ingested knowledge for /app/data/kaviademo4200/1656/b70881y/book-project-1656/frontend/public/robots.txt
2025-09-23 13:40:43,543 - Knowledge - INFO - persist ingested knowledge for /app/data/kaviademo4200/1656/b70881y/book-project-1656/backend/email-service/src/test/resources/mail-templates/template-thymeleaf.html
2025-09-23 13:40:43,805 - Knowledge - INFO - persist ingested knowledge for /app/data/kaviademo4200/1656/b70881y/book-project-1656/backend/email-service/src/main/java/com/karankumar/bookproject/configuration/EmailConfiguration.java
2025-09-23 13:40:43,901 - Knowledge - INFO - persist ingested knowledge for /app/data/kaviademo4200/1656/b70881y/book-project-1656/backend/email-service/src/main/java/com/karankumar/bookproject/configuration/ThymeleafConfiguration.java
2025-09-23 13:40:44,178 - Knowledge - INFO - adding /app/data/kaviademo4200/1656/b70881y/book-project-1656/frontend/package.json to ingest queue
2025-09-23 13:40:45,162 - Knowledge - INFO - adding /app/data/kaviademo4200/1656/b70881y/book-project-1656/frontend/src/shared/book-display/ShelfView.tsx to ingest queue
2025-09-23 13:40:45,246 - Knowledge - INFO - adding /app/data/kaviademo4200/1656/b70881y/book-project-1656/frontend/src/shared/book-display/ShelfCarousel.css to ingest queue
2025-09-23 13:40:45,333 - Knowledge - INFO - worker kw22 pull /app/data/kaviademo4200/1656/b70881y/book-project-1656/backend/book-app/src/test/java/com/karankumar/bookproject/integration/JwtTokenVerifierIntegrationTest.java from ingest queue
2025-09-23 13:40:45,334 - Knowledge - INFO - Found code-base-name: https://github.com/kavia-common/book-project-1656.git:kavia-main
2025-09-23 13:40:45,334 - Knowledge - INFO - adding /app/data/kaviademo4200/1656/b70881y/book-project-1656/frontend/src/shared/types/Book.ts to ingest queue
2025-09-23 13:40:45,459 - Knowledge - INFO - process ingested knowledge for /app/data/kaviademo4200/1656/b70881y/book-project-1656/backend/book-app/src/test/java/com/karankumar/bookproject/integration/JwtTokenVerifierIntegrationTest.java
2025-09-23 13:40:45,552 - Knowledge - INFO - Found code_base: <app.utils.kg_build.knowledge.KnowledgeCodeBase object at 0x7f19d0023dd0>
2025-09-23 13:40:45,631 - Knowledge - INFO - adding /app/data/kaviademo4200/1656/b70881y/book-project-1656/frontend/src/book-overview/BookOverview.css to ingest queue
2025-09-23 13:40:45,792 - Knowledge - INFO - persist ingested knowledge for /app/data/kaviademo4200/1656/b70881y/book-project-1656/backend/email-service/src/main/java/com/karankumar/bookproject/template/EmailTemplate.java
2025-09-23 13:40:45,871 - Knowledge - INFO - adding /app/data/kaviademo4200/1656/b70881y/book-project-1656/frontend/src/shared/routes.tsx to ingest queue
2025-09-23 13:40:46,066 - Knowledge - INFO - Found code-base-name: https://github.com/kavia-common/book-project-1656.git:kavia-main
2025-09-23 13:40:46,066 - Knowledge - INFO - worker kw7 pull /app/data/kaviademo4200/1656/b70881y/book-project-1656/backend/book-app/src/test/java/com/karankumar/bookproject/integration/ReadingGoalControllerIntegrationTest.java from ingest queue
2025-09-23 13:40:46,067 - Knowledge - INFO - adding /app/data/kaviademo4200/1656/b70881y/book-project-1656/frontend/tsconfig.json to ingest queue
2025-09-23 13:40:46,149 - Knowledge - INFO - Found code_base: <app.utils.kg_build.knowledge.KnowledgeCodeBase object at 0x7f19d0023dd0>
2025-09-23 13:40:46,282 - Knowledge - INFO - process ingested knowledge for /app/data/kaviademo4200/1656/b70881y/book-project-1656/backend/book-app/src/test/java/com/karankumar/bookproject/integration/ReadingGoalControllerIntegrationTest.java
2025-09-23 13:40:46,320 - Knowledge - INFO - Found code-base-name: https://github.com/kavia-common/book-project-1656.git:kavia-main
2025-09-23 13:40:46,321 - Knowledge - INFO - Found code-base-name: https://github.com/kavia-common/book-project-1656.git:kavia-main
2025-09-23 13:40:46,321 - Knowledge - INFO - Found code-base-name: https://github.com/kavia-common/book-project-1656.git:kavia-main
2025-09-23 13:40:46,321 - Knowledge - INFO - Found code-base-name: https://github.com/kavia-common/book-project-1656.git:kavia-main
2025-09-23 13:40:46,321 - Knowledge - INFO - Found code-base-name: https://github.com/kavia-common/book-project-1656.git:kavia-main
2025-09-23 13:40:46,322 - Knowledge - INFO - worker kw12 pull /app/data/kaviademo4200/1656/b70881y/book-project-1656/backend/book-app/src/test/java/com/karankumar/bookproject/integration/UserControllerIntegrationTest.java from ingest queue
2025-09-23 13:40:46,323 - Knowledge - INFO - adding /app/data/kaviademo4200/1656/b70881y/book-project-1656/frontend/public/index.html to ingest queue
2025-09-23 13:40:46,421 - Knowledge - INFO - persist ingested knowledge for /app/data/kaviademo4200/1656/b70881y/book-project-1656/backend/email-service/src/main/java/com/karankumar/bookproject/constant/EmailConstant.java
2025-09-23 13:40:46,594 - Knowledge - INFO - Found code_base: <app.utils.kg_build.knowledge.KnowledgeCodeBase object at 0x7f19d0023dd0>
2025-09-23 13:40:46,680 - Knowledge - INFO - Found code_base: <app.utils.kg_build.knowledge.KnowledgeCodeBase object at 0x7f19d0023dd0>
2025-09-23 13:40:46,760 - Knowledge - INFO - Found code_base: <app.utils.kg_build.knowledge.KnowledgeCodeBase object at 0x7f19d0023dd0>
2025-09-23 13:40:46,845 - Knowledge - INFO - Found code_base: <app.utils.kg_build.knowledge.KnowledgeCodeBase object at 0x7f19d0023dd0>
2025-09-23 13:40:46,923 - Knowledge - INFO - Found code_base: <app.utils.kg_build.knowledge.KnowledgeCodeBase object at 0x7f19d0023dd0>
2025-09-23 13:40:47,032 - Knowledge - INFO - process ingested knowledge for /app/data/kaviademo4200/1656/b70881y/book-project-1656/backend/book-app/src/test/java/com/karankumar/bookproject/integration/UserControllerIntegrationTest.java
2025-09-23 13:40:47,322 - Knowledge - INFO - persist ingested knowledge for /app/data/kaviademo4200/1656/b70881y/book-project-1656/backend/email-service/src/main/java/com/karankumar/bookproject/book/service/FakeEmailService.java
2025-09-23 13:40:47,403 - Knowledge - INFO - persist ingested knowledge for /app/data/kaviademo4200/1656/b70881y/book-project-1656/backend/email-service/src/main/java/com/karankumar/bookproject/book/service/EmailService.java
2025-09-23 13:40:47,487 - Knowledge - INFO - persist ingested knowledge for /app/data/kaviademo4200/1656/b70881y/book-project-1656/backend/email-service/src/main/java/com/karankumar/bookproject/book/service/EmailServiceImpl.java
2025-09-23 13:40:47,508 - Knowledge - INFO - worker kw27 pull /app/data/kaviademo4200/1656/b70881y/book-project-1656/backend/book-app/src/test/java/com/karankumar/bookproject/bookimport/ImportServiceTest.java from ingest queue
2025-09-23 13:40:47,508 - Knowledge - INFO - worker kw1 pull /app/data/kaviademo4200/1656/b70881y/book-project-1656/backend/book-app/src/test/java/com/karankumar/bookproject/bookimport/mapper/LibraryThingMapperTest.java from ingest queue
2025-09-23 13:40:47,508 - Knowledge - INFO - worker kw15 pull /app/data/kaviademo4200/1656/b70881y/book-project-1656/backend/book-app/src/test/java/com/karankumar/bookproject/util/StringUtilsTest.java from ingest queue
2025-09-23 13:40:47,508 - Knowledge - INFO - worker kw25 pull /app/data/kaviademo4200/1656/b70881y/book-project-1656/backend/book-app/src/test/java/com/karankumar/bookproject/util/BookUtilsTest.java from ingest queue
2025-09-23 13:40:47,508 - Knowledge - INFO - worker kw17 pull /app/data/kaviademo4200/1656/b70881y/book-project-1656/backend/book-app/src/test/java/com/karankumar/bookproject/util/UserCreatedShelfUtilsTest.java from ingest queue
2025-09-23 13:40:47,508 - Knowledge - INFO - worker kw8 pull /app/data/kaviademo4200/1656/b70881y/book-project-1656/backend/book-app/src/test/java/com/karankumar/bookproject/util/ReadingGoalTestUtils.java from ingest queue
2025-09-23 13:40:47,509 - Knowledge - INFO - worker kw26 pull /app/data/kaviademo4200/1656/b70881y/book-project-1656/backend/book-app/src/test/java/com/karankumar/bookproject/util/SecurityTestUtils.java from ingest queue
2025-09-23 13:40:47,509 - Knowledge - INFO - worker kw28 pull /app/data/kaviademo4200/1656/b70881y/book-project-1656/backend/book-app/src/test/java/com/karankumar/bookproject/util/CsvUtilsTest.java from ingest queue
2025-09-23 13:40:47,509 - Knowledge - INFO - adding /app/data/kaviademo4200/1656/b70881y/book-project-1656/backend/commons/pom.xml to ingest queue
2025-09-23 13:40:47,579 - Knowledge - INFO - persist ingested knowledge for /app/data/kaviademo4200/1656/b70881y/book-project-1656/backend/email-service/src/main/resources/templates/template-thymeleaf.html
2025-09-23 13:40:47,711 - Knowledge - INFO - persist ingested knowledge for /app/data/kaviademo4200/1656/b70881y/book-project-1656/backend/email-service/pom.xml
2025-09-23 13:40:48,246 - Knowledge - INFO - process ingested knowledge for /app/data/kaviademo4200/1656/b70881y/book-project-1656/backend/book-app/src/test/java/com/karankumar/bookproject/bookimport/ImportServiceTest.java
2025-09-23 13:40:48,342 - Knowledge - INFO - process ingested knowledge for /app/data/kaviademo4200/1656/b70881y/book-project-1656/backend/book-app/src/test/java/com/karankumar/bookproject/bookimport/mapper/LibraryThingMapperTest.java
2025-09-23 13:40:48,432 - Knowledge - INFO - process ingested knowledge for /app/data/kaviademo4200/1656/b70881y/book-project-1656/backend/book-app/src/test/java/com/karankumar/bookproject/util/StringUtilsTest.java
2025-09-23 13:40:48,530 - Knowledge - INFO - process ingested knowledge for /app/data/kaviademo4200/1656/b70881y/book-project-1656/backend/book-app/src/test/java/com/karankumar/bookproject/util/BookUtilsTest.java
2025-09-23 13:40:48,656 - Knowledge - INFO - process ingested knowledge for /app/data/kaviademo4200/1656/b70881y/book-project-1656/backend/book-app/src/test/java/com/karankumar/bookproject/util/UserCreatedShelfUtilsTest.java
2025-09-23 13:40:48,755 - Knowledge - INFO - process ingested knowledge for /app/data/kaviademo4200/1656/b70881y/book-project-1656/backend/book-app/src/test/java/com/karankumar/bookproject/util/ReadingGoalTestUtils.java
2025-09-23 13:40:48,880 - Knowledge - INFO - process ingested knowledge for /app/data/kaviademo4200/1656/b70881y/book-project-1656/backend/book-app/src/test/java/com/karankumar/bookproject/util/SecurityTestUtils.java
2025-09-23 13:40:48,992 - Knowledge - INFO - process ingested knowledge for /app/data/kaviademo4200/1656/b70881y/book-project-1656/backend/book-app/src/test/java/com/karankumar/bookproject/util/CsvUtilsTest.java
2025-09-23 13:40:49,100 - Knowledge - INFO - adding /app/data/kaviademo4200/1656/b70881y/book-project-1656/backend/email-service/src/test/java/com/karankumar/bookproject/mock/MockEmailTemplate.java to ingest queue
2025-09-23 13:40:50,162 - Knowledge - INFO - adding /app/data/kaviademo4200/1656/b70881y/book-project-1656/backend/email-service/src/test/java/com/karankumar/bookproject/book/service/EmailServiceTest.java to ingest queue
2025-09-23 13:40:50,265 - Knowledge - INFO - adding /app/data/kaviademo4200/1656/b70881y/book-project-1656/frontend/public/robots.txt to ingest queue
2025-09-23 13:40:50,361 - Knowledge - INFO - adding /app/data/kaviademo4200/1656/b70881y/book-project-1656/backend/email-service/src/test/resources/mail-templates/template-thymeleaf.html to ingest queue
2025-09-23 13:40:50,462 - Knowledge - INFO - worker kw3 pull /app/data/kaviademo4200/1656/b70881y/book-project-1656/backend/book-app/src/test/java/com/karankumar/bookproject/util/DateUtilsTest.java from ingest queue
2025-09-23 13:40:50,462 - Knowledge - INFO - adding /app/data/kaviademo4200/1656/b70881y/book-project-1656/frontend/src/shared/components/Search.css to ingest queue
2025-09-23 13:40:50,613 - Knowledge - INFO - process ingested knowledge for /app/data/kaviademo4200/1656/b70881y/book-project-1656/backend/book-app/src/test/java/com/karankumar/bookproject/util/DateUtilsTest.java
2025-09-23 13:40:50,700 - Knowledge - INFO - adding /app/data/kaviademo4200/1656/b70881y/book-project-1656/frontend/start.sh to ingest queue
2025-09-23 13:40:50,886 - Knowledge - INFO - Found code-base-name: https://github.com/kavia-common/book-project-1656.git:kavia-main
2025-09-23 13:40:50,941 - Knowledge - INFO - Found code-base-name: https://github.com/kavia-common/book-project-1656.git:kavia-main
2025-09-23 13:40:50,989 - Knowledge - INFO - Found code-base-name: https://github.com/kavia-common/book-project-1656.git:kavia-main
2025-09-23 13:40:50,989 - Knowledge - INFO - adding /app/data/kaviademo4200/1656/b70881y/book-project-1656/backend/commons/src/main/java/com/karankumar/bookproject/ExcludeFromJacocoGeneratedReport.java to ingest queue
2025-09-23 13:40:50,998 - Knowledge - INFO - Found code_base: <app.utils.kg_build.knowledge.KnowledgeCodeBase object at 0x7f19d0023dd0>
2025-09-23 13:40:51,096 - Knowledge - INFO - Found code_base: <app.utils.kg_build.knowledge.KnowledgeCodeBase object at 0x7f19d0023dd0>
2025-09-23 13:40:51,196 - Knowledge - INFO - Found code_base: <app.utils.kg_build.knowledge.KnowledgeCodeBase object at 0x7f19d0023dd0>
2025-09-23 13:40:51,300 - Knowledge - INFO - Found code-base-name: https://github.com/kavia-common/book-project-1656.git:kavia-main
2025-09-23 13:40:51,381 - Knowledge - INFO - persist ingested knowledge for /app/data/kaviademo4200/1656/b70881y/book-project-1656/backend/book-app/src/test/java/com/karankumar/bookproject/integration/JwtTokenVerifierIntegrationTest.java
2025-09-23 13:40:51,458 - Knowledge - INFO - persist ingested knowledge for /app/data/kaviademo4200/1656/b70881y/book-project-1656/backend/email-service/src/main/java/com/karankumar/bookproject/EmailService.java
2025-09-23 13:40:51,468 - Knowledge - INFO - worker kw30 pull /app/data/kaviademo4200/1656/b70881y/book-project-1656/backend/book-app/src/test/java/com/karankumar/bookproject/annotations/IntegrationTest.java from ingest queue
2025-09-23 13:40:51,469 - Knowledge - INFO - adding /app/data/kaviademo4200/1656/b70881y/book-project-1656/backend/email-service/src/main/java/com/karankumar/bookproject/constant/EmailConstant.java to ingest queue
2025-09-23 13:40:51,543 - Knowledge - INFO - persist ingested knowledge for /app/data/kaviademo4200/1656/b70881y/book-project-1656/backend/book-app/src/test/java/com/karankumar/bookproject/integration/ReadingGoalControllerIntegrationTest.java
2025-09-23 13:40:51,632 - Knowledge - INFO - Found code_base: <app.utils.kg_build.knowledge.KnowledgeCodeBase object at 0x7f19d0023dd0>
2025-09-23 13:40:51,938 - Knowledge - INFO - process ingested knowledge for /app/data/kaviademo4200/1656/b70881y/book-project-1656/backend/book-app/src/test/java/com/karankumar/bookproject/annotations/IntegrationTest.java
2025-09-23 13:40:52,065 - Knowledge - INFO - Found code-base-name: https://github.com/kavia-common/book-project-1656.git:kavia-main
2025-09-23 13:40:52,065 - Knowledge - INFO - Found code-base-name: https://github.com/kavia-common/book-project-1656.git:kavia-main
2025-09-23 13:40:52,065 - Knowledge - INFO - Found code-base-name: https://github.com/kavia-common/book-project-1656.git:kavia-main
2025-09-23 13:40:52,065 - Knowledge - INFO - Found code-base-name: https://github.com/kavia-common/book-project-1656.git:kavia-main
2025-09-23 13:40:52,065 - Knowledge - INFO - Found code-base-name: https://github.com/kavia-common/book-project-1656.git:kavia-main
2025-09-23 13:40:52,066 - Knowledge - INFO - Found code-base-name: https://github.com/kavia-common/book-project-1656.git:kavia-main
2025-09-23 13:40:52,066 - Knowledge - INFO - Found code-base-name: https://github.com/kavia-common/book-project-1656.git:kavia-main
2025-09-23 13:40:52,066 - Knowledge - INFO - Found code-base-name: https://github.com/kavia-common/book-project-1656.git:kavia-main
2025-09-23 13:40:52,066 - Knowledge - INFO - worker kw9 pull /app/data/kaviademo4200/1656/b70881y/book-project-1656/backend/book-app/src/test/java/com/karankumar/bookproject/annotations/DataJpaIntegrationTest.java from ingest queue
2025-09-23 13:40:52,067 - Knowledge - INFO - adding /app/data/kaviademo4200/1656/b70881y/book-project-1656/backend/email-service/src/main/java/com/karankumar/bookproject/configuration/ThymeleafConfiguration.java to ingest queue
2025-09-23 13:40:52,216 - Knowledge - INFO - persist ingested knowledge for /app/data/kaviademo4200/1656/b70881y/book-project-1656/backend/book-app/src/test/java/com/karankumar/bookproject/integration/UserControllerIntegrationTest.java
2025-09-23 13:40:52,396 - Knowledge - INFO - Found code_base: <app.utils.kg_build.knowledge.KnowledgeCodeBase object at 0x7f19d0023dd0>
2025-09-23 13:40:52,495 - Knowledge - INFO - Found code_base: <app.utils.kg_build.knowledge.KnowledgeCodeBase object at 0x7f19d0023dd0>
2025-09-23 13:40:52,573 - Knowledge - INFO - Found code_base: <app.utils.kg_build.knowledge.KnowledgeCodeBase object at 0x7f19d0023dd0>
2025-09-23 13:40:52,667 - Knowledge - INFO - Found code_base: <app.utils.kg_build.knowledge.KnowledgeCodeBase object at 0x7f19d0023dd0>
2025-09-23 13:40:52,746 - Knowledge - INFO - Found code_base: <app.utils.kg_build.knowledge.KnowledgeCodeBase object at 0x7f19d0023dd0>
2025-09-23 13:40:52,836 - Knowledge - INFO - Found code_base: <app.utils.kg_build.knowledge.KnowledgeCodeBase object at 0x7f19d0023dd0>
2025-09-23 13:40:52,938 - Knowledge - INFO - Found code_base: <app.utils.kg_build.knowledge.KnowledgeCodeBase object at 0x7f19d0023dd0>
2025-09-23 13:40:53,047 - Knowledge - INFO - Found code_base: <app.utils.kg_build.knowledge.KnowledgeCodeBase object at 0x7f19d0023dd0>
2025-09-23 13:40:53,202 - Knowledge - INFO - process ingested knowledge for /app/data/kaviademo4200/1656/b70881y/book-project-1656/backend/book-app/src/test/java/com/karankumar/bookproject/annotations/DataJpaIntegrationTest.java
2025-09-23 13:40:53,286 - Knowledge - INFO - adding /app/data/kaviademo4200/1656/b70881y/book-project-1656/backend/email-service/src/main/java/com/karankumar/bookproject/configuration/EmailConfiguration.java to ingest queue
2025-09-23 13:40:53,454 - Knowledge - INFO - persist ingested knowledge for /app/data/kaviademo4200/1656/b70881y/book-project-1656/backend/book-app/src/test/java/com/karankumar/bookproject/bookimport/ImportServiceTest.java
2025-09-23 13:40:53,542 - Knowledge - INFO - persist ingested knowledge for /app/data/kaviademo4200/1656/b70881y/book-project-1656/backend/book-app/src/test/java/com/karankumar/bookproject/bookimport/mapper/LibraryThingMapperTest.java
2025-09-23 13:40:53,668 - Knowledge - INFO - persist ingested knowledge for /app/data/kaviademo4200/1656/b70881y/book-project-1656/backend/book-app/src/test/java/com/karankumar/bookproject/util/StringUtilsTest.java
2025-09-23 13:40:53,789 - Knowledge - INFO - persist ingested knowledge for /app/data/kaviademo4200/1656/b70881y/book-project-1656/backend/book-app/src/test/java/com/karankumar/bookproject/util/BookUtilsTest.java
2025-09-23 13:40:53,877 - Knowledge - INFO - persist ingested knowledge for /app/data/kaviademo4200/1656/b70881y/book-project-1656/backend/book-app/src/test/java/com/karankumar/bookproject/util/UserCreatedShelfUtilsTest.java
2025-09-23 13:40:53,976 - Knowledge - INFO - persist ingested knowledge for /app/data/kaviademo4200/1656/b70881y/book-project-1656/backend/book-app/src/test/java/com/karankumar/bookproject/util/ReadingGoalTestUtils.java
2025-09-23 13:40:54,055 - Knowledge - INFO - persist ingested knowledge for /app/data/kaviademo4200/1656/b70881y/book-project-1656/backend/book-app/src/test/java/com/karankumar/bookproject/util/SecurityTestUtils.java
2025-09-23 13:40:54,140 - Knowledge - INFO - persist ingested knowledge for /app/data/kaviademo4200/1656/b70881y/book-project-1656/backend/book-app/src/test/java/com/karankumar/bookproject/util/CsvUtilsTest.java
2025-09-23 13:40:54,317 - Knowledge - INFO - worker kw5 pull /app/data/kaviademo4200/1656/b70881y/book-project-1656/backend/book-app/src/test/java/com/karankumar/bookproject/account/controller/UserControllerTest.java from ingest queue
2025-09-23 13:40:54,318 - Knowledge - INFO - Found code-base-name: https://github.com/kavia-common/book-project-1656.git:kavia-main
2025-09-23 13:40:54,318 - Knowledge - INFO - adding /app/data/kaviademo4200/1656/b70881y/book-project-1656/backend/email-service/src/main/java/com/karankumar/bookproject/template/EmailTemplate.java to ingest queue
2025-09-23 13:40:55,179 - Knowledge - INFO - process ingested knowledge for /app/data/kaviademo4200/1656/b70881y/book-project-1656/backend/book-app/src/test/java/com/karankumar/bookproject/account/controller/UserControllerTest.java
2025-09-23 13:40:55,266 - Knowledge - INFO - Found code_base: <app.utils.kg_build.knowledge.KnowledgeCodeBase object at 0x7f19d0023dd0>
2025-09-23 13:40:55,353 - Knowledge - INFO - adding /app/data/kaviademo4200/1656/b70881y/book-project-1656/frontend/public/manifest.json to ingest queue
2025-09-23 13:40:55,537 - Knowledge - INFO - persist ingested knowledge for /app/data/kaviademo4200/1656/b70881y/book-project-1656/backend/book-app/src/test/java/com/karankumar/bookproject/util/DateUtilsTest.java
2025-09-23 13:40:55,669 - Knowledge - INFO - worker kw4 pull /app/data/kaviademo4200/1656/b70881y/book-project-1656/backend/book-app/src/test/java/com/karankumar/bookproject/account/auth/CustomAuthenticationProviderTest.java from ingest queue
2025-09-23 13:40:55,671 - Knowledge - INFO - adding /app/data/kaviademo4200/1656/b70881y/book-project-1656/backend/email-service/src/main/java/com/karankumar/bookproject/book/service/EmailService.java to ingest queue
2025-09-23 13:40:55,879 - Knowledge - INFO - process ingested knowledge for /app/data/kaviademo4200/1656/b70881y/book-project-1656/backend/book-app/src/test/java/com/karankumar/bookproject/account/auth/CustomAuthenticationProviderTest.java
2025-09-23 13:40:56,025 - Knowledge - INFO - adding /app/data/kaviademo4200/1656/b70881y/book-project-1656/backend/email-service/src/main/java/com/karankumar/bookproject/book/service/EmailServiceImpl.java to ingest queue
2025-09-23 13:40:56,226 - Knowledge - INFO - worker kw20 pull /app/data/kaviademo4200/1656/b70881y/book-project-1656/backend/book-app/src/test/java/com/karankumar/bookproject/account/auth/service/DatabaseUserDetailsPasswordServiceTest.java from ingest queue
2025-09-23 13:40:56,227 - Knowledge - INFO - adding /app/data/kaviademo4200/1656/b70881y/book-project-1656/backend/email-service/pom.xml to ingest queue
2025-09-23 13:40:56,369 - Knowledge - INFO - process ingested knowledge for /app/data/kaviademo4200/1656/b70881y/book-project-1656/backend/book-app/src/test/java/com/karankumar/bookproject/account/auth/service/DatabaseUserDetailsPasswordServiceTest.java
2025-09-23 13:40:56,418 - Knowledge - INFO - worker kw10 pull /app/data/kaviademo4200/1656/b70881y/book-project-1656/backend/book-app/src/test/java/com/karankumar/bookproject/account/auth/service/DatabaseUserDetailsServiceTest.java from ingest queue
2025-09-23 13:40:56,483 - Knowledge - INFO - Found code-base-name: https://github.com/kavia-common/book-project-1656.git:kavia-main
2025-09-23 13:40:56,483 - Knowledge - INFO - worker kw23 pull /app/data/kaviademo4200/1656/b70881y/book-project-1656/backend/book-app/src/test/java/com/karankumar/bookproject/account/constraint/PasswordStrengthTest.java from ingest queue
2025-09-23 13:40:56,538 - Knowledge - INFO - worker kw2 pull /app/data/kaviademo4200/1656/b70881y/book-project-1656/backend/book-app/src/test/java/com/karankumar/bookproject/bookexport/BookExportServiceTest.java from ingest queue
2025-09-23 13:40:56,538 - Knowledge - INFO - worker kw18 pull /app/data/kaviademo4200/1656/b70881y/book-project-1656/backend/book-app/src/test/java/com/karankumar/bookproject/bookexport/BookExportControllerTest.java from ingest queue
2025-09-23 13:40:56,636 - Knowledge - INFO - process ingested knowledge for /app/data/kaviademo4200/1656/b70881y/book-project-1656/backend/book-app/src/test/java/com/karankumar/bookproject/account/auth/service/DatabaseUserDetailsServiceTest.java
2025-09-23 13:40:56,670 - Knowledge - INFO - Found code_base: <app.utils.kg_build.knowledge.KnowledgeCodeBase object at 0x7f19d0023dd0>
2025-09-23 13:40:56,796 - Knowledge - INFO - process ingested knowledge for /app/data/kaviademo4200/1656/b70881y/book-project-1656/backend/book-app/src/test/java/com/karankumar/bookproject/account/constraint/PasswordStrengthTest.java
2025-09-23 13:40:56,799 - Knowledge - INFO - adding /app/data/kaviademo4200/1656/b70881y/book-project-1656/backend/book-app/src/test/java/com/karankumar/bookproject/util/SecurityTestUtils.java to ingest queue
2025-09-23 13:40:56,862 - Knowledge - INFO - process ingested knowledge for /app/data/kaviademo4200/1656/b70881y/book-project-1656/backend/book-app/src/test/java/com/karankumar/bookproject/bookexport/BookExportServiceTest.java
2025-09-23 13:40:56,953 - Knowledge - INFO - process ingested knowledge for /app/data/kaviademo4200/1656/b70881y/book-project-1656/backend/book-app/src/test/java/com/karankumar/bookproject/bookexport/BookExportControllerTest.java
2025-09-23 13:40:57,124 - Knowledge - INFO - persist ingested knowledge for /app/data/kaviademo4200/1656/b70881y/book-project-1656/backend/book-app/src/test/java/com/karankumar/bookproject/annotations/IntegrationTest.java
2025-09-23 13:40:57,325 - Knowledge - INFO - worker kw19 pull /app/data/kaviademo4200/1656/b70881y/book-project-1656/backend/book-app/src/test/java/com/karankumar/bookproject/goal/ReadingGoalCalculatorTest.java from ingest queue
2025-09-23 13:40:57,326 - Knowledge - INFO - Found code-base-name: https://github.com/kavia-common/book-project-1656.git:kavia-main
2025-09-23 13:40:57,326 - Knowledge - INFO - worker kw29 pull /app/data/kaviademo4200/1656/b70881y/book-project-1656/backend/book-app/src/test/java/com/karankumar/bookproject/statistics/RatingStatisticsTest.java from ingest queue
2025-09-23 13:40:57,382 - Knowledge - INFO - adding /app/data/kaviademo4200/1656/b70881y/book-project-1656/backend/email-service/src/main/resources/templates/template-thymeleaf.html to ingest queue
2025-09-23 13:40:58,002 - Knowledge - INFO - Found code-base-name: https://github.com/kavia-common/book-project-1656.git:kavia-main
2025-09-23 13:40:57,791 - Knowledge - INFO - Found code_base: <app.utils.kg_build.knowledge.KnowledgeCodeBase object at 0x7f19d0023dd0>
2025-09-23 13:40:57,933 - Knowledge - INFO - process ingested knowledge for /app/data/kaviademo4200/1656/b70881y/book-project-1656/backend/book-app/src/test/java/com/karankumar/bookproject/statistics/RatingStatisticsTest.java
2025-09-23 13:40:57,712 - Knowledge - INFO - process ingested knowledge for /app/data/kaviademo4200/1656/b70881y/book-project-1656/backend/book-app/src/test/java/com/karankumar/bookproject/goal/ReadingGoalCalculatorTest.java
2025-09-23 13:40:58,003 - Knowledge - INFO - worker kw24 pull /app/data/kaviademo4200/1656/b70881y/book-project-1656/backend/book-app/src/test/java/com/karankumar/bookproject/statistics/PageStatisticsTest.java from ingest queue
2025-09-23 13:40:58,003 - Knowledge - INFO - adding /app/data/kaviademo4200/1656/b70881y/book-project-1656/backend/book-app/src/test/java/com/karankumar/bookproject/integration/JwtTokenVerifierIntegrationTest.java to ingest queue
2025-09-23 13:40:58,092 - Knowledge - INFO - Found code_base: <app.utils.kg_build.knowledge.KnowledgeCodeBase object at 0x7f19d0023dd0>
2025-09-23 13:40:58,186 - Knowledge - INFO - persist ingested knowledge for /app/data/kaviademo4200/1656/b70881y/book-project-1656/backend/book-app/src/test/java/com/karankumar/bookproject/account/controller/UserControllerTest.java
2025-09-23 13:40:58,474 - Knowledge - INFO - process ingested knowledge for /app/data/kaviademo4200/1656/b70881y/book-project-1656/backend/book-app/src/test/java/com/karankumar/bookproject/statistics/PageStatisticsTest.java
2025-09-23 13:40:58,561 - Knowledge - INFO - adding /app/data/kaviademo4200/1656/b70881y/book-project-1656/backend/email-service/src/main/java/com/karankumar/bookproject/EmailService.java to ingest queue
2025-09-23 13:40:58,653 - Knowledge - INFO - persist ingested knowledge for /app/data/kaviademo4200/1656/b70881y/book-project-1656/backend/book-app/src/test/java/com/karankumar/bookproject/account/auth/CustomAuthenticationProviderTest.java
2025-09-23 13:40:58,916 - Knowledge - INFO - worker kw21 pull /app/data/kaviademo4200/1656/b70881y/book-project-1656/backend/book-app/src/test/java/com/karankumar/bookproject/statistics/GenreStatisticsTest.java from ingest queue
2025-09-23 13:40:58,916 - Knowledge - INFO - adding /app/data/kaviademo4200/1656/b70881y/book-project-1656/backend/book-app/src/test/java/com/karankumar/bookproject/integration/ReadingGoalControllerIntegrationTest.java to ingest queue
2025-09-23 13:40:59,142 - Knowledge - INFO - process ingested knowledge for /app/data/kaviademo4200/1656/b70881y/book-project-1656/backend/book-app/src/test/java/com/karankumar/bookproject/statistics/GenreStatisticsTest.java
2025-09-23 13:40:59,229 - Knowledge - INFO - Found code-base-name: https://github.com/kavia-common/book-project-1656.git:kavia-main
2025-09-23 13:40:59,229 - Knowledge - INFO - adding /app/data/kaviademo4200/1656/b70881y/book-project-1656/backend/book-app/src/test/java/com/karankumar/bookproject/integration/UserControllerIntegrationTest.java to ingest queue
2025-09-23 13:40:59,877 - Knowledge - INFO - Found code_base: <app.utils.kg_build.knowledge.KnowledgeCodeBase object at 0x7f19d0023dd0>
2025-09-23 13:41:00,048 - Knowledge - INFO - persist ingested knowledge for /app/data/kaviademo4200/1656/b70881y/book-project-1656/backend/book-app/src/test/java/com/karankumar/bookproject/account/auth/service/DatabaseUserDetailsPasswordServiceTest.java
2025-09-23 13:41:00,083 - Knowledge - INFO - adding /app/data/kaviademo4200/1656/b70881y/book-project-1656/backend/book-app/src/test/java/com/karankumar/bookproject/bookimport/mapper/LibraryThingMapperTest.java to ingest queue
2025-09-23 13:41:00,217 - Knowledge - INFO - adding /app/data/kaviademo4200/1656/b70881y/book-project-1656/backend/book-app/src/test/java/com/karankumar/bookproject/util/BookUtilsTest.java to ingest queue
2025-09-23 13:41:00,318 - Knowledge - INFO - adding /app/data/kaviademo4200/1656/b70881y/book-project-1656/backend/book-app/src/test/java/com/karankumar/bookproject/util/UserCreatedShelfUtilsTest.java to ingest queue
2025-09-23 13:41:00,398 - Knowledge - INFO - adding /app/data/kaviademo4200/1656/b70881y/book-project-1656/backend/book-app/src/test/java/com/karankumar/bookproject/util/ReadingGoalTestUtils.java to ingest queue
2025-09-23 13:41:00,542 - Knowledge - INFO - Found code-base-name: https://github.com/kavia-common/book-project-1656.git:kavia-main
2025-09-23 13:41:00,543 - Knowledge - INFO - Found code-base-name: https://github.com/kavia-common/book-project-1656.git:kavia-main
2025-09-23 13:41:00,543 - Knowledge - INFO - adding /app/data/kaviademo4200/1656/b70881y/book-project-1656/backend/email-service/src/main/java/com/karankumar/bookproject/book/service/FakeEmailService.java to ingest queue
2025-09-23 13:41:00,645 - Knowledge - INFO - Found code_base: <app.utils.kg_build.knowledge.KnowledgeCodeBase object at 0x7f19d0023dd0>
2025-09-23 13:41:01,156 - Knowledge - INFO - Found code_base: <app.utils.kg_build.knowledge.KnowledgeCodeBase object at 0x7f19d0023dd0>
2025-09-23 13:41:01,249 - Knowledge - INFO - worker kw26 pull /app/data/kaviademo4200/1656/b70881y/book-project-1656/backend/book-app/src/test/java/com/karankumar/bookproject/statistics/YearStatisticsTest.java from ingest queue
2025-09-23 13:41:01,251 - Knowledge - INFO - worker kw13 pull /app/data/kaviademo4200/1656/b70881y/book-project-1656/backend/book-app/src/test/java/com/karankumar/bookproject/statistics/util/StatisticTestUtils.java from ingest queue
2025-09-23 13:41:01,251 - Knowledge - INFO - Found code-base-name: https://github.com/kavia-common/book-project-1656.git:kavia-main
2025-09-23 13:41:01,307 - Knowledge - INFO - worker kw14 pull /app/data/kaviademo4200/1656/b70881y/book-project-1656/backend/book-app/src/test/java/com/karankumar/bookproject/book/repository/PredefinedShelfRepositoryTest.java from ingest queue
2025-09-23 13:41:01,307 - Knowledge - INFO - worker kw16 pull /app/data/kaviademo4200/1656/b70881y/book-project-1656/backend/book-app/src/test/java/com/karankumar/bookproject/book/repository/UserCreatedShelfRepositoryTest.java from ingest queue
2025-09-23 13:41:01,307 - Knowledge - INFO - Found code-base-name: https://github.com/kavia-common/book-project-1656.git:kavia-main
2025-09-23 13:41:01,337 - Knowledge - INFO - persist ingested knowledge for /app/data/kaviademo4200/1656/b70881y/book-project-1656/backend/book-app/src/test/java/com/karankumar/bookproject/account/auth/service/DatabaseUserDetailsServiceTest.java
2025-09-23 13:41:01,355 - Knowledge - INFO - Found code-base-name: https://github.com/kavia-common/book-project-1656.git:kavia-main
2025-09-23 13:41:01,356 - Knowledge - INFO - Found code-base-name: https://github.com/kavia-common/book-project-1656.git:kavia-main
2025-09-23 13:41:01,356 - Knowledge - INFO - worker kw6 pull /app/data/kaviademo4200/1656/b70881y/book-project-1656/backend/book-app/src/test/java/com/karankumar/bookproject/book/repository/AuthorRepositoryTest.java from ingest queue
2025-09-23 13:41:01,418 - Knowledge - INFO - Found code-base-name: https://github.com/kavia-common/book-project-1656.git:kavia-main
2025-09-23 13:41:01,418 - Knowledge - INFO - worker kw12 pull /app/data/kaviademo4200/1656/b70881y/book-project-1656/backend/book-app/src/test/java/com/karankumar/bookproject/book/repository/BookRepositoryTest.java from ingest queue
2025-09-23 13:41:01,418 - Knowledge - INFO - adding /app/data/kaviademo4200/1656/b70881y/book-project-1656/backend/book-app/src/test/java/com/karankumar/bookproject/bookimport/ImportServiceTest.java to ingest queue
2025-09-23 13:41:01,442 - Knowledge - INFO - persist ingested knowledge for /app/data/kaviademo4200/1656/b70881y/book-project-1656/backend/book-app/src/test/java/com/karankumar/bookproject/account/constraint/PasswordStrengthTest.java
2025-09-23 13:41:01,566 - Knowledge - INFO - process ingested knowledge for /app/data/kaviademo4200/1656/b70881y/book-project-1656/backend/book-app/src/test/java/com/karankumar/bookproject/statistics/YearStatisticsTest.java
2025-09-23 13:41:01,650 - Knowledge - INFO - process ingested knowledge for /app/data/kaviademo4200/1656/b70881y/book-project-1656/backend/book-app/src/test/java/com/karankumar/bookproject/statistics/util/StatisticTestUtils.java
2025-09-23 13:41:01,699 - Knowledge - INFO - Found code_base: <app.utils.kg_build.knowledge.KnowledgeCodeBase object at 0x7f19d0023dd0>
2025-09-23 13:41:01,858 - Knowledge - INFO - process ingested knowledge for /app/data/kaviademo4200/1656/b70881y/book-project-1656/backend/book-app/src/test/java/com/karankumar/bookproject/book/repository/PredefinedShelfRepositoryTest.java
2025-09-23 13:41:01,965 - Knowledge - INFO - process ingested knowledge for /app/data/kaviademo4200/1656/b70881y/book-project-1656/backend/book-app/src/test/java/com/karankumar/bookproject/book/repository/UserCreatedShelfRepositoryTest.java
2025-09-23 13:41:02,016 - Knowledge - INFO - Found code_base: <app.utils.kg_build.knowledge.KnowledgeCodeBase object at 0x7f19d0023dd0>
2025-09-23 13:41:02,230 - Knowledge - INFO - Found code_base: <app.utils.kg_build.knowledge.KnowledgeCodeBase object at 0x7f19d0023dd0>
2025-09-23 13:41:02,318 - Knowledge - INFO - Found code_base: <app.utils.kg_build.knowledge.KnowledgeCodeBase object at 0x7f19d0023dd0>
2025-09-23 13:41:02,437 - Knowledge - INFO - process ingested knowledge for /app/data/kaviademo4200/1656/b70881y/book-project-1656/backend/book-app/src/test/java/com/karankumar/bookproject/book/repository/AuthorRepositoryTest.java
2025-09-23 13:41:02,504 - Knowledge - INFO - Found code_base: <app.utils.kg_build.knowledge.KnowledgeCodeBase object at 0x7f19d0023dd0>
2025-09-23 13:41:02,648 - Knowledge - INFO - process ingested knowledge for /app/data/kaviademo4200/1656/b70881y/book-project-1656/backend/book-app/src/test/java/com/karankumar/bookproject/book/repository/BookRepositoryTest.java
2025-09-23 13:41:02,770 - Knowledge - INFO - worker kw1 pull /app/data/kaviademo4200/1656/b70881y/book-project-1656/backend/book-app/src/test/java/com/karankumar/bookproject/book/controller/BookImportControllerTest.java from ingest queue
2025-09-23 13:41:02,771 - Knowledge - INFO - worker kw17 pull /app/data/kaviademo4200/1656/b70881y/book-project-1656/backend/book-app/src/test/java/com/karankumar/bookproject/book/controller/ShelfControllerTest.java from ingest queue
2025-09-23 13:41:02,771 - Knowledge - INFO - worker kw8 pull /app/data/kaviademo4200/1656/b70881y/book-project-1656/backend/book-app/src/test/java/com/karankumar/bookproject/book/controller/ReadingGoalControllerTest.java from ingest queue
2025-09-23 13:41:02,771 - Knowledge - INFO - adding /app/data/kaviademo4200/1656/b70881y/book-project-1656/backend/book-app/src/test/java/com/karankumar/bookproject/util/DateUtilsTest.java to ingest queue
2025-09-23 13:41:03,039 - Knowledge - INFO - persist ingested knowledge for /app/data/kaviademo4200/1656/b70881y/book-project-1656/backend/book-app/src/test/java/com/karankumar/bookproject/bookexport/BookExportServiceTest.java
2025-09-23 13:41:03,382 - Knowledge - INFO - persist ingested knowledge for /app/data/kaviademo4200/1656/b70881y/book-project-1656/backend/book-app/src/test/java/com/karankumar/bookproject/goal/ReadingGoalCalculatorTest.java
2025-09-23 13:41:03,489 - Knowledge - INFO - persist ingested knowledge for /app/data/kaviademo4200/1656/b70881y/book-project-1656/backend/book-app/src/test/java/com/karankumar/bookproject/statistics/PageStatisticsTest.java
2025-09-23 13:41:03,611 - Knowledge - INFO - persist ingested knowledge for /app/data/kaviademo4200/1656/b70881y/book-project-1656/backend/book-app/src/test/java/com/karankumar/bookproject/annotations/DataJpaIntegrationTest.java
2025-09-23 13:41:03,786 - Knowledge - INFO - persist ingested knowledge for /app/data/kaviademo4200/1656/b70881y/book-project-1656/backend/book-app/src/test/java/com/karankumar/bookproject/statistics/GenreStatisticsTest.java
2025-09-23 13:41:04,040 - Knowledge - INFO - process ingested knowledge for /app/data/kaviademo4200/1656/b70881y/book-project-1656/backend/book-app/src/test/java/com/karankumar/bookproject/book/controller/BookImportControllerTest.java
2025-09-23 13:41:04,131 - Knowledge - INFO - process ingested knowledge for /app/data/kaviademo4200/1656/b70881y/book-project-1656/backend/book-app/src/test/java/com/karankumar/bookproject/book/controller/ShelfControllerTest.java
2025-09-23 13:41:04,248 - Knowledge - INFO - process ingested knowledge for /app/data/kaviademo4200/1656/b70881y/book-project-1656/backend/book-app/src/test/java/com/karankumar/bookproject/book/controller/ReadingGoalControllerTest.java
2025-09-23 13:41:04,350 - Knowledge - INFO - worker kw11 pull /app/data/kaviademo4200/1656/b70881y/book-project-1656/backend/book-app/src/test/java/com/karankumar/bookproject/book/controller/BookControllerTest.java from ingest queue
2025-09-23 13:41:04,351 - Knowledge - INFO - Found code-base-name: https://github.com/kavia-common/book-project-1656.git:kavia-main
2025-09-23 13:41:04,351 - Knowledge - INFO - worker kw22 pull /app/data/kaviademo4200/1656/b70881y/book-project-1656/backend/book-app/src/test/java/com/karankumar/bookproject/book/json/LocalDateSerializerTest.java from ingest queue
2025-09-23 13:41:04,351 - Knowledge - INFO - worker kw7 pull /app/data/kaviademo4200/1656/b70881y/book-project-1656/backend/book-app/src/test/java/com/karankumar/bookproject/book/service/UserServiceTest.java from ingest queue
2025-09-23 13:41:04,351 - Knowledge - INFO - adding /app/data/kaviademo4200/1656/b70881y/book-project-1656/backend/book-app/src/test/java/com/karankumar/bookproject/account/auth/CustomAuthenticationProviderTest.java to ingest queue
2025-09-23 13:41:05,200 - Knowledge - INFO - process ingested knowledge for /app/data/kaviademo4200/1656/b70881y/book-project-1656/backend/book-app/src/test/java/com/karankumar/bookproject/book/controller/BookControllerTest.java
2025-09-23 13:41:05,275 - Knowledge - INFO - Found code_base: <app.utils.kg_build.knowledge.KnowledgeCodeBase object at 0x7f19d0023dd0>
2025-09-23 13:41:05,402 - Knowledge - INFO - process ingested knowledge for /app/data/kaviademo4200/1656/b70881y/book-project-1656/backend/book-app/src/test/java/com/karankumar/bookproject/book/json/LocalDateSerializerTest.java
2025-09-23 13:41:05,540 - Knowledge - INFO - process ingested knowledge for /app/data/kaviademo4200/1656/b70881y/book-project-1656/backend/book-app/src/test/java/com/karankumar/bookproject/book/service/UserServiceTest.java
2025-09-23 13:41:05,670 - Knowledge - INFO - worker kw27 pull /app/data/kaviademo4200/1656/b70881y/book-project-1656/backend/book-app/src/test/java/com/karankumar/bookproject/book/service/AuthorServiceTest.java from ingest queue
2025-09-23 13:41:05,670 - Knowledge - INFO - worker kw25 pull /app/data/kaviademo4200/1656/b70881y/book-project-1656/backend/book-app/src/test/java/com/karankumar/bookproject/book/service/BookServiceTest.java from ingest queue
2025-09-23 13:41:05,670 - Knowledge - INFO - Found code-base-name: https://github.com/kavia-common/book-project-1656.git:kavia-main
2025-09-23 13:41:05,718 - Knowledge - INFO - Found code-base-name: https://github.com/kavia-common/book-project-1656.git:kavia-main
2025-09-23 13:41:05,718 - Knowledge - INFO - Found code-base-name: https://github.com/kavia-common/book-project-1656.git:kavia-main
2025-09-23 13:41:05,718 - Knowledge - INFO - Found code-base-name: https://github.com/kavia-common/book-project-1656.git:kavia-main
2025-09-23 13:41:05,718 - Knowledge - INFO - Found code-base-name: https://github.com/kavia-common/book-project-1656.git:kavia-main
2025-09-23 13:41:05,718 - Knowledge - INFO - Found code-base-name: https://github.com/kavia-common/book-project-1656.git:kavia-main
2025-09-23 13:41:05,718 - Knowledge - INFO - Found code-base-name: https://github.com/kavia-common/book-project-1656.git:kavia-main
2025-09-23 13:41:05,718 - Knowledge - INFO - worker kw3 pull /app/data/kaviademo4200/1656/b70881y/book-project-1656/backend/book-app/src/test/java/com/karankumar/bookproject/book/service/UserCreatedShelfServiceTest.java from ingest queue
2025-09-23 13:41:05,718 - Knowledge - INFO - adding /app/data/kaviademo4200/1656/b70881y/book-project-1656/backend/book-app/src/test/java/com/karankumar/bookproject/annotations/IntegrationTest.java to ingest queue
2025-09-23 13:41:05,792 - Knowledge - INFO - persist ingested knowledge for /app/data/kaviademo4200/1656/b70881y/book-project-1656/backend/book-app/src/test/java/com/karankumar/bookproject/statistics/RatingStatisticsTest.java
2025-09-23 13:41:06,164 - Knowledge - INFO - process ingested knowledge for /app/data/kaviademo4200/1656/b70881y/book-project-1656/backend/book-app/src/test/java/com/karankumar/bookproject/book/service/AuthorServiceTest.java
2025-09-23 13:41:06,259 - Knowledge - INFO - process ingested knowledge for /app/data/kaviademo4200/1656/b70881y/book-project-1656/backend/book-app/src/test/java/com/karankumar/bookproject/book/service/BookServiceTest.java
2025-09-23 13:41:06,318 - Knowledge - INFO - Found code_base: <app.utils.kg_build.knowledge.KnowledgeCodeBase object at 0x7f19d0023dd0>
2025-09-23 13:41:06,401 - Knowledge - INFO - Found code_base: <app.utils.kg_build.knowledge.KnowledgeCodeBase object at 0x7f19d0023dd0>
2025-09-23 13:41:06,476 - Knowledge - INFO - Found code_base: <app.utils.kg_build.knowledge.KnowledgeCodeBase object at 0x7f19d0023dd0>
2025-09-23 13:41:06,575 - Knowledge - INFO - Found code_base: <app.utils.kg_build.knowledge.KnowledgeCodeBase object at 0x7f19d0023dd0>
2025-09-23 13:41:06,690 - Knowledge - INFO - Found code_base: <app.utils.kg_build.knowledge.KnowledgeCodeBase object at 0x7f19d0023dd0>
2025-09-23 13:41:06,789 - Knowledge - INFO - Found code_base: <app.utils.kg_build.knowledge.KnowledgeCodeBase object at 0x7f19d0023dd0>
2025-09-23 13:41:06,864 - Knowledge - INFO - Found code_base: <app.utils.kg_build.knowledge.KnowledgeCodeBase object at 0x7f19d0023dd0>
2025-09-23 13:41:07,014 - Knowledge - INFO - process ingested knowledge for /app/data/kaviademo4200/1656/b70881y/book-project-1656/backend/book-app/src/test/java/com/karankumar/bookproject/book/service/UserCreatedShelfServiceTest.java
2025-09-23 13:41:07,092 - Knowledge - INFO - adding /app/data/kaviademo4200/1656/b70881y/book-project-1656/backend/book-app/src/test/java/com/karankumar/bookproject/account/controller/UserControllerTest.java to ingest queue
2025-09-23 13:41:07,547 - Knowledge - INFO - persist ingested knowledge for /app/data/kaviademo4200/1656/b70881y/book-project-1656/backend/book-app/src/test/java/com/karankumar/bookproject/bookexport/BookExportControllerTest.java
2025-09-23 13:41:07,642 - Knowledge - INFO - persist ingested knowledge for /app/data/kaviademo4200/1656/b70881y/book-project-1656/backend/book-app/src/test/java/com/karankumar/bookproject/statistics/YearStatisticsTest.java
2025-09-23 13:41:07,757 - Knowledge - INFO - persist ingested knowledge for /app/data/kaviademo4200/1656/b70881y/book-project-1656/backend/book-app/src/test/java/com/karankumar/bookproject/statistics/util/StatisticTestUtils.java
2025-09-23 13:41:07,872 - Knowledge - INFO - persist ingested knowledge for /app/data/kaviademo4200/1656/b70881y/book-project-1656/backend/book-app/src/test/java/com/karankumar/bookproject/book/repository/PredefinedShelfRepositoryTest.java
2025-09-23 13:41:07,986 - Knowledge - INFO - persist ingested knowledge for /app/data/kaviademo4200/1656/b70881y/book-project-1656/backend/book-app/src/test/java/com/karankumar/bookproject/book/repository/UserCreatedShelfRepositoryTest.java
2025-09-23 13:41:08,068 - Knowledge - INFO - persist ingested knowledge for /app/data/kaviademo4200/1656/b70881y/book-project-1656/backend/book-app/src/test/java/com/karankumar/bookproject/book/repository/AuthorRepositoryTest.java
2025-09-23 13:41:08,182 - Knowledge - INFO - persist ingested knowledge for /app/data/kaviademo4200/1656/b70881y/book-project-1656/backend/book-app/src/test/java/com/karankumar/bookproject/book/repository/BookRepositoryTest.java
2025-09-23 13:41:08,624 - Knowledge - INFO - Found code-base-name: https://github.com/kavia-common/book-project-1656.git:kavia-main
2025-09-23 13:41:08,625 - Knowledge - INFO - Found code-base-name: https://github.com/kavia-common/book-project-1656.git:kavia-main
2025-09-23 13:41:08,625 - Knowledge - INFO - Found code-base-name: https://github.com/kavia-common/book-project-1656.git:kavia-main
2025-09-23 13:41:08,625 - Knowledge - INFO - worker kw4 pull /app/data/kaviademo4200/1656/b70881y/book-project-1656/backend/book-app/src/test/java/com/karankumar/bookproject/book/service/ReadingGoalServiceTest.java from ingest queue
2025-09-23 13:41:08,625 - Knowledge - INFO - adding /app/data/kaviademo4200/1656/b70881y/book-project-1656/backend/book-app/src/test/java/com/karankumar/bookproject/account/auth/service/DatabaseUserDetailsServiceTest.java to ingest queue
2025-09-23 13:41:09,205 - Knowledge - INFO - Found code_base: <app.utils.kg_build.knowledge.KnowledgeCodeBase object at 0x7f19d0023dd0>
2025-09-23 13:41:09,294 - Knowledge - INFO - Found code_base: <app.utils.kg_build.knowledge.KnowledgeCodeBase object at 0x7f19d0023dd0>
2025-09-23 13:41:09,404 - Knowledge - INFO - Found code_base: <app.utils.kg_build.knowledge.KnowledgeCodeBase object at 0x7f19d0023dd0>
2025-09-23 13:41:09,871 - Knowledge - INFO - persist ingested knowledge for /app/data/kaviademo4200/1656/b70881y/book-project-1656/backend/book-app/src/test/java/com/karankumar/bookproject/book/controller/ReadingGoalControllerTest.java
2025-09-23 13:41:09,594 - Knowledge - INFO - adding /app/data/kaviademo4200/1656/b70881y/book-project-1656/backend/book-app/src/test/java/com/karankumar/bookproject/util/CsvUtilsTest.java to ingest queue
2025-09-23 13:41:09,668 - Knowledge - INFO - persist ingested knowledge for /app/data/kaviademo4200/1656/b70881y/book-project-1656/backend/book-app/src/test/java/com/karankumar/bookproject/book/controller/BookImportControllerTest.java
2025-09-23 13:41:09,763 - Knowledge - INFO - persist ingested knowledge for /app/data/kaviademo4200/1656/b70881y/book-project-1656/backend/book-app/src/test/java/com/karankumar/bookproject/book/controller/ShelfControllerTest.java
2025-09-23 13:41:09,526 - Knowledge - INFO - process ingested knowledge for /app/data/kaviademo4200/1656/b70881y/book-project-1656/backend/book-app/src/test/java/com/karankumar/bookproject/book/service/ReadingGoalServiceTest.java
2025-09-23 13:41:10,084 - Knowledge - INFO - Found code-base-name: https://github.com/kavia-common/book-project-1656.git:kavia-main
2025-09-23 13:41:10,085 - Knowledge - INFO - adding /app/data/kaviademo4200/1656/b70881y/book-project-1656/backend/book-app/src/test/java/com/karankumar/bookproject/account/constraint/PasswordStrengthTest.java to ingest queue
2025-09-23 13:41:10,568 - Knowledge - INFO - adding /app/data/kaviademo4200/1656/b70881y/book-project-1656/backend/book-app/src/test/java/com/karankumar/bookproject/util/StringUtilsTest.java to ingest queue
2025-09-23 13:41:10,444 - Knowledge - INFO - Found code_base: <app.utils.kg_build.knowledge.KnowledgeCodeBase object at 0x7f19d0023dd0>
2025-09-23 13:41:10,687 - Knowledge - INFO - Found code-base-name: https://github.com/kavia-common/book-project-1656.git:kavia-main
2025-09-23 13:41:10,688 - Knowledge - INFO - Found code-base-name: https://github.com/kavia-common/book-project-1656.git:kavia-main
2025-09-23 13:41:10,688 - Knowledge - INFO - worker kw30 pull /app/data/kaviademo4200/1656/b70881y/book-project-1656/backend/book-app/src/test/java/com/karankumar/bookproject/book/service/PredefinedShelfServiceTest.java from ingest queue
2025-09-23 13:41:10,747 - Knowledge - INFO - Found code-base-name: https://github.com/kavia-common/book-project-1656.git:kavia-main
2025-09-23 13:41:10,747 - Knowledge - INFO - Found code-base-name: https://github.com/kavia-common/book-project-1656.git:kavia-main
2025-09-23 13:41:10,747 - Knowledge - INFO - worker kw5 pull /app/data/kaviademo4200/1656/b70881y/book-project-1656/backend/book-app/src/test/java/com/karankumar/bookproject/book/service/TagServiceTest.java from ingest queue
2025-09-23 13:41:10,748 - Knowledge - INFO - adding /app/data/kaviademo4200/1656/b70881y/book-project-1656/backend/book-app/src/test/java/com/karankumar/bookproject/bookexport/BookExportServiceTest.java to ingest queue
2025-09-23 13:41:10,764 - Knowledge - INFO - persist ingested knowledge for /app/data/kaviademo4200/1656/b70881y/book-project-1656/backend/book-app/src/test/java/com/karankumar/bookproject/book/controller/BookControllerTest.java
2025-09-23 13:41:10,845 - Knowledge - INFO - Found code_base: <app.utils.kg_build.knowledge.KnowledgeCodeBase object at 0x7f19d0023dd0>
2025-09-23 13:41:10,925 - Knowledge - INFO - Found code_base: <app.utils.kg_build.knowledge.KnowledgeCodeBase object at 0x7f19d0023dd0>
2025-09-23 13:41:11,053 - Knowledge - INFO - process ingested knowledge for /app/data/kaviademo4200/1656/b70881y/book-project-1656/backend/book-app/src/test/java/com/karankumar/bookproject/book/service/PredefinedShelfServiceTest.java
2025-09-23 13:41:11,102 - Knowledge - INFO - Found code_base: <app.utils.kg_build.knowledge.KnowledgeCodeBase object at 0x7f19d0023dd0>
2025-09-23 13:41:11,202 - Knowledge - INFO - Found code_base: <app.utils.kg_build.knowledge.KnowledgeCodeBase object at 0x7f19d0023dd0>
2025-09-23 13:41:11,351 - Knowledge - INFO - process ingested knowledge for /app/data/kaviademo4200/1656/b70881y/book-project-1656/backend/book-app/src/test/java/com/karankumar/bookproject/book/service/TagServiceTest.java
2025-09-23 13:41:11,439 - Knowledge - INFO - adding /app/data/kaviademo4200/1656/b70881y/book-project-1656/backend/book-app/src/test/java/com/karankumar/bookproject/goal/ReadingGoalCalculatorTest.java to ingest queue
2025-09-23 13:41:11,612 - Knowledge - INFO - persist ingested knowledge for /app/data/kaviademo4200/1656/b70881y/book-project-1656/backend/book-app/src/test/java/com/karankumar/bookproject/book/json/LocalDateSerializerTest.java
2025-09-23 13:41:11,728 - Knowledge - INFO - persist ingested knowledge for /app/data/kaviademo4200/1656/b70881y/book-project-1656/backend/book-app/src/test/java/com/karankumar/bookproject/book/service/UserServiceTest.java
2025-09-23 13:41:11,904 - Knowledge - INFO - persist ingested knowledge for /app/data/kaviademo4200/1656/b70881y/book-project-1656/backend/book-app/src/test/java/com/karankumar/bookproject/book/service/BookServiceTest.java
2025-09-23 13:41:11,985 - Knowledge - INFO - persist ingested knowledge for /app/data/kaviademo4200/1656/b70881y/book-project-1656/backend/book-app/src/test/java/com/karankumar/bookproject/book/service/UserCreatedShelfServiceTest.java
2025-09-23 13:41:12,157 - Knowledge - INFO - adding /app/data/kaviademo4200/1656/b70881y/book-project-1656/backend/book-app/src/test/java/com/karankumar/bookproject/statistics/PageStatisticsTest.java to ingest queue
2025-09-23 13:41:12,744 - Knowledge - INFO - adding /app/data/kaviademo4200/1656/b70881y/book-project-1656/backend/book-app/src/test/java/com/karankumar/bookproject/annotations/DataJpaIntegrationTest.java to ingest queue
2025-09-23 13:41:12,826 - Knowledge - INFO - adding /app/data/kaviademo4200/1656/b70881y/book-project-1656/backend/book-app/src/test/java/com/karankumar/bookproject/statistics/GenreStatisticsTest.java to ingest queue
2025-09-23 13:41:12,914 - Knowledge - INFO - adding /app/data/kaviademo4200/1656/b70881y/book-project-1656/backend/book-app/src/test/java/com/karankumar/bookproject/account/auth/service/DatabaseUserDetailsPasswordServiceTest.java to ingest queue
2025-09-23 13:41:13,273 - Knowledge - INFO - worker kw10 pull /app/data/kaviademo4200/1656/b70881y/book-project-1656/backend/book-app/src/test/java/com/karankumar/bookproject/book/service/IncorrectPasswordException.java from ingest queue
2025-09-23 13:41:13,382 - Knowledge - INFO - process ingested knowledge for /app/data/kaviademo4200/1656/b70881y/book-project-1656/backend/book-app/src/test/java/com/karankumar/bookproject/book/service/IncorrectPasswordException.java
2025-09-23 13:41:13,451 - Knowledge - INFO - Found code-base-name: https://github.com/kavia-common/book-project-1656.git:kavia-main
2025-09-23 13:41:13,602 - Knowledge - INFO - Found code_base: <app.utils.kg_build.knowledge.KnowledgeCodeBase object at 0x7f19d0023dd0>
2025-09-23 13:41:13,451 - Knowledge - INFO - adding /app/data/kaviademo4200/1656/b70881y/book-project-1656/backend/book-app/src/test/java/com/karankumar/bookproject/book/controller/ShelfControllerTest.java to ingest queue
2025-09-23 13:41:13,696 - Knowledge - INFO - persist ingested knowledge for /app/data/kaviademo4200/1656/b70881y/book-project-1656/backend/book-app/src/test/java/com/karankumar/bookproject/book/service/ReadingGoalServiceTest.java
2025-09-23 13:41:13,793 - Knowledge - INFO - worker kw15 pull /app/data/kaviademo4200/1656/b70881y/book-project-1656/backend/book-app/src/test/java/com/karankumar/bookproject/book/service/PublisherServiceTest.java from ingest queue
2025-09-23 13:41:13,794 - Knowledge - INFO - Found code-base-name: https://github.com/kavia-common/book-project-1656.git:kavia-main
2025-09-23 13:41:13,795 - Knowledge - INFO - adding /app/data/kaviademo4200/1656/b70881y/book-project-1656/backend/book-app/src/test/java/com/karankumar/bookproject/statistics/RatingStatisticsTest.java to ingest queue
2025-09-23 13:41:14,023 - Knowledge - INFO - process ingested knowledge for /app/data/kaviademo4200/1656/b70881y/book-project-1656/backend/book-app/src/test/java/com/karankumar/bookproject/book/service/PublisherServiceTest.java
2025-09-23 13:41:14,129 - Knowledge - INFO - Found code_base: <app.utils.kg_build.knowledge.KnowledgeCodeBase object at 0x7f19d0023dd0>
2025-09-23 13:41:14,229 - Knowledge - INFO - worker kw2 pull /app/data/kaviademo4200/1656/b70881y/book-project-1656/backend/book-app/src/test/java/com/karankumar/bookproject/book/dto/GoodreadsBookImportTest.java from ingest queue
2025-09-23 13:41:14,287 - Knowledge - INFO - Found code-base-name: https://github.com/kavia-common/book-project-1656.git:kavia-main
2025-09-23 13:41:14,287 - Knowledge - INFO - worker kw19 pull /app/data/kaviademo4200/1656/b70881y/book-project-1656/backend/book-app/src/test/resources/data.sql from ingest queue
2025-09-23 13:41:14,422 - Knowledge - INFO - persist ingested knowledge for /app/data/kaviademo4200/1656/b70881y/book-project-1656/backend/book-app/src/test/java/com/karankumar/bookproject/book/service/AuthorServiceTest.java
2025-09-23 13:41:14,440 - Knowledge - INFO - worker kw24 pull /app/data/kaviademo4200/1656/b70881y/book-project-1656/backend/book-app/src/test/resources/libraryThingImportSample.json from ingest queue
2025-09-23 13:41:14,440 - Knowledge - INFO - worker kw9 pull /app/data/kaviademo4200/1656/b70881y/book-project-1656/backend/book-app/src/test/resources/exportedBooksSample.json from ingest queue
2025-09-23 13:41:14,441 - Knowledge - INFO - worker kw20 pull /app/data/kaviademo4200/1656/b70881y/book-project-1656/backend/book-app/src/main/java/com/karankumar/bookproject/security/SecurityConfiguration.java from ingest queue
2025-09-23 13:41:14,441 - Knowledge - INFO - adding /app/data/kaviademo4200/1656/b70881y/book-project-1656/backend/book-app/src/test/java/com/karankumar/bookproject/statistics/util/StatisticTestUtils.java to ingest queue
2025-09-23 13:41:14,539 - Knowledge - INFO - process ingested knowledge for /app/data/kaviademo4200/1656/b70881y/book-project-1656/backend/book-app/src/test/java/com/karankumar/bookproject/book/dto/GoodreadsBookImportTest.java
2025-09-23 13:41:14,577 - Knowledge - INFO - Found code_base: <app.utils.kg_build.knowledge.KnowledgeCodeBase object at 0x7f19d0023dd0>
2025-09-23 13:41:14,727 - Knowledge - INFO - process ingested knowledge for /app/data/kaviademo4200/1656/b70881y/book-project-1656/backend/book-app/src/test/resources/data.sql
2025-09-23 13:41:14,958 - Knowledge - INFO - process ingested knowledge for /app/data/kaviademo4200/1656/b70881y/book-project-1656/backend/book-app/src/test/resources/libraryThingImportSample.json
2025-09-23 13:41:15,078 - Knowledge - INFO - process ingested knowledge for /app/data/kaviademo4200/1656/b70881y/book-project-1656/backend/book-app/src/test/resources/exportedBooksSample.json
2025-09-23 13:41:15,177 - Knowledge - INFO - process ingested knowledge for /app/data/kaviademo4200/1656/b70881y/book-project-1656/backend/book-app/src/main/java/com/karankumar/bookproject/security/SecurityConfiguration.java
2025-09-23 13:41:15,230 - Knowledge - INFO - adding /app/data/kaviademo4200/1656/b70881y/book-project-1656/backend/book-app/src/test/java/com/karankumar/bookproject/book/repository/UserCreatedShelfRepositoryTest.java to ingest queue
2025-09-23 13:41:15,397 - Knowledge - INFO - persist ingested knowledge for /app/data/kaviademo4200/1656/b70881y/book-project-1656/backend/book-app/src/test/java/com/karankumar/bookproject/book/service/TagServiceTest.java
2025-09-23 13:41:15,826 - Knowledge - INFO - adding /app/data/kaviademo4200/1656/b70881y/book-project-1656/backend/book-app/src/test/java/com/karankumar/bookproject/book/repository/AuthorRepositoryTest.java to ingest queue
2025-09-23 13:41:16,053 - Knowledge - INFO - adding /app/data/kaviademo4200/1656/b70881y/book-project-1656/backend/book-app/src/test/java/com/karankumar/bookproject/book/repository/BookRepositoryTest.java to ingest queue
2025-09-23 13:41:16,130 - Knowledge - INFO - worker kw28 pull /app/data/kaviademo4200/1656/b70881y/book-project-1656/backend/book-app/src/main/java/com/karankumar/bookproject/security/jwt/JwtUsernamePasswordAuthFilter.java from ingest queue
2025-09-23 13:41:16,131 - Knowledge - INFO - adding /app/data/kaviademo4200/1656/b70881y/book-project-1656/backend/book-app/src/test/java/com/karankumar/bookproject/book/controller/ReadingGoalControllerTest.java to ingest queue
2025-09-23 13:41:16,275 - Knowledge - INFO - process ingested knowledge for /app/data/kaviademo4200/1656/b70881y/book-project-1656/backend/book-app/src/main/java/com/karankumar/bookproject/security/jwt/JwtUsernamePasswordAuthFilter.java
2025-09-23 13:41:16,328 - Knowledge - INFO - worker kw23 pull /app/data/kaviademo4200/1656/b70881y/book-project-1656/backend/book-app/src/main/java/com/karankumar/bookproject/security/jwt/JwtSecretKey.java from ingest queue
2025-09-23 13:41:16,329 - Knowledge - INFO - Found code-base-name: https://github.com/kavia-common/book-project-1656.git:kavia-main
2025-09-23 13:41:16,330 - Knowledge - INFO - worker kw17 pull /app/data/kaviademo4200/1656/b70881y/book-project-1656/backend/book-app/src/main/java/com/karankumar/bookproject/security/jwt/JwtTokenVerifier.java from ingest queue
2025-09-23 13:41:16,386 - Knowledge - INFO - worker kw29 pull /app/data/kaviademo4200/1656/b70881y/book-project-1656/backend/book-app/src/main/java/com/karankumar/bookproject/security/jwt/UsernamePasswordAuthRequest.java from ingest queue
2025-09-23 13:41:16,386 - Knowledge - INFO - adding /app/data/kaviademo4200/1656/b70881y/book-project-1656/backend/book-app/src/test/java/com/karankumar/bookproject/book/controller/BookControllerTest.java to ingest queue
2025-09-23 13:41:16,571 - Knowledge - INFO - process ingested knowledge for /app/data/kaviademo4200/1656/b70881y/book-project-1656/backend/book-app/src/main/java/com/karankumar/bookproject/security/jwt/JwtSecretKey.java
2025-09-23 13:41:16,644 - Knowledge - INFO - Found code_base: <app.utils.kg_build.knowledge.KnowledgeCodeBase object at 0x7f19d0023dd0>
2025-09-23 13:41:16,771 - Knowledge - INFO - process ingested knowledge for /app/data/kaviademo4200/1656/b70881y/book-project-1656/backend/book-app/src/main/java/com/karankumar/bookproject/security/jwt/JwtTokenVerifier.java
2025-09-23 13:41:16,841 - Knowledge - INFO - process ingested knowledge for /app/data/kaviademo4200/1656/b70881y/book-project-1656/backend/book-app/src/main/java/com/karankumar/bookproject/security/jwt/UsernamePasswordAuthRequest.java
2025-09-23 13:41:16,883 - Knowledge - INFO - adding /app/data/kaviademo4200/1656/b70881y/book-project-1656/backend/book-app/src/test/java/com/karankumar/bookproject/book/json/LocalDateSerializerTest.java to ingest queue
2025-09-23 13:41:17,066 - Knowledge - INFO - persist ingested knowledge for /app/data/kaviademo4200/1656/b70881y/book-project-1656/backend/book-app/src/test/java/com/karankumar/bookproject/book/service/IncorrectPasswordException.java
2025-09-23 13:41:17,386 - Knowledge - INFO - Found code-base-name: https://github.com/kavia-common/book-project-1656.git:kavia-main
2025-09-23 13:41:17,388 - Knowledge - INFO - adding /app/data/kaviademo4200/1656/b70881y/book-project-1656/backend/book-app/src/test/java/com/karankumar/bookproject/book/service/BookServiceTest.java to ingest queue
2025-09-23 13:41:17,537 - Knowledge - INFO - Found code_base: <app.utils.kg_build.knowledge.KnowledgeCodeBase object at 0x7f19d0023dd0>
2025-09-23 13:41:17,621 - Knowledge - INFO - adding /app/data/kaviademo4200/1656/b70881y/book-project-1656/backend/book-app/src/test/java/com/karankumar/bookproject/statistics/YearStatisticsTest.java to ingest queue
2025-09-23 13:41:17,705 - Knowledge - INFO - persist ingested knowledge for /app/data/kaviademo4200/1656/b70881y/book-project-1656/backend/book-app/src/test/java/com/karankumar/bookproject/book/service/PublisherServiceTest.java
2025-09-23 13:41:17,822 - Knowledge - INFO - adding /app/data/kaviademo4200/1656/b70881y/book-project-1656/backend/book-app/src/test/java/com/karankumar/bookproject/book/service/UserCreatedShelfServiceTest.java to ingest queue
2025-09-23 13:41:18,023 - Knowledge - INFO - worker kw21 pull /app/data/kaviademo4200/1656/b70881y/book-project-1656/backend/book-app/src/main/java/com/karankumar/bookproject/security/jwt/exceptionhandler/ErrorResponse.java from ingest queue
2025-09-23 13:41:18,023 - Knowledge - INFO - adding /app/data/kaviademo4200/1656/b70881y/book-project-1656/backend/book-app/src/test/java/com/karankumar/bookproject/book/repository/PredefinedShelfRepositoryTest.java to ingest queue
2025-09-23 13:41:18,167 - Knowledge - INFO - process ingested knowledge for /app/data/kaviademo4200/1656/b70881y/book-project-1656/backend/book-app/src/main/java/com/karankumar/bookproject/security/jwt/exceptionhandler/ErrorResponse.java
2025-09-23 13:41:18,238 - Knowledge - INFO - worker kw13 pull /app/data/kaviademo4200/1656/b70881y/book-project-1656/backend/book-app/src/main/java/com/karankumar/bookproject/security/jwt/exceptionhandler/ApiExceptionHandler.java from ingest queue
2025-09-23 13:41:18,238 - Knowledge - INFO - Found code-base-name: https://github.com/kavia-common/book-project-1656.git:kavia-main
2025-09-23 13:41:18,239 - Knowledge - INFO - Found code-base-name: https://github.com/kavia-common/book-project-1656.git:kavia-main
2025-09-23 13:41:18,240 - Knowledge - INFO - Found code-base-name: https://github.com/kavia-common/book-project-1656.git:kavia-main
2025-09-23 13:41:18,240 - Knowledge - INFO - Found code-base-name: https://github.com/kavia-common/book-project-1656.git:kavia-main
2025-09-23 13:41:18,240 - Knowledge - INFO - worker kw16 pull /app/data/kaviademo4200/1656/b70881y/book-project-1656/backend/book-app/src/main/java/com/karankumar/bookproject/security/jwt/JwtConfig.java from ingest queue
2025-09-23 13:41:18,240 - Knowledge - INFO - worker kw6 pull /app/data/kaviademo4200/1656/b70881y/book-project-1656/backend/book-app/src/main/java/com/karankumar/bookproject/shelf/repository/PredefinedShelfRepository.java from ingest queue
2025-09-23 13:41:18,240 - Knowledge - INFO - worker kw12 pull /app/data/kaviademo4200/1656/b70881y/book-project-1656/backend/book-app/src/main/java/com/karankumar/bookproject/shelf/repository/UserCreatedShelfRepository.java from ingest queue
2025-09-23 13:41:18,296 - Knowledge - INFO - Found code-base-name: https://github.com/kavia-common/book-project-1656.git:kavia-main
2025-09-23 13:41:18,342 - Knowledge - INFO - adding /app/data/kaviademo4200/1656/b70881y/book-project-1656/backend/book-app/src/test/java/com/karankumar/bookproject/book/service/ReadingGoalServiceTest.java to ingest queue
2025-09-23 13:41:18,486 - Knowledge - INFO - process ingested knowledge for /app/data/kaviademo4200/1656/b70881y/book-project-1656/backend/book-app/src/main/java/com/karankumar/bookproject/security/jwt/exceptionhandler/ApiExceptionHandler.java
2025-09-23 13:41:18,552 - Knowledge - INFO - Found code_base: <app.utils.kg_build.knowledge.KnowledgeCodeBase object at 0x7f19d0023dd0>
2025-09-23 13:41:18,637 - Knowledge - INFO - Found code_base: <app.utils.kg_build.knowledge.KnowledgeCodeBase object at 0x7f19d0023dd0>
2025-09-23 13:41:18,748 - Knowledge - INFO - Found code_base: <app.utils.kg_build.knowledge.KnowledgeCodeBase object at 0x7f19d0023dd0>
2025-09-23 13:41:18,865 - Knowledge - INFO - Found code_base: <app.utils.kg_build.knowledge.KnowledgeCodeBase object at 0x7f19d0023dd0>
2025-09-23 13:41:18,965 - Knowledge - INFO - process ingested knowledge for /app/data/kaviademo4200/1656/b70881y/book-project-1656/backend/book-app/src/main/java/com/karankumar/bookproject/security/jwt/JwtConfig.java
2025-09-23 13:41:19,074 - Knowledge - INFO - process ingested knowledge for /app/data/kaviademo4200/1656/b70881y/book-project-1656/backend/book-app/src/main/java/com/karankumar/bookproject/shelf/repository/PredefinedShelfRepository.java
2025-09-23 13:41:19,171 - Knowledge - INFO - process ingested knowledge for /app/data/kaviademo4200/1656/b70881y/book-project-1656/backend/book-app/src/main/java/com/karankumar/bookproject/shelf/repository/UserCreatedShelfRepository.java
2025-09-23 13:41:19,249 - Knowledge - INFO - Found code_base: <app.utils.kg_build.knowledge.KnowledgeCodeBase object at 0x7f19d0023dd0>
2025-09-23 13:41:19,370 - Knowledge - INFO - Found code-base-name: https://github.com/kavia-common/book-project-1656.git:kavia-main
2025-09-23 13:41:19,371 - Knowledge - INFO - worker kw11 pull /app/data/kaviademo4200/1656/b70881y/book-project-1656/backend/book-app/src/main/java/com/karankumar/bookproject/shelf/controller/PredefinedShelfController.java from ingest queue
2025-09-23 13:41:19,371 - Knowledge - INFO - Found code-base-name: https://github.com/kavia-common/book-project-1656.git:kavia-main
2025-09-23 13:41:19,372 - Knowledge - INFO - Found code-base-name: https://github.com/kavia-common/book-project-1656.git:kavia-main
2025-09-23 13:41:19,372 - Knowledge - INFO - worker kw22 pull /app/data/kaviademo4200/1656/b70881y/book-project-1656/backend/book-app/src/main/java/com/karankumar/bookproject/shelf/controller/ShelfController.java from ingest queue
2025-09-23 13:41:19,372 - Knowledge - INFO - worker kw25 pull /app/data/kaviademo4200/1656/b70881y/book-project-1656/backend/book-app/src/main/java/com/karankumar/bookproject/shelf/ShelfNameExistsException.java from ingest queue
2025-09-23 13:41:19,372 - Knowledge - INFO - worker kw26 pull /app/data/kaviademo4200/1656/b70881y/book-project-1656/backend/book-app/src/main/java/com/karankumar/bookproject/shelf/service/UserCreatedShelfService.java from ingest queue
2025-09-23 13:41:19,372 - Knowledge - INFO - worker kw3 pull /app/data/kaviademo4200/1656/b70881y/book-project-1656/backend/book-app/src/main/java/com/karankumar/bookproject/shelf/service/PredefinedShelfService.java from ingest queue
2025-09-23 13:41:19,373 - Knowledge - INFO - Found code-base-name: https://github.com/kavia-common/book-project-1656.git:kavia-main
2025-09-23 13:41:19,429 - Knowledge - INFO - adding /app/data/kaviademo4200/1656/b70881y/book-project-1656/backend/book-app/src/test/java/com/karankumar/bookproject/book/controller/BookImportControllerTest.java to ingest queue
2025-09-23 13:41:19,553 - Knowledge - INFO - persist ingested knowledge for /app/data/kaviademo4200/1656/b70881y/book-project-1656/backend/book-app/src/test/java/com/karankumar/bookproject/book/dto/GoodreadsBookImportTest.java
2025-09-23 13:41:19,670 - Knowledge - INFO - persist ingested knowledge for /app/data/kaviademo4200/1656/b70881y/book-project-1656/backend/book-app/src/test/resources/libraryThingImportSample.json
2025-09-23 13:41:19,770 - Knowledge - INFO - persist ingested knowledge for /app/data/kaviademo4200/1656/b70881y/book-project-1656/backend/book-app/src/test/resources/exportedBooksSample.json
2025-09-23 13:41:19,859 - Knowledge - INFO - persist ingested knowledge for /app/data/kaviademo4200/1656/b70881y/book-project-1656/backend/book-app/src/main/java/com/karankumar/bookproject/security/SecurityConfiguration.java
2025-09-23 13:41:20,227 - Knowledge - INFO - persist ingested knowledge for /app/data/kaviademo4200/1656/b70881y/book-project-1656/backend/book-app/src/test/java/com/karankumar/bookproject/book/service/PredefinedShelfServiceTest.java
2025-09-23 13:41:20,314 - Knowledge - INFO - Found code_base: <app.utils.kg_build.knowledge.KnowledgeCodeBase object at 0x7f19d0023dd0>
2025-09-23 13:41:20,434 - Knowledge - INFO - process ingested knowledge for /app/data/kaviademo4200/1656/b70881y/book-project-1656/backend/book-app/src/main/java/com/karankumar/bookproject/shelf/controller/PredefinedShelfController.java
2025-09-23 13:41:20,521 - Knowledge - INFO - Found code_base: <app.utils.kg_build.knowledge.KnowledgeCodeBase object at 0x7f19d0023dd0>
2025-09-23 13:41:20,634 - Knowledge - INFO - Found code_base: <app.utils.kg_build.knowledge.KnowledgeCodeBase object at 0x7f19d0023dd0>
2025-09-23 13:41:20,742 - Knowledge - INFO - process ingested knowledge for /app/data/kaviademo4200/1656/b70881y/book-project-1656/backend/book-app/src/main/java/com/karankumar/bookproject/shelf/controller/ShelfController.java
2025-09-23 13:41:20,828 - Knowledge - INFO - process ingested knowledge for /app/data/kaviademo4200/1656/b70881y/book-project-1656/backend/book-app/src/main/java/com/karankumar/bookproject/shelf/ShelfNameExistsException.java
2025-09-23 13:41:20,938 - Knowledge - INFO - process ingested knowledge for /app/data/kaviademo4200/1656/b70881y/book-project-1656/backend/book-app/src/main/java/com/karankumar/bookproject/shelf/service/UserCreatedShelfService.java
2025-09-23 13:41:21,034 - Knowledge - INFO - process ingested knowledge for /app/data/kaviademo4200/1656/b70881y/book-project-1656/backend/book-app/src/main/java/com/karankumar/bookproject/shelf/service/PredefinedShelfService.java
2025-09-23 13:41:21,126 - Knowledge - INFO - Found code_base: <app.utils.kg_build.knowledge.KnowledgeCodeBase object at 0x7f19d0023dd0>
2025-09-23 13:41:21,200 - Knowledge - INFO - worker kw8 pull /app/data/kaviademo4200/1656/b70881y/book-project-1656/backend/book-app/src/main/java/com/karankumar/bookproject/shelf/model/PredefinedShelf.java from ingest queue
2025-09-23 13:41:21,201 - Knowledge - INFO - Found code-base-name: https://github.com/kavia-common/book-project-1656.git:kavia-main
2025-09-23 13:41:21,202 - Knowledge - INFO - adding /app/data/kaviademo4200/1656/b70881y/book-project-1656/backend/book-app/src/test/java/com/karankumar/bookproject/book/service/UserServiceTest.java to ingest queue
2025-09-23 13:41:21,747 - Knowledge - INFO - persist ingested knowledge for /app/data/kaviademo4200/1656/b70881y/book-project-1656/backend/book-app/src/main/java/com/karankumar/bookproject/security/jwt/JwtUsernamePasswordAuthFilter.java
2025-09-23 13:41:21,906 - Knowledge - INFO - persist ingested knowledge for /app/data/kaviademo4200/1656/b70881y/book-project-1656/backend/book-app/src/main/java/com/karankumar/bookproject/security/jwt/JwtSecretKey.java
2025-09-23 13:41:22,013 - Knowledge - INFO - persist ingested knowledge for /app/data/kaviademo4200/1656/b70881y/book-project-1656/backend/book-app/src/main/java/com/karankumar/bookproject/security/jwt/UsernamePasswordAuthRequest.java
2025-09-23 13:41:22,575 - Knowledge - INFO - persist ingested knowledge for /app/data/kaviademo4200/1656/b70881y/book-project-1656/backend/book-app/src/test/resources/data.sql
2025-09-23 13:41:22,695 - Knowledge - INFO - process ingested knowledge for /app/data/kaviademo4200/1656/b70881y/book-project-1656/backend/book-app/src/main/java/com/karankumar/bookproject/shelf/model/PredefinedShelf.java
2025-09-23 13:41:22,785 - Knowledge - INFO - Found code_base: <app.utils.kg_build.knowledge.KnowledgeCodeBase object at 0x7f19d0023dd0>
2025-09-23 13:41:22,885 - Knowledge - INFO - worker kw4 pull /app/data/kaviademo4200/1656/b70881y/book-project-1656/backend/book-app/src/main/java/com/karankumar/bookproject/shelf/model/Shelf.java from ingest queue
2025-09-23 13:41:22,886 - Knowledge - INFO - Found code-base-name: https://github.com/kavia-common/book-project-1656.git:kavia-main
2025-09-23 13:41:22,941 - Knowledge - INFO - worker kw14 pull /app/data/kaviademo4200/1656/b70881y/book-project-1656/backend/book-app/src/main/java/com/karankumar/bookproject/shelf/model/UserCreatedShelf.java from ingest queue
2025-09-23 13:41:22,941 - Knowledge - INFO - adding /app/data/kaviademo4200/1656/b70881y/book-project-1656/backend/book-app/src/test/java/com/karankumar/bookproject/book/service/TagServiceTest.java to ingest queue
2025-09-23 13:41:23,489 - Knowledge - INFO - persist ingested knowledge for /app/data/kaviademo4200/1656/b70881y/book-project-1656/backend/book-app/src/main/java/com/karankumar/bookproject/security/jwt/exceptionhandler/ErrorResponse.java
2025-09-23 13:41:23,613 - Knowledge - INFO - process ingested knowledge for /app/data/kaviademo4200/1656/b70881y/book-project-1656/backend/book-app/src/main/java/com/karankumar/bookproject/shelf/model/Shelf.java
2025-09-23 13:41:23,667 - Knowledge - INFO - Found code_base: <app.utils.kg_build.knowledge.KnowledgeCodeBase object at 0x7f19d0023dd0>
2025-09-23 13:41:23,821 - Knowledge - INFO - process ingested knowledge for /app/data/kaviademo4200/1656/b70881y/book-project-1656/backend/book-app/src/main/java/com/karankumar/bookproject/shelf/model/UserCreatedShelf.java
2025-09-23 13:41:23,902 - Knowledge - INFO - Found code-base-name: https://github.com/kavia-common/book-project-1656.git:kavia-main
2025-09-23 13:41:23,902 - Knowledge - INFO - Found code-base-name: https://github.com/kavia-common/book-project-1656.git:kavia-main
2025-09-23 13:41:23,903 - Knowledge - INFO - Found code-base-name: https://github.com/kavia-common/book-project-1656.git:kavia-main
2025-09-23 13:41:23,903 - Knowledge - INFO - Found code-base-name: https://github.com/kavia-common/book-project-1656.git:kavia-main
2025-09-23 13:41:23,904 - Knowledge - INFO - adding /app/data/kaviademo4200/1656/b70881y/book-project-1656/backend/book-app/src/test/java/com/karankumar/bookproject/bookexport/BookExportControllerTest.java to ingest queue
2025-09-23 13:41:24,203 - Knowledge - INFO - persist ingested knowledge for /app/data/kaviademo4200/1656/b70881y/book-project-1656/backend/book-app/src/main/java/com/karankumar/bookproject/security/jwt/JwtTokenVerifier.java
2025-09-23 13:41:24,409 - Knowledge - INFO - Found code_base: <app.utils.kg_build.knowledge.KnowledgeCodeBase object at 0x7f19d0023dd0>
2025-09-23 13:41:24,496 - Knowledge - INFO - Found code_base: <app.utils.kg_build.knowledge.KnowledgeCodeBase object at 0x7f19d0023dd0>
2025-09-23 13:41:24,579 - Knowledge - INFO - Found code_base: <app.utils.kg_build.knowledge.KnowledgeCodeBase object at 0x7f19d0023dd0>
2025-09-23 13:41:24,661 - Knowledge - INFO - Found code_base: <app.utils.kg_build.knowledge.KnowledgeCodeBase object at 0x7f19d0023dd0>
2025-09-23 13:41:24,785 - Knowledge - INFO - worker kw1 pull /app/data/kaviademo4200/1656/b70881y/book-project-1656/backend/book-app/src/main/java/com/karankumar/bookproject/bookimport/ImportService.java from ingest queue
2025-09-23 13:41:24,957 - Knowledge - INFO - persist ingested knowledge for /app/data/kaviademo4200/1656/b70881y/book-project-1656/backend/book-app/src/main/java/com/karankumar/bookproject/security/jwt/exceptionhandler/ApiExceptionHandler.java
2025-09-23 13:41:24,994 - Knowledge - INFO - Found code-base-name: https://github.com/kavia-common/book-project-1656.git:kavia-main
2025-09-23 13:41:24,995 - Knowledge - INFO - Found code-base-name: https://github.com/kavia-common/book-project-1656.git:kavia-main
2025-09-23 13:41:24,995 - Knowledge - INFO - Found code-base-name: https://github.com/kavia-common/book-project-1656.git:kavia-main
2025-09-23 13:41:24,995 - Knowledge - INFO - Found code-base-name: https://github.com/kavia-common/book-project-1656.git:kavia-main
2025-09-23 13:41:24,995 - Knowledge - INFO - Found code-base-name: https://github.com/kavia-common/book-project-1656.git:kavia-main
2025-09-23 13:41:25,041 - Knowledge - INFO - worker kw7 pull /app/data/kaviademo4200/1656/b70881y/book-project-1656/backend/book-app/src/main/java/com/karankumar/bookproject/bookimport/BookImportController.java from ingest queue
2025-09-23 13:41:25,041 - Knowledge - INFO - adding /app/data/kaviademo4200/1656/b70881y/book-project-1656/backend/book-app/src/test/java/com/karankumar/bookproject/book/service/IncorrectPasswordException.java to ingest queue
2025-09-23 13:41:25,059 - Knowledge - INFO - persist ingested knowledge for /app/data/kaviademo4200/1656/b70881y/book-project-1656/backend/book-app/src/main/java/com/karankumar/bookproject/security/jwt/JwtConfig.java
2025-09-23 13:41:25,140 - Knowledge - INFO - persist ingested knowledge for /app/data/kaviademo4200/1656/b70881y/book-project-1656/backend/book-app/src/main/java/com/karankumar/bookproject/shelf/repository/PredefinedShelfRepository.java
2025-09-23 13:41:25,248 - Knowledge - INFO - persist ingested knowledge for /app/data/kaviademo4200/1656/b70881y/book-project-1656/backend/book-app/src/main/java/com/karankumar/bookproject/shelf/repository/UserCreatedShelfRepository.java
2025-09-23 13:41:25,349 - Knowledge - INFO - process ingested knowledge for /app/data/kaviademo4200/1656/b70881y/book-project-1656/backend/book-app/src/main/java/com/karankumar/bookproject/bookimport/ImportService.java
2025-09-23 13:41:25,510 - Knowledge - INFO - Found code_base: <app.utils.kg_build.knowledge.KnowledgeCodeBase object at 0x7f19d0023dd0>
2025-09-23 13:41:25,597 - Knowledge - INFO - Found code_base: <app.utils.kg_build.knowledge.KnowledgeCodeBase object at 0x7f19d0023dd0>
2025-09-23 13:41:25,684 - Knowledge - INFO - Found code_base: <app.utils.kg_build.knowledge.KnowledgeCodeBase object at 0x7f19d0023dd0>
2025-09-23 13:41:25,772 - Knowledge - INFO - Found code_base: <app.utils.kg_build.knowledge.KnowledgeCodeBase object at 0x7f19d0023dd0>
2025-09-23 13:41:25,855 - Knowledge - INFO - Found code_base: <app.utils.kg_build.knowledge.KnowledgeCodeBase object at 0x7f19d0023dd0>
2025-09-23 13:41:25,982 - Knowledge - INFO - process ingested knowledge for /app/data/kaviademo4200/1656/b70881y/book-project-1656/backend/book-app/src/main/java/com/karankumar/bookproject/bookimport/BookImportController.java
2025-09-23 13:41:26,266 - Knowledge - INFO - Found code-base-name: https://github.com/kavia-common/book-project-1656.git:kavia-main
2025-09-23 13:41:26,266 - Knowledge - INFO - worker kw5 pull /app/data/kaviademo4200/1656/b70881y/book-project-1656/backend/book-app/src/main/java/com/karankumar/bookproject/bookimport/LibraryThingBookImportService.java from ingest queue
2025-09-23 13:41:26,324 - Knowledge - INFO - Found code-base-name: https://github.com/kavia-common/book-project-1656.git:kavia-main
2025-09-23 13:41:26,377 - Knowledge - INFO - worker kw18 pull /app/data/kaviademo4200/1656/b70881y/book-project-1656/backend/book-app/src/main/java/com/karankumar/bookproject/bookimport/GoodreadsBookImport.java from ingest queue
2025-09-23 13:41:26,378 - Knowledge - INFO - adding /app/data/kaviademo4200/1656/b70881y/book-project-1656/backend/book-app/src/test/java/com/karankumar/bookproject/book/dto/GoodreadsBookImportTest.java to ingest queue
2025-09-23 13:41:26,501 - Knowledge - INFO - persist ingested knowledge for /app/data/kaviademo4200/1656/b70881y/book-project-1656/backend/book-app/src/main/java/com/karankumar/bookproject/shelf/controller/PredefinedShelfController.java
2025-09-23 13:41:26,612 - Knowledge - INFO - persist ingested knowledge for /app/data/kaviademo4200/1656/b70881y/book-project-1656/backend/book-app/src/main/java/com/karankumar/bookproject/shelf/controller/ShelfController.java
2025-09-23 13:41:26,691 - Knowledge - INFO - persist ingested knowledge for /app/data/kaviademo4200/1656/b70881y/book-project-1656/backend/book-app/src/main/java/com/karankumar/bookproject/shelf/ShelfNameExistsException.java
2025-09-23 13:41:26,783 - Knowledge - INFO - persist ingested knowledge for /app/data/kaviademo4200/1656/b70881y/book-project-1656/backend/book-app/src/main/java/com/karankumar/bookproject/shelf/service/UserCreatedShelfService.java
2025-09-23 13:41:26,910 - Knowledge - INFO - persist ingested knowledge for /app/data/kaviademo4200/1656/b70881y/book-project-1656/backend/book-app/src/main/java/com/karankumar/bookproject/shelf/service/PredefinedShelfService.java
2025-09-23 13:41:27,068 - Knowledge - INFO - Found code_base: <app.utils.kg_build.knowledge.KnowledgeCodeBase object at 0x7f19d0023dd0>
2025-09-23 13:41:27,179 - Knowledge - INFO - process ingested knowledge for /app/data/kaviademo4200/1656/b70881y/book-project-1656/backend/book-app/src/main/java/com/karankumar/bookproject/bookimport/LibraryThingBookImportService.java
2025-09-23 13:41:27,250 - Knowledge - INFO - Found code_base: <app.utils.kg_build.knowledge.KnowledgeCodeBase object at 0x7f19d0023dd0>
2025-09-23 13:41:27,372 - Knowledge - INFO - process ingested knowledge for /app/data/kaviademo4200/1656/b70881y/book-project-1656/backend/book-app/src/main/java/com/karankumar/bookproject/bookimport/GoodreadsBookImport.java
2025-09-23 13:41:27,415 - Knowledge - INFO - adding /app/data/kaviademo4200/1656/b70881y/book-project-1656/backend/book-app/src/test/resources/exportedBooksSample.json to ingest queue
2025-09-23 13:41:28,036 - Knowledge - INFO - persist ingested knowledge for /app/data/kaviademo4200/1656/b70881y/book-project-1656/backend/book-app/src/main/java/com/karankumar/bookproject/shelf/model/PredefinedShelf.java
2025-09-23 13:41:28,238 - Knowledge - INFO - persist ingested knowledge for /app/data/kaviademo4200/1656/b70881y/book-project-1656/backend/book-app/src/main/java/com/karankumar/bookproject/shelf/model/UserCreatedShelf.java
2025-09-23 13:41:28,452 - Knowledge - INFO - adding /app/data/kaviademo4200/1656/b70881y/book-project-1656/backend/book-app/src/main/java/com/karankumar/bookproject/security/SecurityConfiguration.java to ingest queue
2025-09-23 13:41:28,706 - Knowledge - INFO - adding /app/data/kaviademo4200/1656/b70881y/book-project-1656/backend/book-app/src/test/java/com/karankumar/bookproject/book/service/PredefinedShelfServiceTest.java to ingest queue
2025-09-23 13:41:28,842 - Knowledge - INFO - adding /app/data/kaviademo4200/1656/b70881y/book-project-1656/backend/book-app/src/test/java/com/karankumar/bookproject/book/service/PublisherServiceTest.java to ingest queue
2025-09-23 13:41:28,988 - Knowledge - INFO - worker kw10 pull /app/data/kaviademo4200/1656/b70881y/book-project-1656/backend/book-app/src/main/java/com/karankumar/bookproject/bookimport/mapper/LibraryThingMapper.java from ingest queue
2025-09-23 13:41:28,989 - Knowledge - INFO - adding /app/data/kaviademo4200/1656/b70881y/book-project-1656/backend/book-app/src/main/java/com/karankumar/bookproject/security/jwt/JwtUsernamePasswordAuthFilter.java to ingest queue
2025-09-23 13:41:29,114 - Knowledge - INFO - process ingested knowledge for /app/data/kaviademo4200/1656/b70881y/book-project-1656/backend/book-app/src/main/java/com/karankumar/bookproject/bookimport/mapper/LibraryThingMapper.java
2025-09-23 13:41:29,206 - Knowledge - INFO - adding /app/data/kaviademo4200/1656/b70881y/book-project-1656/backend/book-app/src/main/java/com/karankumar/bookproject/security/jwt/JwtSecretKey.java to ingest queue
2025-09-23 13:41:29,404 - Knowledge - INFO - adding /app/data/kaviademo4200/1656/b70881y/book-project-1656/backend/book-app/src/main/java/com/karankumar/bookproject/security/jwt/UsernamePasswordAuthRequest.java to ingest queue
2025-09-23 13:41:29,542 - Knowledge - INFO - adding /app/data/kaviademo4200/1656/b70881y/book-project-1656/backend/book-app/src/test/resources/data.sql to ingest queue
2025-09-23 13:41:29,629 - Knowledge - INFO - Found code-base-name: https://github.com/kavia-common/book-project-1656.git:kavia-main
2025-09-23 13:41:29,723 - Knowledge - INFO - Found code_base: <app.utils.kg_build.knowledge.KnowledgeCodeBase object at 0x7f19d0023dd0>
2025-09-23 13:41:29,683 - Knowledge - INFO - adding /app/data/kaviademo4200/1656/b70881y/book-project-1656/backend/book-app/src/main/java/com/karankumar/bookproject/security/jwt/exceptionhandler/ErrorResponse.java to ingest queue
2025-09-23 13:41:29,812 - Knowledge - INFO - persist ingested knowledge for /app/data/kaviademo4200/1656/b70881y/book-project-1656/backend/book-app/src/main/java/com/karankumar/bookproject/shelf/model/Shelf.java
2025-09-23 13:41:29,941 - Knowledge - INFO - adding /app/data/kaviademo4200/1656/b70881y/book-project-1656/backend/book-app/src/test/resources/libraryThingImportSample.json to ingest queue
2025-09-23 13:41:30,069 - Knowledge - INFO - Found code-base-name: https://github.com/kavia-common/book-project-1656.git:kavia-main
2025-09-23 13:41:30,071 - Knowledge - INFO - Found code-base-name: https://github.com/kavia-common/book-project-1656.git:kavia-main
2025-09-23 13:41:30,071 - Knowledge - INFO - worker kw2 pull /app/data/kaviademo4200/1656/b70881y/book-project-1656/backend/book-app/src/main/java/com/karankumar/bookproject/bookimport/ImportServiceDelegate.java from ingest queue
2025-09-23 13:41:30,149 - Knowledge - INFO - Found code_base: <app.utils.kg_build.knowledge.KnowledgeCodeBase object at 0x7f19d0023dd0>
2025-09-23 13:41:30,257 - Knowledge - INFO - Found code_base: <app.utils.kg_build.knowledge.KnowledgeCodeBase object at 0x7f19d0023dd0>
2025-09-23 13:41:30,291 - Knowledge - INFO - Found code-base-name: https://github.com/kavia-common/book-project-1656.git:kavia-main
2025-09-23 13:41:30,291 - Knowledge - INFO - Found code-base-name: https://github.com/kavia-common/book-project-1656.git:kavia-main
2025-09-23 13:41:30,291 - Knowledge - INFO - worker kw9 pull /app/data/kaviademo4200/1656/b70881y/book-project-1656/backend/book-app/src/main/java/com/karankumar/bookproject/bookimport/librarything/LibraryThingBookImport.java from ingest queue
2025-09-23 13:41:30,340 - Knowledge - INFO - worker kw20 pull /app/data/kaviademo4200/1656/b70881y/book-project-1656/backend/book-app/src/main/java/com/karankumar/bookproject/bookimport/librarything/LibraryThingBookDataImport.java from ingest queue
2025-09-23 13:41:30,340 - Knowledge - INFO - worker kw30 pull /app/data/kaviademo4200/1656/b70881y/book-project-1656/backend/book-app/src/main/java/com/karankumar/bookproject/BookProjectApplication.java from ingest queue
2025-09-23 13:41:30,391 - Knowledge - INFO - adding /app/data/kaviademo4200/1656/b70881y/book-project-1656/backend/book-app/src/main/java/com/karankumar/bookproject/security/jwt/exceptionhandler/ApiExceptionHandler.java to ingest queue
2025-09-23 13:41:30,407 - Knowledge - INFO - process ingested knowledge for /app/data/kaviademo4200/1656/b70881y/book-project-1656/backend/book-app/src/main/java/com/karankumar/bookproject/bookimport/ImportServiceDelegate.java
2025-09-23 13:41:30,472 - Knowledge - INFO - persist ingested knowledge for /app/data/kaviademo4200/1656/b70881y/book-project-1656/backend/book-app/src/main/java/com/karankumar/bookproject/bookimport/ImportService.java
2025-09-23 13:41:30,585 - Knowledge - INFO - persist ingested knowledge for /app/data/kaviademo4200/1656/b70881y/book-project-1656/backend/book-app/src/main/java/com/karankumar/bookproject/bookimport/BookImportController.java
2025-09-23 13:41:30,682 - Knowledge - INFO - Found code_base: <app.utils.kg_build.knowledge.KnowledgeCodeBase object at 0x7f19d0023dd0>
2025-09-23 13:41:30,771 - Knowledge - INFO - Found code_base: <app.utils.kg_build.knowledge.KnowledgeCodeBase object at 0x7f19d0023dd0>
2025-09-23 13:41:30,877 - Knowledge - INFO - process ingested knowledge for /app/data/kaviademo4200/1656/b70881y/book-project-1656/backend/book-app/src/main/java/com/karankumar/bookproject/bookimport/librarything/LibraryThingBookImport.java
2025-09-23 13:41:30,980 - Knowledge - INFO - process ingested knowledge for /app/data/kaviademo4200/1656/b70881y/book-project-1656/backend/book-app/src/main/java/com/karankumar/bookproject/bookimport/librarything/LibraryThingBookDataImport.java
2025-09-23 13:41:31,081 - Knowledge - INFO - process ingested knowledge for /app/data/kaviademo4200/1656/b70881y/book-project-1656/backend/book-app/src/main/java/com/karankumar/bookproject/BookProjectApplication.java
2025-09-23 13:41:31,168 - Knowledge - INFO - worker kw28 pull /app/data/kaviademo4200/1656/b70881y/book-project-1656/backend/book-app/src/main/java/com/karankumar/bookproject/util/StringUtils.java from ingest queue
2025-09-23 13:41:31,168 - Knowledge - INFO - Found code-base-name: https://github.com/kavia-common/book-project-1656.git:kavia-main
2025-09-23 13:41:31,168 - Knowledge - INFO - worker kw29 pull /app/data/kaviademo4200/1656/b70881y/book-project-1656/backend/book-app/src/main/java/com/karankumar/bookproject/util/TestData.java from ingest queue
2025-09-23 13:41:31,169 - Knowledge - INFO - worker kw19 pull /app/data/kaviademo4200/1656/b70881y/book-project-1656/backend/book-app/src/main/java/com/karankumar/bookproject/util/CsvUtils.java from ingest queue
2025-09-23 13:41:31,169 - Knowledge - INFO - adding /app/data/kaviademo4200/1656/b70881y/book-project-1656/backend/book-app/src/main/java/com/karankumar/bookproject/shelf/repository/UserCreatedShelfRepository.java to ingest queue
2025-09-23 13:41:31,591 - Knowledge - INFO - persist ingested knowledge for /app/data/kaviademo4200/1656/b70881y/book-project-1656/backend/book-app/src/main/java/com/karankumar/bookproject/bookimport/LibraryThingBookImportService.java
2025-09-23 13:41:31,674 - Knowledge - INFO - persist ingested knowledge for /app/data/kaviademo4200/1656/b70881y/book-project-1656/backend/book-app/src/main/java/com/karankumar/bookproject/bookimport/GoodreadsBookImport.java
2025-09-23 13:41:32,146 - Knowledge - INFO - process ingested knowledge for /app/data/kaviademo4200/1656/b70881y/book-project-1656/backend/book-app/src/main/java/com/karankumar/bookproject/util/StringUtils.java
2025-09-23 13:41:32,202 - Knowledge - INFO - Found code_base: <app.utils.kg_build.knowledge.KnowledgeCodeBase object at 0x7f19d0023dd0>
2025-09-23 13:41:32,313 - Knowledge - INFO - process ingested knowledge for /app/data/kaviademo4200/1656/b70881y/book-project-1656/backend/book-app/src/main/java/com/karankumar/bookproject/util/TestData.java
2025-09-23 13:41:32,408 - Knowledge - INFO - process ingested knowledge for /app/data/kaviademo4200/1656/b70881y/book-project-1656/backend/book-app/src/main/java/com/karankumar/bookproject/util/CsvUtils.java
2025-09-23 13:41:32,488 - Knowledge - INFO - adding /app/data/kaviademo4200/1656/b70881y/book-project-1656/backend/book-app/src/main/java/com/karankumar/bookproject/security/jwt/JwtTokenVerifier.java to ingest queue
2025-09-23 13:41:32,933 - Knowledge - INFO - persist ingested knowledge for /app/data/kaviademo4200/1656/b70881y/book-project-1656/backend/book-app/src/main/java/com/karankumar/bookproject/bookimport/mapper/LibraryThingMapper.java
2025-09-23 13:41:33,298 - Knowledge - INFO - worker kw24 pull /app/data/kaviademo4200/1656/b70881y/book-project-1656/backend/book-app/src/main/java/com/karankumar/bookproject/util/DateUtils.java from ingest queue
2025-09-23 13:41:33,345 - Knowledge - INFO - adding /app/data/kaviademo4200/1656/b70881y/book-project-1656/backend/book-app/src/main/java/com/karankumar/bookproject/shelf/ShelfNameExistsException.java to ingest queue
2025-09-23 13:41:33,487 - Knowledge - INFO - process ingested knowledge for /app/data/kaviademo4200/1656/b70881y/book-project-1656/backend/book-app/src/main/java/com/karankumar/bookproject/util/DateUtils.java
2025-09-23 13:41:33,547 - Knowledge - INFO - adding /app/data/kaviademo4200/1656/b70881y/book-project-1656/backend/book-app/src/main/java/com/karankumar/bookproject/shelf/service/UserCreatedShelfService.java to ingest queue
2025-09-23 13:41:33,753 - Knowledge - INFO - adding /app/data/kaviademo4200/1656/b70881y/book-project-1656/backend/book-app/src/main/java/com/karankumar/bookproject/shelf/service/PredefinedShelfService.java to ingest queue
2025-09-23 13:41:33,915 - Knowledge - INFO - adding /app/data/kaviademo4200/1656/b70881y/book-project-1656/backend/book-app/src/test/java/com/karankumar/bookproject/book/service/AuthorServiceTest.java to ingest queue
2025-09-23 13:41:34,002 - Knowledge - INFO - adding /app/data/kaviademo4200/1656/b70881y/book-project-1656/backend/book-app/src/main/java/com/karankumar/bookproject/shelf/model/PredefinedShelf.java to ingest queue
2025-09-23 13:41:34,123 - Knowledge - INFO - worker kw15 pull /app/data/kaviademo4200/1656/b70881y/book-project-1656/backend/book-app/src/main/java/com/karankumar/bookproject/account/repository/RoleRepository.java from ingest queue
2025-09-23 13:41:34,123 - Knowledge - INFO - adding /app/data/kaviademo4200/1656/b70881y/book-project-1656/backend/book-app/src/main/java/com/karankumar/bookproject/security/jwt/JwtConfig.java to ingest queue
2025-09-23 13:41:34,242 - Knowledge - INFO - process ingested knowledge for /app/data/kaviademo4200/1656/b70881y/book-project-1656/backend/book-app/src/main/java/com/karankumar/bookproject/account/repository/RoleRepository.java
2025-09-23 13:41:34,324 - Knowledge - INFO - worker kw23 pull /app/data/kaviademo4200/1656/b70881y/book-project-1656/backend/book-app/src/main/java/com/karankumar/bookproject/account/repository/UserRepository.java from ingest queue
2025-09-23 13:41:34,325 - Knowledge - INFO - adding /app/data/kaviademo4200/1656/b70881y/book-project-1656/backend/book-app/src/main/java/com/karankumar/bookproject/shelf/repository/PredefinedShelfRepository.java to ingest queue
2025-09-23 13:41:34,549 - Knowledge - INFO - process ingested knowledge for /app/data/kaviademo4200/1656/b70881y/book-project-1656/backend/book-app/src/main/java/com/karankumar/bookproject/account/repository/UserRepository.java
2025-09-23 13:41:34,618 - Knowledge - INFO - Found code-base-name: https://github.com/kavia-common/book-project-1656.git:kavia-main
2025-09-23 13:41:34,721 - Knowledge - INFO - Found code-base-name: https://github.com/kavia-common/book-project-1656.git:kavia-main
2025-09-23 13:41:34,722 - Knowledge - INFO - Found code-base-name: https://github.com/kavia-common/book-project-1656.git:kavia-main
2025-09-23 13:41:34,722 - Knowledge - INFO - Found code-base-name: https://github.com/kavia-common/book-project-1656.git:kavia-main
2025-09-23 13:41:34,722 - Knowledge - INFO - worker kw12 pull /app/data/kaviademo4200/1656/b70881y/book-project-1656/backend/book-app/src/main/java/com/karankumar/bookproject/account/controller/UserController.java from ingest queue
2025-09-23 13:41:34,777 - Knowledge - INFO - Found code-base-name: https://github.com/kavia-common/book-project-1656.git:kavia-main
2025-09-23 13:41:34,777 - Knowledge - INFO - Found code-base-name: https://github.com/kavia-common/book-project-1656.git:kavia-main
2025-09-23 13:41:34,778 - Knowledge - INFO - Found code-base-name: https://github.com/kavia-common/book-project-1656.git:kavia-main
2025-09-23 13:41:34,778 - Knowledge - INFO - worker kw17 pull /app/data/kaviademo4200/1656/b70881y/book-project-1656/backend/book-app/src/main/java/com/karankumar/bookproject/account/auth/UserDetailsMapper.java from ingest queue
2025-09-23 13:41:34,778 - Knowledge - INFO - adding /app/data/kaviademo4200/1656/b70881y/book-project-1656/backend/book-app/src/main/java/com/karankumar/bookproject/shelf/model/Shelf.java to ingest queue
2025-09-23 13:41:34,831 - Knowledge - INFO - Found code_base: <app.utils.kg_build.knowledge.KnowledgeCodeBase object at 0x7f19d0023dd0>
2025-09-23 13:41:34,932 - Knowledge - INFO - Found code_base: <app.utils.kg_build.knowledge.KnowledgeCodeBase object at 0x7f19d0023dd0>
2025-09-23 13:41:35,052 - Knowledge - INFO - Found code_base: <app.utils.kg_build.knowledge.KnowledgeCodeBase object at 0x7f19d0023dd0>
2025-09-23 13:41:35,134 - Knowledge - INFO - Found code_base: <app.utils.kg_build.knowledge.KnowledgeCodeBase object at 0x7f19d0023dd0>
2025-09-23 13:41:35,236 - Knowledge - INFO - process ingested knowledge for /app/data/kaviademo4200/1656/b70881y/book-project-1656/backend/book-app/src/main/java/com/karankumar/bookproject/account/controller/UserController.java
2025-09-23 13:41:35,304 - Knowledge - INFO - Found code_base: <app.utils.kg_build.knowledge.KnowledgeCodeBase object at 0x7f19d0023dd0>
2025-09-23 13:41:35,386 - Knowledge - INFO - Found code_base: <app.utils.kg_build.knowledge.KnowledgeCodeBase object at 0x7f19d0023dd0>
2025-09-23 13:41:35,468 - Knowledge - INFO - Found code_base: <app.utils.kg_build.knowledge.KnowledgeCodeBase object at 0x7f19d0023dd0>
2025-09-23 13:41:35,580 - Knowledge - INFO - process ingested knowledge for /app/data/kaviademo4200/1656/b70881y/book-project-1656/backend/book-app/src/main/java/com/karankumar/bookproject/account/auth/UserDetailsMapper.java
2025-09-23 13:41:35,681 - Knowledge - INFO - adding /app/data/kaviademo4200/1656/b70881y/book-project-1656/backend/book-app/src/main/java/com/karankumar/bookproject/shelf/controller/ShelfController.java to ingest queue
2025-09-23 13:41:35,764 - Knowledge - INFO - persist ingested knowledge for /app/data/kaviademo4200/1656/b70881y/book-project-1656/backend/book-app/src/main/java/com/karankumar/bookproject/bookimport/ImportServiceDelegate.java
2025-09-23 13:41:35,848 - Knowledge - INFO - persist ingested knowledge for /app/data/kaviademo4200/1656/b70881y/book-project-1656/backend/book-app/src/main/java/com/karankumar/bookproject/bookimport/librarything/LibraryThingBookImport.java
2025-09-23 13:41:35,927 - Knowledge - INFO - persist ingested knowledge for /app/data/kaviademo4200/1656/b70881y/book-project-1656/backend/book-app/src/main/java/com/karankumar/bookproject/bookimport/librarything/LibraryThingBookDataImport.java
2025-09-23 13:41:35,998 - Knowledge - INFO - persist ingested knowledge for /app/data/kaviademo4200/1656/b70881y/book-project-1656/backend/book-app/src/main/java/com/karankumar/bookproject/BookProjectApplication.java
2025-09-23 13:41:36,180 - Knowledge - INFO - persist ingested knowledge for /app/data/kaviademo4200/1656/b70881y/book-project-1656/backend/book-app/src/main/java/com/karankumar/bookproject/util/StringUtils.java
2025-09-23 13:41:36,288 - Knowledge - INFO - persist ingested knowledge for /app/data/kaviademo4200/1656/b70881y/book-project-1656/backend/book-app/src/main/java/com/karankumar/bookproject/util/TestData.java
2025-09-23 13:41:36,357 - Knowledge - INFO - persist ingested knowledge for /app/data/kaviademo4200/1656/b70881y/book-project-1656/backend/book-app/src/main/java/com/karankumar/bookproject/util/CsvUtils.java
2025-09-23 13:41:36,637 - Knowledge - INFO - worker kw25 pull /app/data/kaviademo4200/1656/b70881y/book-project-1656/backend/book-app/src/main/java/com/karankumar/bookproject/account/auth/CustomAuthenticationProvider.java from ingest queue
2025-09-23 13:41:36,637 - Knowledge - INFO - worker kw26 pull /app/data/kaviademo4200/1656/b70881y/book-project-1656/backend/book-app/src/main/java/com/karankumar/bookproject/account/auth/listener/AuthenticationBadCredentialsListener.java from ingest queue
2025-09-23 13:41:36,637 - Knowledge - INFO - worker kw3 pull /app/data/kaviademo4200/1656/b70881y/book-project-1656/backend/book-app/src/main/java/com/karankumar/bookproject/account/auth/listener/AuthenticationSuccessListener.java from ingest queue
2025-09-23 13:41:36,637 - Knowledge - INFO - worker kw27 pull /app/data/kaviademo4200/1656/b70881y/book-project-1656/backend/book-app/src/main/java/com/karankumar/bookproject/account/auth/service/DatabaseUserDetailsPasswordService.java from ingest queue
2025-09-23 13:41:36,637 - Knowledge - INFO - worker kw8 pull /app/data/kaviademo4200/1656/b70881y/book-project-1656/backend/book-app/src/main/java/com/karankumar/bookproject/account/auth/service/DatabaseUserDetailsService.java from ingest queue
2025-09-23 13:41:36,638 - Knowledge - INFO - worker kw16 pull /app/data/kaviademo4200/1656/b70881y/book-project-1656/backend/book-app/src/main/java/com/karankumar/bookproject/account/service/UserService.java from ingest queue
2025-09-23 13:41:36,638 - Knowledge - INFO - worker kw6 pull /app/data/kaviademo4200/1656/b70881y/book-project-1656/backend/book-app/src/main/java/com/karankumar/bookproject/account/model/RoleType.java from ingest queue
2025-09-23 13:41:36,638 - Knowledge - INFO - adding /app/data/kaviademo4200/1656/b70881y/book-project-1656/backend/book-app/src/main/java/com/karankumar/bookproject/bookimport/BookImportController.java to ingest queue
2025-09-23 13:41:37,387 - Knowledge - INFO - process ingested knowledge for /app/data/kaviademo4200/1656/b70881y/book-project-1656/backend/book-app/src/main/java/com/karankumar/bookproject/account/auth/CustomAuthenticationProvider.java
2025-09-23 13:41:37,502 - Knowledge - INFO - process ingested knowledge for /app/data/kaviademo4200/1656/b70881y/book-project-1656/backend/book-app/src/main/java/com/karankumar/bookproject/account/auth/listener/AuthenticationBadCredentialsListener.java
2025-09-23 13:41:37,610 - Knowledge - INFO - process ingested knowledge for /app/data/kaviademo4200/1656/b70881y/book-project-1656/backend/book-app/src/main/java/com/karankumar/bookproject/account/auth/listener/AuthenticationSuccessListener.java
2025-09-23 13:41:37,730 - Knowledge - INFO - process ingested knowledge for /app/data/kaviademo4200/1656/b70881y/book-project-1656/backend/book-app/src/main/java/com/karankumar/bookproject/account/auth/service/DatabaseUserDetailsPasswordService.java
2025-09-23 13:41:37,823 - Knowledge - INFO - process ingested knowledge for /app/data/kaviademo4200/1656/b70881y/book-project-1656/backend/book-app/src/main/java/com/karankumar/bookproject/account/auth/service/DatabaseUserDetailsService.java
2025-09-23 13:41:37,918 - Knowledge - INFO - process ingested knowledge for /app/data/kaviademo4200/1656/b70881y/book-project-1656/backend/book-app/src/main/java/com/karankumar/bookproject/account/service/UserService.java
2025-09-23 13:41:37,995 - Knowledge - INFO - process ingested knowledge for /app/data/kaviademo4200/1656/b70881y/book-project-1656/backend/book-app/src/main/java/com/karankumar/bookproject/account/model/RoleType.java
2025-09-23 13:41:38,086 - Knowledge - INFO - Found code-base-name: https://github.com/kavia-common/book-project-1656.git:kavia-main
2025-09-23 13:41:38,087 - Knowledge - INFO - adding /app/data/kaviademo4200/1656/b70881y/book-project-1656/backend/book-app/src/main/java/com/karankumar/bookproject/bookimport/LibraryThingBookImportService.java to ingest queue
2025-09-23 13:41:38,903 - Knowledge - INFO - Found code_base: <app.utils.kg_build.knowledge.KnowledgeCodeBase object at 0x7f19d0023dd0>
2025-09-23 13:41:39,028 - Knowledge - INFO - adding /app/data/kaviademo4200/1656/b70881y/book-project-1656/backend/book-app/src/main/java/com/karankumar/bookproject/shelf/controller/PredefinedShelfController.java to ingest queue
2025-09-23 13:41:39,109 - Knowledge - INFO - persist ingested knowledge for /app/data/kaviademo4200/1656/b70881y/book-project-1656/backend/book-app/src/main/java/com/karankumar/bookproject/account/repository/UserRepository.java
2025-09-23 13:41:39,193 - Knowledge - INFO - worker kw4 pull /app/data/kaviademo4200/1656/b70881y/book-project-1656/backend/book-app/src/main/java/com/karankumar/bookproject/account/model/Role.java from ingest queue
2025-09-23 13:41:39,193 - Knowledge - INFO - Found code-base-name: https://github.com/kavia-common/book-project-1656.git:kavia-main
2025-09-23 13:41:39,194 - Knowledge - INFO - worker kw22 pull /app/data/kaviademo4200/1656/b70881y/book-project-1656/backend/book-app/src/main/java/com/karankumar/bookproject/account/model/User.java from ingest queue
2025-09-23 13:41:39,194 - Knowledge - INFO - Found code-base-name: https://github.com/kavia-common/book-project-1656.git:kavia-main
2025-09-23 13:41:39,194 - Knowledge - INFO - adding /app/data/kaviademo4200/1656/b70881y/book-project-1656/backend/book-app/src/main/java/com/karankumar/bookproject/shelf/model/UserCreatedShelf.java to ingest queue
2025-09-23 13:41:39,405 - Knowledge - INFO - process ingested knowledge for /app/data/kaviademo4200/1656/b70881y/book-project-1656/backend/book-app/src/main/java/com/karankumar/bookproject/account/model/Role.java
2025-09-23 13:41:39,473 - Knowledge - INFO - Found code_base: <app.utils.kg_build.knowledge.KnowledgeCodeBase object at 0x7f19d0023dd0>
2025-09-23 13:41:39,600 - Knowledge - INFO - process ingested knowledge for /app/data/kaviademo4200/1656/b70881y/book-project-1656/backend/book-app/src/main/java/com/karankumar/bookproject/account/model/User.java
2025-09-23 13:41:39,673 - Knowledge - INFO - Found code_base: <app.utils.kg_build.knowledge.KnowledgeCodeBase object at 0x7f19d0023dd0>
2025-09-23 13:41:39,760 - Knowledge - INFO - worker kw13 pull /app/data/kaviademo4200/1656/b70881y/book-project-1656/backend/book-app/src/main/java/com/karankumar/bookproject/account/constraint/PasswordStrengthCheck.java from ingest queue
2025-09-23 13:41:39,760 - Knowledge - INFO - Found code-base-name: https://github.com/kavia-common/book-project-1656.git:kavia-main
2025-09-23 13:41:39,761 - Knowledge - INFO - adding /app/data/kaviademo4200/1656/b70881y/book-project-1656/backend/book-app/src/main/java/com/karankumar/bookproject/bookimport/ImportService.java to ingest queue
2025-09-23 13:41:39,986 - Knowledge - INFO - persist ingested knowledge for /app/data/kaviademo4200/1656/b70881y/book-project-1656/backend/book-app/src/main/java/com/karankumar/bookproject/account/controller/UserController.java
2025-09-23 13:41:40,190 - Knowledge - INFO - persist ingested knowledge for /app/data/kaviademo4200/1656/b70881y/book-project-1656/backend/book-app/src/main/java/com/karankumar/bookproject/util/DateUtils.java
2025-09-23 13:41:40,300 - Knowledge - INFO - process ingested knowledge for /app/data/kaviademo4200/1656/b70881y/book-project-1656/backend/book-app/src/main/java/com/karankumar/bookproject/account/constraint/PasswordStrengthCheck.java
2025-09-23 13:41:40,393 - Knowledge - INFO - Found code_base: <app.utils.kg_build.knowledge.KnowledgeCodeBase object at 0x7f19d0023dd0>
2025-09-23 13:41:40,893 - Knowledge - INFO - worker kw7 pull /app/data/kaviademo4200/1656/b70881y/book-project-1656/backend/book-app/src/main/java/com/karankumar/bookproject/account/constraint/PasswordStrengthValidator.java from ingest queue
2025-09-23 13:41:40,893 - Knowledge - INFO - Found code-base-name: https://github.com/kavia-common/book-project-1656.git:kavia-main
2025-09-23 13:41:40,893 - Knowledge - INFO - Found code-base-name: https://github.com/kavia-common/book-project-1656.git:kavia-main
2025-09-23 13:41:40,893 - Knowledge - INFO - Found code-base-name: https://github.com/kavia-common/book-project-1656.git:kavia-main
2025-09-23 13:41:40,893 - Knowledge - INFO - Found code-base-name: https://github.com/kavia-common/book-project-1656.git:kavia-main
2025-09-23 13:41:41,389 - Knowledge - INFO - Found code_base: <app.utils.kg_build.knowledge.KnowledgeCodeBase object at 0x7f19d0023dd0>
2025-09-23 13:41:40,893 - Knowledge - INFO - Found code-base-name: https://github.com/kavia-common/book-project-1656.git:kavia-main
2025-09-23 13:41:40,893 - Knowledge - INFO - worker kw5 pull /app/data/kaviademo4200/1656/b70881y/book-project-1656/backend/book-app/src/main/java/com/karankumar/bookproject/account/constraint/PasswordStrength.java from ingest queue
2025-09-23 13:41:40,894 - Knowledge - INFO - worker kw11 pull /app/data/kaviademo4200/1656/b70881y/book-project-1656/backend/book-app/src/main/java/com/karankumar/bookproject/account/dto/UserToDeleteDto.java from ingest queue
2025-09-23 13:41:40,922 - Knowledge - INFO - persist ingested knowledge for /app/data/kaviademo4200/1656/b70881y/book-project-1656/backend/book-app/src/main/java/com/karankumar/bookproject/account/repository/RoleRepository.java
2025-09-23 13:41:40,938 - Knowledge - INFO - worker kw21 pull /app/data/kaviademo4200/1656/b70881y/book-project-1656/backend/book-app/src/main/java/com/karankumar/bookproject/account/dto/UserToRegisterDto.java from ingest queue
2025-09-23 13:41:40,938 - Knowledge - INFO - worker kw14 pull /app/data/kaviademo4200/1656/b70881y/book-project-1656/backend/book-app/src/main/java/com/karankumar/bookproject/account/exception/PasswordTooWeakException.java from ingest queue
2025-09-23 13:41:40,939 - Knowledge - INFO - Found code-base-name: https://github.com/kavia-common/book-project-1656.git:kavia-main
2025-09-23 13:41:40,939 - Knowledge - INFO - adding /app/data/kaviademo4200/1656/b70881y/book-project-1656/backend/book-app/src/main/java/com/karankumar/bookproject/bookimport/GoodreadsBookImport.java to ingest queue
2025-09-23 13:41:41,045 - Knowledge - INFO - process ingested knowledge for /app/data/kaviademo4200/1656/b70881y/book-project-1656/backend/book-app/src/main/java/com/karankumar/bookproject/account/constraint/PasswordStrengthValidator.java
2025-09-23 13:41:41,097 - Knowledge - INFO - Found code_base: <app.utils.kg_build.knowledge.KnowledgeCodeBase object at 0x7f19d0023dd0>
2025-09-23 13:41:41,192 - Knowledge - INFO - Found code_base: <app.utils.kg_build.knowledge.KnowledgeCodeBase object at 0x7f19d0023dd0>
2025-09-23 13:41:41,269 - Knowledge - INFO - Found code_base: <app.utils.kg_build.knowledge.KnowledgeCodeBase object at 0x7f19d0023dd0>
2025-09-23 13:41:40,893 - Knowledge - INFO - Found code-base-name: https://github.com/kavia-common/book-project-1656.git:kavia-main
2025-09-23 13:41:41,481 - Knowledge - INFO - persist ingested knowledge for /app/data/kaviademo4200/1656/b70881y/book-project-1656/backend/book-app/src/main/java/com/karankumar/bookproject/account/auth/service/DatabaseUserDetailsService.java
2025-09-23 13:41:41,589 - Knowledge - INFO - Found code_base: <app.utils.kg_build.knowledge.KnowledgeCodeBase object at 0x7f19d0023dd0>
2025-09-23 13:41:41,698 - Knowledge - INFO - process ingested knowledge for /app/data/kaviademo4200/1656/b70881y/book-project-1656/backend/book-app/src/main/java/com/karankumar/bookproject/account/constraint/PasswordStrength.java
2025-09-23 13:41:41,797 - Knowledge - INFO - process ingested knowledge for /app/data/kaviademo4200/1656/b70881y/book-project-1656/backend/book-app/src/main/java/com/karankumar/bookproject/account/dto/UserToDeleteDto.java
2025-09-23 13:41:42,009 - Knowledge - INFO - process ingested knowledge for /app/data/kaviademo4200/1656/b70881y/book-project-1656/backend/book-app/src/main/java/com/karankumar/bookproject/account/dto/UserToRegisterDto.java
2025-09-23 13:41:42,129 - Knowledge - INFO - process ingested knowledge for /app/data/kaviademo4200/1656/b70881y/book-project-1656/backend/book-app/src/main/java/com/karankumar/bookproject/account/exception/PasswordTooWeakException.java
2025-09-23 13:41:42,213 - Knowledge - INFO - Found code_base: <app.utils.kg_build.knowledge.KnowledgeCodeBase object at 0x7f19d0023dd0>
2025-09-23 13:41:42,322 - Knowledge - INFO - adding /app/data/kaviademo4200/1656/b70881y/book-project-1656/backend/book-app/src/main/java/com/karankumar/bookproject/bookimport/ImportServiceDelegate.java to ingest queue
2025-09-23 13:41:42,519 - Knowledge - INFO - persist ingested knowledge for /app/data/kaviademo4200/1656/b70881y/book-project-1656/backend/book-app/src/main/java/com/karankumar/bookproject/account/auth/listener/AuthenticationBadCredentialsListener.java
2025-09-23 13:41:42,640 - Knowledge - INFO - persist ingested knowledge for /app/data/kaviademo4200/1656/b70881y/book-project-1656/backend/book-app/src/main/java/com/karankumar/bookproject/account/auth/listener/AuthenticationSuccessListener.java
2025-09-23 13:41:42,756 - Knowledge - INFO - persist ingested knowledge for /app/data/kaviademo4200/1656/b70881y/book-project-1656/backend/book-app/src/main/java/com/karankumar/bookproject/account/auth/service/DatabaseUserDetailsPasswordService.java
2025-09-23 13:41:42,842 - Knowledge - INFO - Found code_base: <app.utils.kg_build.knowledge.KnowledgeCodeBase object at 0x7f19d0023dd0>
2025-09-23 13:41:43,030 - Knowledge - INFO - persist ingested knowledge for /app/data/kaviademo4200/1656/b70881y/book-project-1656/backend/book-app/src/main/java/com/karankumar/bookproject/account/model/RoleType.java
2025-09-23 13:41:43,486 - Knowledge - INFO - persist ingested knowledge for /app/data/kaviademo4200/1656/b70881y/book-project-1656/backend/book-app/src/main/java/com/karankumar/bookproject/account/model/User.java
2025-09-23 13:41:43,576 - Knowledge - INFO - adding /app/data/kaviademo4200/1656/b70881y/book-project-1656/backend/book-app/src/main/java/com/karankumar/bookproject/bookimport/librarything/LibraryThingBookImport.java to ingest queue
2025-09-23 13:41:43,935 - Knowledge - INFO - persist ingested knowledge for /app/data/kaviademo4200/1656/b70881y/book-project-1656/backend/book-app/src/main/java/com/karankumar/bookproject/account/service/UserService.java
2025-09-23 13:41:44,242 - Knowledge - INFO - adding /app/data/kaviademo4200/1656/b70881y/book-project-1656/backend/book-app/src/main/java/com/karankumar/bookproject/bookimport/librarything/LibraryThingBookDataImport.java to ingest queue
2025-09-23 13:41:44,458 - Knowledge - INFO - adding /app/data/kaviademo4200/1656/b70881y/book-project-1656/backend/book-app/src/main/java/com/karankumar/bookproject/BookProjectApplication.java to ingest queue
2025-09-23 13:41:44,549 - Knowledge - INFO - adding /app/data/kaviademo4200/1656/b70881y/book-project-1656/backend/book-app/src/main/java/com/karankumar/bookproject/util/StringUtils.java to ingest queue
2025-09-23 13:41:44,666 - Knowledge - INFO - Found code-base-name: https://github.com/kavia-common/book-project-1656.git:kavia-main
2025-09-23 13:41:44,666 - Knowledge - INFO - adding /app/data/kaviademo4200/1656/b70881y/book-project-1656/backend/book-app/src/main/java/com/karankumar/bookproject/util/TestData.java to ingest queue
2025-09-23 13:41:44,746 - Knowledge - INFO - Found code_base: <app.utils.kg_build.knowledge.KnowledgeCodeBase object at 0x7f19d0023dd0>
2025-09-23 13:41:44,837 - Knowledge - INFO - Found code-base-name: https://github.com/kavia-common/book-project-1656.git:kavia-main
2025-09-23 13:41:44,838 - Knowledge - INFO - adding /app/data/kaviademo4200/1656/b70881y/book-project-1656/backend/book-app/src/main/java/com/karankumar/bookproject/util/CsvUtils.java to ingest queue
2025-09-23 13:41:44,927 - Knowledge - INFO - persist ingested knowledge for /app/data/kaviademo4200/1656/b70881y/book-project-1656/backend/book-app/src/main/java/com/karankumar/bookproject/account/constraint/PasswordStrengthCheck.java
2025-09-23 13:41:45,012 - Knowledge - INFO - Found code_base: <app.utils.kg_build.knowledge.KnowledgeCodeBase object at 0x7f19d0023dd0>
2025-09-23 13:41:45,097 - Knowledge - INFO - Found code-base-name: https://github.com/kavia-common/book-project-1656.git:kavia-main
2025-09-23 13:41:45,098 - Knowledge - INFO - adding /app/data/kaviademo4200/1656/b70881y/book-project-1656/backend/book-app/src/main/java/com/karankumar/bookproject/bookimport/mapper/LibraryThingMapper.java to ingest queue
2025-09-23 13:41:45,262 - Knowledge - INFO - persist ingested knowledge for /app/data/kaviademo4200/1656/b70881y/book-project-1656/backend/book-app/src/main/java/com/karankumar/bookproject/account/auth/CustomAuthenticationProvider.java
2025-09-23 13:41:45,340 - Knowledge - INFO - Found code_base: <app.utils.kg_build.knowledge.KnowledgeCodeBase object at 0x7f19d0023dd0>
2025-09-23 13:41:45,425 - Knowledge - INFO - Found code-base-name: https://github.com/kavia-common/book-project-1656.git:kavia-main
2025-09-23 13:41:45,425 - Knowledge - INFO - adding /app/data/kaviademo4200/1656/b70881y/book-project-1656/backend/book-app/src/main/java/com/karankumar/bookproject/account/repository/UserRepository.java to ingest queue
2025-09-23 13:41:45,661 - Knowledge - INFO - persist ingested knowledge for /app/data/kaviademo4200/1656/b70881y/book-project-1656/backend/book-app/src/main/java/com/karankumar/bookproject/account/auth/UserDetailsMapper.java
2025-09-23 13:41:45,757 - Knowledge - INFO - Found code_base: <app.utils.kg_build.knowledge.KnowledgeCodeBase object at 0x7f19d0023dd0>
2025-09-23 13:41:45,842 - Knowledge - INFO - worker kw1 pull /app/data/kaviademo4200/1656/b70881y/book-project-1656/backend/book-app/src/main/java/com/karankumar/bookproject/account/exception/CurrentUserNotFoundException.java from ingest queue
2025-09-23 13:41:45,897 - Knowledge - INFO - Found code-base-name: https://github.com/kavia-common/book-project-1656.git:kavia-main
2025-09-23 13:41:45,943 - Knowledge - INFO - adding /app/data/kaviademo4200/1656/b70881y/book-project-1656/backend/book-app/src/main/java/com/karankumar/bookproject/account/auth/service/DatabaseUserDetailsService.java to ingest queue
2025-09-23 13:41:46,029 - Knowledge - INFO - persist ingested knowledge for /app/data/kaviademo4200/1656/b70881y/book-project-1656/backend/book-app/src/main/java/com/karankumar/bookproject/account/model/Role.java
2025-09-23 13:41:46,188 - Knowledge - INFO - process ingested knowledge for /app/data/kaviademo4200/1656/b70881y/book-project-1656/backend/book-app/src/main/java/com/karankumar/bookproject/account/exception/CurrentUserNotFoundException.java
2025-09-23 13:41:46,262 - Knowledge - INFO - Found code_base: <app.utils.kg_build.knowledge.KnowledgeCodeBase object at 0x7f19d0023dd0>
2025-09-23 13:41:46,374 - Knowledge - INFO - Found code-base-name: https://github.com/kavia-common/book-project-1656.git:kavia-main
2025-09-23 13:41:46,375 - Knowledge - INFO - Found code-base-name: https://github.com/kavia-common/book-project-1656.git:kavia-main
2025-09-23 13:41:46,375 - Knowledge - INFO - Found code-base-name: https://github.com/kavia-common/book-project-1656.git:kavia-main
2025-09-23 13:41:46,376 - Knowledge - INFO - worker kw2 pull /app/data/kaviademo4200/1656/b70881y/book-project-1656/backend/book-app/src/main/java/com/karankumar/bookproject/account/exception/UserAlreadyRegisteredException.java from ingest queue
2025-09-23 13:41:46,572 - Knowledge - INFO - worker kw9 pull /app/data/kaviademo4200/1656/b70881y/book-project-1656/backend/book-app/src/main/java/com/karankumar/bookproject/account/exception/IncorrectPasswordException.java from ingest queue
2025-09-23 13:41:46,629 - Knowledge - INFO - worker kw20 pull /app/data/kaviademo4200/1656/b70881y/book-project-1656/backend/book-app/src/main/java/com/karankumar/bookproject/bookexport/BookExportService.java from ingest queue
2025-09-23 13:41:46,630 - Knowledge - INFO - adding /app/data/kaviademo4200/1656/b70881y/book-project-1656/backend/book-app/src/main/java/com/karankumar/bookproject/util/DateUtils.java to ingest queue
2025-09-23 13:41:46,660 - Knowledge - INFO - persist ingested knowledge for /app/data/kaviademo4200/1656/b70881y/book-project-1656/backend/book-app/src/main/java/com/karankumar/bookproject/account/constraint/PasswordStrengthValidator.java
2025-09-23 13:41:46,784 - Knowledge - INFO - Found code_base: <app.utils.kg_build.knowledge.KnowledgeCodeBase object at 0x7f19d0023dd0>
2025-09-23 13:41:46,862 - Knowledge - INFO - Found code_base: <app.utils.kg_build.knowledge.KnowledgeCodeBase object at 0x7f19d0023dd0>
2025-09-23 13:41:46,941 - Knowledge - INFO - Found code_base: <app.utils.kg_build.knowledge.KnowledgeCodeBase object at 0x7f19d0023dd0>
2025-09-23 13:41:47,111 - Knowledge - INFO - process ingested knowledge for /app/data/kaviademo4200/1656/b70881y/book-project-1656/backend/book-app/src/main/java/com/karankumar/bookproject/account/exception/UserAlreadyRegisteredException.java
2025-09-23 13:41:47,181 - Knowledge - INFO - process ingested knowledge for /app/data/kaviademo4200/1656/b70881y/book-project-1656/backend/book-app/src/main/java/com/karankumar/bookproject/account/exception/IncorrectPasswordException.java
2025-09-23 13:41:47,278 - Knowledge - INFO - process ingested knowledge for /app/data/kaviademo4200/1656/b70881y/book-project-1656/backend/book-app/src/main/java/com/karankumar/bookproject/bookexport/BookExportService.java
2025-09-23 13:41:47,338 - Knowledge - INFO - worker kw28 pull /app/data/kaviademo4200/1656/b70881y/book-project-1656/backend/book-app/src/main/java/com/karankumar/bookproject/bookexport/BookExportController.java from ingest queue
2025-09-23 13:41:47,339 - Knowledge - INFO - worker kw29 pull /app/data/kaviademo4200/1656/b70881y/book-project-1656/backend/book-app/src/main/java/com/karankumar/bookproject/bookexport/ExportDto.java from ingest queue
2025-09-23 13:41:47,436 - Knowledge - INFO - worker kw18 pull /app/data/kaviademo4200/1656/b70881y/book-project-1656/backend/book-app/src/main/java/com/karankumar/bookproject/goal/ReadingGoalService.java from ingest queue
2025-09-23 13:41:47,437 - Knowledge - INFO - adding /app/data/kaviademo4200/1656/b70881y/book-project-1656/backend/book-app/src/main/java/com/karankumar/bookproject/account/repository/RoleRepository.java to ingest queue
2025-09-23 13:41:47,534 - Knowledge - INFO - persist ingested knowledge for /app/data/kaviademo4200/1656/b70881y/book-project-1656/backend/book-app/src/main/java/com/karankumar/bookproject/account/dto/UserToDeleteDto.java
2025-09-23 13:41:47,621 - Knowledge - INFO - persist ingested knowledge for /app/data/kaviademo4200/1656/b70881y/book-project-1656/backend/book-app/src/main/java/com/karankumar/bookproject/account/dto/UserToRegisterDto.java
2025-09-23 13:41:47,718 - Knowledge - INFO - persist ingested knowledge for /app/data/kaviademo4200/1656/b70881y/book-project-1656/backend/book-app/src/main/java/com/karankumar/bookproject/account/exception/PasswordTooWeakException.java
2025-09-23 13:41:48,134 - Knowledge - INFO - process ingested knowledge for /app/data/kaviademo4200/1656/b70881y/book-project-1656/backend/book-app/src/main/java/com/karankumar/bookproject/bookexport/BookExportController.java
2025-09-23 13:41:48,213 - Knowledge - INFO - process ingested knowledge for /app/data/kaviademo4200/1656/b70881y/book-project-1656/backend/book-app/src/main/java/com/karankumar/bookproject/bookexport/ExportDto.java
2025-09-23 13:41:48,295 - Knowledge - INFO - process ingested knowledge for /app/data/kaviademo4200/1656/b70881y/book-project-1656/backend/book-app/src/main/java/com/karankumar/bookproject/goal/ReadingGoalService.java
2025-09-23 13:41:48,436 - Knowledge - INFO - Found code-base-name: https://github.com/kavia-common/book-project-1656.git:kavia-main
2025-09-23 13:41:48,436 - Knowledge - INFO - worker kw8 pull /app/data/kaviademo4200/1656/b70881y/book-project-1656/backend/book-app/src/main/java/com/karankumar/bookproject/goal/ReadingGoalController.java from ingest queue
2025-09-23 13:41:48,537 - Knowledge - INFO - adding /app/data/kaviademo4200/1656/b70881y/book-project-1656/backend/book-app/src/main/java/com/karankumar/bookproject/account/auth/service/DatabaseUserDetailsPasswordService.java to ingest queue
2025-09-23 13:41:49,065 - Knowledge - INFO - Found code_base: <app.utils.kg_build.knowledge.KnowledgeCodeBase object at 0x7f19d0023dd0>
2025-09-23 13:41:49,207 - Knowledge - INFO - process ingested knowledge for /app/data/kaviademo4200/1656/b70881y/book-project-1656/backend/book-app/src/main/java/com/karankumar/bookproject/goal/ReadingGoalController.java
2025-09-23 13:41:49,265 - Knowledge - INFO - adding /app/data/kaviademo4200/1656/b70881y/book-project-1656/backend/book-app/src/main/java/com/karankumar/bookproject/account/model/RoleType.java to ingest queue
2025-09-23 13:41:49,346 - Knowledge - INFO - persist ingested knowledge for /app/data/kaviademo4200/1656/b70881y/book-project-1656/backend/book-app/src/main/java/com/karankumar/bookproject/account/constraint/PasswordStrength.java
2025-09-23 13:41:49,545 - Knowledge - INFO - Found code-base-name: https://github.com/kavia-common/book-project-1656.git:kavia-main
2025-09-23 13:41:49,721 - Knowledge - INFO - Found code_base: <app.utils.kg_build.knowledge.KnowledgeCodeBase object at 0x7f19d0023dd0>
2025-09-23 13:41:49,545 - Knowledge - INFO - adding /app/data/kaviademo4200/1656/b70881y/book-project-1656/backend/book-app/src/main/java/com/karankumar/bookproject/account/controller/UserController.java to ingest queue
2025-09-23 13:41:49,831 - Knowledge - INFO - persist ingested knowledge for /app/data/kaviademo4200/1656/b70881y/book-project-1656/backend/book-app/src/main/java/com/karankumar/bookproject/account/exception/CurrentUserNotFoundException.java
2025-09-23 13:41:49,946 - Knowledge - INFO - adding /app/data/kaviademo4200/1656/b70881y/book-project-1656/backend/book-app/src/main/java/com/karankumar/bookproject/account/model/User.java to ingest queue
2025-09-23 13:41:50,166 - Knowledge - INFO - worker kw30 pull /app/data/kaviademo4200/1656/b70881y/book-project-1656/backend/book-app/src/main/java/com/karankumar/bookproject/goal/ReadingGoal.java from ingest queue
2025-09-23 13:41:50,166 - Knowledge - INFO - adding /app/data/kaviademo4200/1656/b70881y/book-project-1656/backend/book-app/src/main/java/com/karankumar/bookproject/account/service/UserService.java to ingest queue
2025-09-23 13:41:50,271 - Knowledge - INFO - process ingested knowledge for /app/data/kaviademo4200/1656/b70881y/book-project-1656/backend/book-app/src/main/java/com/karankumar/bookproject/goal/ReadingGoal.java
2025-09-23 13:41:50,325 - Knowledge - INFO - worker kw24 pull /app/data/kaviademo4200/1656/b70881y/book-project-1656/backend/book-app/src/main/java/com/karankumar/bookproject/goal/ReadingGoalRepository.java from ingest queue
2025-09-23 13:41:50,327 - Knowledge - INFO - worker kw10 pull /app/data/kaviademo4200/1656/b70881y/book-project-1656/backend/book-app/src/main/java/com/karankumar/bookproject/goal/ReadingGoalCalculator.java from ingest queue
2025-09-23 13:41:50,327 - Knowledge - INFO - worker kw23 pull /app/data/kaviademo4200/1656/b70881y/book-project-1656/backend/book-app/src/main/java/com/karankumar/bookproject/statistics/RatingStatistics.java from ingest queue
2025-09-23 13:41:50,383 - Knowledge - INFO - Found code-base-name: https://github.com/kavia-common/book-project-1656.git:kavia-main
2025-09-23 13:41:50,383 - Knowledge - INFO - Found code-base-name: https://github.com/kavia-common/book-project-1656.git:kavia-main
2025-09-23 13:41:50,384 - Knowledge - INFO - worker kw15 pull /app/data/kaviademo4200/1656/b70881y/book-project-1656/backend/book-app/src/main/java/com/karankumar/bookproject/statistics/PageStatistics.java from ingest queue
2025-09-23 13:41:50,384 - Knowledge - INFO - adding /app/data/kaviademo4200/1656/b70881y/book-project-1656/backend/book-app/src/main/java/com/karankumar/bookproject/account/auth/UserDetailsMapper.java to ingest queue
2025-09-23 13:41:50,548 - Knowledge - INFO - process ingested knowledge for /app/data/kaviademo4200/1656/b70881y/book-project-1656/backend/book-app/src/main/java/com/karankumar/bookproject/goal/ReadingGoalRepository.java
2025-09-23 13:41:50,624 - Knowledge - INFO - process ingested knowledge for /app/data/kaviademo4200/1656/b70881y/book-project-1656/backend/book-app/src/main/java/com/karankumar/bookproject/goal/ReadingGoalCalculator.java
2025-09-23 13:41:50,741 - Knowledge - INFO - process ingested knowledge for /app/data/kaviademo4200/1656/b70881y/book-project-1656/backend/book-app/src/main/java/com/karankumar/bookproject/statistics/RatingStatistics.java
2025-09-23 13:41:50,795 - Knowledge - INFO - Found code_base: <app.utils.kg_build.knowledge.KnowledgeCodeBase object at 0x7f19d0023dd0>
2025-09-23 13:41:50,883 - Knowledge - INFO - Found code_base: <app.utils.kg_build.knowledge.KnowledgeCodeBase object at 0x7f19d0023dd0>
2025-09-23 13:41:51,006 - Knowledge - INFO - process ingested knowledge for /app/data/kaviademo4200/1656/b70881y/book-project-1656/backend/book-app/src/main/java/com/karankumar/bookproject/statistics/PageStatistics.java
2025-09-23 13:41:51,126 - Knowledge - INFO - adding /app/data/kaviademo4200/1656/b70881y/book-project-1656/backend/book-app/src/main/java/com/karankumar/bookproject/account/auth/listener/AuthenticationSuccessListener.java to ingest queue
2025-09-23 13:41:51,472 - Knowledge - INFO - persist ingested knowledge for /app/data/kaviademo4200/1656/b70881y/book-project-1656/backend/book-app/src/main/java/com/karankumar/bookproject/account/exception/IncorrectPasswordException.java
2025-09-23 13:41:51,602 - Knowledge - INFO - persist ingested knowledge for /app/data/kaviademo4200/1656/b70881y/book-project-1656/backend/book-app/src/main/java/com/karankumar/bookproject/bookexport/BookExportService.java
2025-09-23 13:41:51,807 - Knowledge - INFO - adding /app/data/kaviademo4200/1656/b70881y/book-project-1656/backend/book-app/src/main/java/com/karankumar/bookproject/account/model/Role.java to ingest queue
2025-09-23 13:41:52,244 - Knowledge - INFO - Found code-base-name: https://github.com/kavia-common/book-project-1656.git:kavia-main
2025-09-23 13:41:52,244 - Knowledge - INFO - Found code-base-name: https://github.com/kavia-common/book-project-1656.git:kavia-main
2025-09-23 13:41:52,245 - Knowledge - INFO - Found code-base-name: https://github.com/kavia-common/book-project-1656.git:kavia-main
2025-09-23 13:41:52,246 - Knowledge - INFO - worker kw27 pull /app/data/kaviademo4200/1656/b70881y/book-project-1656/backend/book-app/src/main/java/com/karankumar/bookproject/statistics/YearStatistics.java from ingest queue
2025-09-23 13:41:52,246 - Knowledge - INFO - Found code-base-name: https://github.com/kavia-common/book-project-1656.git:kavia-main
2025-09-23 13:41:52,303 - Knowledge - INFO - worker kw12 pull /app/data/kaviademo4200/1656/b70881y/book-project-1656/backend/book-app/src/main/java/com/karankumar/bookproject/statistics/GenreStatistics.java from ingest queue
2025-09-23 13:41:52,331 - Knowledge - INFO - Found code_base: <app.utils.kg_build.knowledge.KnowledgeCodeBase object at 0x7f19d0023dd0>
2025-09-23 13:41:52,349 - Knowledge - INFO - worker kw19 pull /app/data/kaviademo4200/1656/b70881y/book-project-1656/backend/book-app/src/main/java/com/karankumar/bookproject/statistics/Statistics.java from ingest queue
2025-09-23 13:41:52,349 - Knowledge - INFO - worker kw16 pull /app/data/kaviademo4200/1656/b70881y/book-project-1656/backend/book-app/src/main/java/com/karankumar/bookproject/book/repository/TagRepository.java from ingest queue
2025-09-23 13:41:52,349 - Knowledge - INFO - adding /app/data/kaviademo4200/1656/b70881y/book-project-1656/backend/book-app/src/main/java/com/karankumar/bookproject/account/auth/CustomAuthenticationProvider.java to ingest queue
2025-09-23 13:41:52,433 - Knowledge - INFO - Found code_base: <app.utils.kg_build.knowledge.KnowledgeCodeBase object at 0x7f19d0023dd0>
2025-09-23 13:41:52,507 - Knowledge - INFO - Found code_base: <app.utils.kg_build.knowledge.KnowledgeCodeBase object at 0x7f19d0023dd0>
2025-09-23 13:41:52,631 - Knowledge - INFO - process ingested knowledge for /app/data/kaviademo4200/1656/b70881y/book-project-1656/backend/book-app/src/main/java/com/karankumar/bookproject/statistics/YearStatistics.java
2025-09-23 13:41:52,721 - Knowledge - INFO - Found code_base: <app.utils.kg_build.knowledge.KnowledgeCodeBase object at 0x7f19d0023dd0>
2025-09-23 13:41:52,842 - Knowledge - INFO - process ingested knowledge for /app/data/kaviademo4200/1656/b70881y/book-project-1656/backend/book-app/src/main/java/com/karankumar/bookproject/statistics/GenreStatistics.java
2025-09-23 13:41:52,915 - Knowledge - INFO - persist ingested knowledge for /app/data/kaviademo4200/1656/b70881y/book-project-1656/backend/book-app/src/main/java/com/karankumar/bookproject/bookexport/BookExportController.java
2025-09-23 13:41:53,036 - Knowledge - INFO - process ingested knowledge for /app/data/kaviademo4200/1656/b70881y/book-project-1656/backend/book-app/src/main/java/com/karankumar/bookproject/statistics/Statistics.java
2025-09-23 13:41:53,130 - Knowledge - INFO - process ingested knowledge for /app/data/kaviademo4200/1656/b70881y/book-project-1656/backend/book-app/src/main/java/com/karankumar/bookproject/book/repository/TagRepository.java
2025-09-23 13:41:53,185 - Knowledge - INFO - adding /app/data/kaviademo4200/1656/b70881y/book-project-1656/backend/book-app/src/main/java/com/karankumar/bookproject/account/constraint/PasswordStrengthValidator.java to ingest queue
2025-09-23 13:41:53,286 - Knowledge - INFO - persist ingested knowledge for /app/data/kaviademo4200/1656/b70881y/book-project-1656/backend/book-app/src/main/java/com/karankumar/bookproject/bookexport/ExportDto.java
2025-09-23 13:41:53,361 - Knowledge - INFO - persist ingested knowledge for /app/data/kaviademo4200/1656/b70881y/book-project-1656/backend/book-app/src/main/java/com/karankumar/bookproject/goal/ReadingGoalService.java
2025-09-23 13:41:53,580 - Knowledge - INFO - persist ingested knowledge for /app/data/kaviademo4200/1656/b70881y/book-project-1656/backend/book-app/src/main/java/com/karankumar/bookproject/goal/ReadingGoalController.java
2025-09-23 13:41:54,070 - Knowledge - INFO - adding /app/data/kaviademo4200/1656/b70881y/book-project-1656/backend/book-app/src/main/java/com/karankumar/bookproject/account/auth/listener/AuthenticationBadCredentialsListener.java to ingest queue
2025-09-23 13:41:54,405 - Knowledge - INFO - Found code-base-name: https://github.com/kavia-common/book-project-1656.git:kavia-main
2025-09-23 13:41:54,405 - Knowledge - INFO - worker kw17 pull /app/data/kaviademo4200/1656/b70881y/book-project-1656/backend/book-app/src/main/java/com/karankumar/bookproject/book/repository/PublisherRepository.java from ingest queue
2025-09-23 13:41:54,406 - Knowledge - INFO - adding /app/data/kaviademo4200/1656/b70881y/book-project-1656/backend/book-app/src/main/java/com/karankumar/bookproject/account/dto/UserToDeleteDto.java to ingest queue
2025-09-23 13:41:54,525 - Knowledge - INFO - Found code_base: <app.utils.kg_build.knowledge.KnowledgeCodeBase object at 0x7f19d0023dd0>
2025-09-23 13:41:54,651 - Knowledge - INFO - process ingested knowledge for /app/data/kaviademo4200/1656/b70881y/book-project-1656/backend/book-app/src/main/java/com/karankumar/bookproject/book/repository/PublisherRepository.java
2025-09-23 13:41:54,733 - Knowledge - INFO - Found code-base-name: https://github.com/kavia-common/book-project-1656.git:kavia-main
2025-09-23 13:41:54,734 - Knowledge - INFO - Found code-base-name: https://github.com/kavia-common/book-project-1656.git:kavia-main
2025-09-23 13:41:54,735 - Knowledge - INFO - Found code-base-name: https://github.com/kavia-common/book-project-1656.git:kavia-main
2025-09-23 13:41:54,735 - Knowledge - INFO - worker kw3 pull /app/data/kaviademo4200/1656/b70881y/book-project-1656/backend/book-app/src/main/java/com/karankumar/bookproject/book/repository/AuthorRepository.java from ingest queue
2025-09-23 13:41:54,791 - Knowledge - INFO - adding /app/data/kaviademo4200/1656/b70881y/book-project-1656/backend/book-app/src/main/java/com/karankumar/bookproject/bookexport/BookExportService.java to ingest queue
2025-09-23 13:41:54,846 - Knowledge - INFO - persist ingested knowledge for /app/data/kaviademo4200/1656/b70881y/book-project-1656/backend/book-app/src/main/java/com/karankumar/bookproject/goal/ReadingGoal.java
2025-09-23 13:41:55,023 - Knowledge - INFO - Found code_base: <app.utils.kg_build.knowledge.KnowledgeCodeBase object at 0x7f19d0023dd0>
2025-09-23 13:41:55,128 - Knowledge - INFO - Found code_base: <app.utils.kg_build.knowledge.KnowledgeCodeBase object at 0x7f19d0023dd0>
2025-09-23 13:41:55,242 - Knowledge - INFO - Found code_base: <app.utils.kg_build.knowledge.KnowledgeCodeBase object at 0x7f19d0023dd0>
2025-09-23 13:41:55,355 - Knowledge - INFO - process ingested knowledge for /app/data/kaviademo4200/1656/b70881y/book-project-1656/backend/book-app/src/main/java/com/karankumar/bookproject/book/repository/AuthorRepository.java
2025-09-23 13:41:55,446 - Knowledge - INFO - adding /app/data/kaviademo4200/1656/b70881y/book-project-1656/backend/book-app/src/main/java/com/karankumar/bookproject/account/dto/UserToRegisterDto.java to ingest queue
2025-09-23 13:41:55,601 - Knowledge - INFO - persist ingested knowledge for /app/data/kaviademo4200/1656/b70881y/book-project-1656/backend/book-app/src/main/java/com/karankumar/bookproject/goal/ReadingGoalCalculator.java
2025-09-23 13:41:55,693 - Knowledge - INFO - persist ingested knowledge for /app/data/kaviademo4200/1656/b70881y/book-project-1656/backend/book-app/src/main/java/com/karankumar/bookproject/statistics/RatingStatistics.java
2025-09-23 13:41:55,799 - Knowledge - INFO - persist ingested knowledge for /app/data/kaviademo4200/1656/b70881y/book-project-1656/backend/book-app/src/main/java/com/karankumar/bookproject/statistics/PageStatistics.java
2025-09-23 13:41:55,980 - Knowledge - INFO - adding /app/data/kaviademo4200/1656/b70881y/book-project-1656/backend/book-app/src/main/java/com/karankumar/bookproject/account/exception/PasswordTooWeakException.java to ingest queue
2025-09-23 13:41:56,351 - Knowledge - INFO - worker kw22 pull /app/data/kaviademo4200/1656/b70881y/book-project-1656/backend/book-app/src/main/java/com/karankumar/bookproject/book/repository/BookRepository.java from ingest queue
2025-09-23 13:41:56,351 - Knowledge - INFO - adding /app/data/kaviademo4200/1656/b70881y/book-project-1656/backend/book-app/src/main/java/com/karankumar/bookproject/account/constraint/PasswordStrength.java to ingest queue
2025-09-23 13:41:56,487 - Knowledge - INFO - process ingested knowledge for /app/data/kaviademo4200/1656/b70881y/book-project-1656/backend/book-app/src/main/java/com/karankumar/bookproject/book/repository/BookRepository.java
2025-09-23 13:41:56,546 - Knowledge - INFO - Found code-base-name: https://github.com/kavia-common/book-project-1656.git:kavia-main
2025-09-23 13:41:56,546 - Knowledge - INFO - adding /app/data/kaviademo4200/1656/b70881y/book-project-1656/backend/book-app/src/main/java/com/karankumar/bookproject/account/constraint/PasswordStrengthCheck.java to ingest queue
2025-09-23 13:41:56,751 - Knowledge - INFO - Found code_base: <app.utils.kg_build.knowledge.KnowledgeCodeBase object at 0x7f19d0023dd0>
2025-09-23 13:41:56,856 - Knowledge - INFO - worker kw25 pull /app/data/kaviademo4200/1656/b70881y/book-project-1656/backend/book-app/src/main/java/com/karankumar/bookproject/book/controller/BookController.java from ingest queue
2025-09-23 13:41:56,856 - Knowledge - INFO - Found code-base-name: https://github.com/kavia-common/book-project-1656.git:kavia-main
2025-09-23 13:41:56,912 - Knowledge - INFO - Found code-base-name: https://github.com/kavia-common/book-project-1656.git:kavia-main
2025-09-23 13:41:56,912 - Knowledge - INFO - Found code-base-name: https://github.com/kavia-common/book-project-1656.git:kavia-main
2025-09-23 13:41:56,912 - Knowledge - INFO - worker kw7 pull /app/data/kaviademo4200/1656/b70881y/book-project-1656/backend/book-app/src/main/java/com/karankumar/bookproject/book/BookUtils.java from ingest queue
2025-09-23 13:41:56,928 - Knowledge - INFO - persist ingested knowledge for /app/data/kaviademo4200/1656/b70881y/book-project-1656/backend/book-app/src/main/java/com/karankumar/bookproject/account/exception/UserAlreadyRegisteredException.java
2025-09-23 13:41:57,018 - Knowledge - INFO - worker kw26 pull /app/data/kaviademo4200/1656/b70881y/book-project-1656/backend/book-app/src/main/java/com/karankumar/bookproject/book/json/LocalDateSerializer.java from ingest queue
2025-09-23 13:41:57,018 - Knowledge - INFO - Found code-base-name: https://github.com/kavia-common/book-project-1656.git:kavia-main
2025-09-23 13:41:57,018 - Knowledge - INFO - worker kw4 pull /app/data/kaviademo4200/1656/b70881y/book-project-1656/backend/book-app/src/main/java/com/karankumar/bookproject/book/service/AuthorService.java from ingest queue
2025-09-23 13:41:57,019 - Knowledge - INFO - Found code-base-name: https://github.com/kavia-common/book-project-1656.git:kavia-main
2025-09-23 13:41:57,075 - Knowledge - INFO - process ingested knowledge for /app/data/kaviademo4200/1656/b70881y/book-project-1656/backend/book-app/src/main/java/com/karankumar/bookproject/book/controller/BookController.java
2025-09-23 13:41:57,077 - Knowledge - INFO - Found code-base-name: https://github.com/kavia-common/book-project-1656.git:kavia-main
2025-09-23 13:41:57,077 - Knowledge - INFO - worker kw21 pull /app/data/kaviademo4200/1656/b70881y/book-project-1656/backend/book-app/src/main/java/com/karankumar/bookproject/book/service/BookService.java from ingest queue
2025-09-23 13:41:57,119 - Knowledge - INFO - Found code_base: <app.utils.kg_build.knowledge.KnowledgeCodeBase object at 0x7f19d0023dd0>
2025-09-23 13:41:57,183 - Knowledge - INFO - worker kw6 pull /app/data/kaviademo4200/1656/b70881y/book-project-1656/backend/book-app/src/main/java/com/karankumar/bookproject/book/service/TagService.java from ingest queue
2025-09-23 13:41:57,183 - Knowledge - INFO - worker kw14 pull /app/data/kaviademo4200/1656/b70881y/book-project-1656/backend/book-app/src/main/java/com/karankumar/bookproject/book/service/PublisherService.java from ingest queue
2025-09-23 13:41:57,183 - Knowledge - INFO - adding /app/data/kaviademo4200/1656/b70881y/book-project-1656/backend/book-app/src/main/java/com/karankumar/bookproject/account/exception/CurrentUserNotFoundException.java to ingest queue
2025-09-23 13:41:57,208 - Knowledge - INFO - Found code_base: <app.utils.kg_build.knowledge.KnowledgeCodeBase object at 0x7f19d0023dd0>
2025-09-23 13:41:57,343 - Knowledge - INFO - Found code_base: <app.utils.kg_build.knowledge.KnowledgeCodeBase object at 0x7f19d0023dd0>
2025-09-23 13:41:57,467 - Knowledge - INFO - process ingested knowledge for /app/data/kaviademo4200/1656/b70881y/book-project-1656/backend/book-app/src/main/java/com/karankumar/bookproject/book/BookUtils.java
2025-09-23 13:41:57,698 - Knowledge - INFO - process ingested knowledge for /app/data/kaviademo4200/1656/b70881y/book-project-1656/backend/book-app/src/main/java/com/karankumar/bookproject/book/json/LocalDateSerializer.java
2025-09-23 13:41:57,780 - Knowledge - INFO - Found code_base: <app.utils.kg_build.knowledge.KnowledgeCodeBase object at 0x7f19d0023dd0>
2025-09-23 13:41:57,918 - Knowledge - INFO - process ingested knowledge for /app/data/kaviademo4200/1656/b70881y/book-project-1656/backend/book-app/src/main/java/com/karankumar/bookproject/book/service/AuthorService.java
2025-09-23 13:41:57,983 - Knowledge - INFO - Found code_base: <app.utils.kg_build.knowledge.KnowledgeCodeBase object at 0x7f19d0023dd0>
2025-09-23 13:41:58,158 - Knowledge - INFO - Found code_base: <app.utils.kg_build.knowledge.KnowledgeCodeBase object at 0x7f19d0023dd0>
2025-09-23 13:41:58,306 - Knowledge - INFO - process ingested knowledge for /app/data/kaviademo4200/1656/b70881y/book-project-1656/backend/book-app/src/main/java/com/karankumar/bookproject/book/service/BookService.java
2025-09-23 13:41:58,381 - Knowledge - INFO - persist ingested knowledge for /app/data/kaviademo4200/1656/b70881y/book-project-1656/backend/book-app/src/main/java/com/karankumar/bookproject/statistics/YearStatistics.java
2025-09-23 13:41:58,517 - Knowledge - INFO - process ingested knowledge for /app/data/kaviademo4200/1656/b70881y/book-project-1656/backend/book-app/src/main/java/com/karankumar/bookproject/book/service/TagService.java
2025-09-23 13:41:58,592 - Knowledge - INFO - process ingested knowledge for /app/data/kaviademo4200/1656/b70881y/book-project-1656/backend/book-app/src/main/java/com/karankumar/bookproject/book/service/PublisherService.java
2025-09-23 13:41:58,673 - Knowledge - INFO - Found code-base-name: https://github.com/kavia-common/book-project-1656.git:kavia-main
2025-09-23 13:41:59,845 - Knowledge - INFO - Found code_base: <app.utils.kg_build.knowledge.KnowledgeCodeBase object at 0x7f19d0023dd0>
2025-09-23 13:41:58,674 - Knowledge - INFO - adding /app/data/kaviademo4200/1656/b70881y/book-project-1656/backend/book-app/src/main/java/com/karankumar/bookproject/bookexport/BookExportController.java to ingest queue
2025-09-23 13:41:58,754 - Knowledge - INFO - persist ingested knowledge for /app/data/kaviademo4200/1656/b70881y/book-project-1656/backend/book-app/src/main/java/com/karankumar/bookproject/statistics/Statistics.java
2025-09-23 13:41:58,834 - Knowledge - INFO - persist ingested knowledge for /app/data/kaviademo4200/1656/b70881y/book-project-1656/backend/book-app/src/main/java/com/karankumar/bookproject/book/repository/TagRepository.java
2025-09-23 13:41:59,104 - Knowledge - INFO - persist ingested knowledge for /app/data/kaviademo4200/1656/b70881y/book-project-1656/backend/book-app/src/main/java/com/karankumar/bookproject/goal/ReadingGoalRepository.java
2025-09-23 13:41:59,284 - Knowledge - INFO - persist ingested knowledge for /app/data/kaviademo4200/1656/b70881y/book-project-1656/backend/book-app/src/main/java/com/karankumar/bookproject/book/repository/PublisherRepository.java
2025-09-23 13:41:59,347 - Knowledge - INFO - persist ingested knowledge for /app/data/kaviademo4200/1656/b70881y/book-project-1656/backend/book-app/src/main/java/com/karankumar/bookproject/book/repository/AuthorRepository.java
2025-09-23 13:41:58,673 - Knowledge - INFO - worker kw13 pull /app/data/kaviademo4200/1656/b70881y/book-project-1656/backend/book-app/src/main/java/com/karankumar/bookproject/book/model/BookFormat.java from ingest queue
2025-09-23 13:41:59,952 - Knowledge - INFO - persist ingested knowledge for /app/data/kaviademo4200/1656/b70881y/book-project-1656/backend/book-app/src/main/java/com/karankumar/bookproject/book/repository/BookRepository.java
2025-09-23 13:42:00,104 - Knowledge - INFO - adding /app/data/kaviademo4200/1656/b70881y/book-project-1656/backend/book-app/src/main/java/com/karankumar/bookproject/bookexport/ExportDto.java to ingest queue
2025-09-23 13:42:00,704 - Knowledge - INFO - process ingested knowledge for /app/data/kaviademo4200/1656/b70881y/book-project-1656/backend/book-app/src/main/java/com/karankumar/bookproject/book/model/BookFormat.java
2025-09-23 13:42:00,929 - Knowledge - INFO - adding /app/data/kaviademo4200/1656/b70881y/book-project-1656/backend/book-app/src/main/java/com/karankumar/bookproject/goal/ReadingGoalController.java to ingest queue
2025-09-23 13:42:01,174 - Knowledge - INFO - worker kw11 pull /app/data/kaviademo4200/1656/b70881y/book-project-1656/backend/book-app/src/main/java/com/karankumar/bookproject/book/model/BookGenre.java from ingest queue
2025-09-23 13:42:01,174 - Knowledge - INFO - worker kw20 pull /app/data/kaviademo4200/1656/b70881y/book-project-1656/backend/book-app/src/main/java/com/karankumar/bookproject/book/model/Tag.java from ingest queue
2025-09-23 13:42:01,230 - Knowledge - INFO - adding /app/data/kaviademo4200/1656/b70881y/book-project-1656/backend/book-app/src/main/java/com/karankumar/bookproject/statistics/RatingStatistics.java to ingest queue
2025-09-23 13:42:01,294 - Knowledge - INFO - process ingested knowledge for /app/data/kaviademo4200/1656/b70881y/book-project-1656/backend/book-app/src/main/java/com/karankumar/bookproject/book/model/BookGenre.java
2025-09-23 13:42:01,380 - Knowledge - INFO - process ingested knowledge for /app/data/kaviademo4200/1656/b70881y/book-project-1656/backend/book-app/src/main/java/com/karankumar/bookproject/book/model/Tag.java
2025-09-23 13:42:01,446 - Knowledge - INFO - adding /app/data/kaviademo4200/1656/b70881y/book-project-1656/backend/book-app/src/main/java/com/karankumar/bookproject/statistics/PageStatistics.java to ingest queue
2025-09-23 13:42:01,716 - Knowledge - INFO - worker kw5 pull /app/data/kaviademo4200/1656/b70881y/book-project-1656/backend/book-app/src/main/java/com/karankumar/bookproject/book/model/Publisher.java from ingest queue
2025-09-23 13:42:01,717 - Knowledge - INFO - Found code-base-name: https://github.com/kavia-common/book-project-1656.git:kavia-main
2025-09-23 13:42:01,717 - Knowledge - INFO - worker kw1 pull /app/data/kaviademo4200/1656/b70881y/book-project-1656/backend/book-app/src/main/java/com/karankumar/bookproject/book/model/PredefinedShelfName.java from ingest queue
2025-09-23 13:42:01,717 - Knowledge - INFO - Found code-base-name: https://github.com/kavia-common/book-project-1656.git:kavia-main
2025-09-23 13:42:01,718 - Knowledge - INFO - Found code-base-name: https://github.com/kavia-common/book-project-1656.git:kavia-main
2025-09-23 13:42:01,718 - Knowledge - INFO - Found code-base-name: https://github.com/kavia-common/book-project-1656.git:kavia-main
2025-09-23 13:42:01,718 - Knowledge - INFO - Found code-base-name: https://github.com/kavia-common/book-project-1656.git:kavia-main
2025-09-23 13:42:01,776 - Knowledge - INFO - Found code-base-name: https://github.com/kavia-common/book-project-1656.git:kavia-main
2025-09-23 13:42:01,776 - Knowledge - INFO - Found code-base-name: https://github.com/kavia-common/book-project-1656.git:kavia-main
2025-09-23 13:42:01,777 - Knowledge - INFO - worker kw28 pull /app/data/kaviademo4200/1656/b70881y/book-project-1656/backend/book-app/src/main/java/com/karankumar/bookproject/book/model/RatingScale.java from ingest queue
2025-09-23 13:42:01,777 - Knowledge - INFO - adding /app/data/kaviademo4200/1656/b70881y/book-project-1656/backend/book-app/src/main/java/com/karankumar/bookproject/goal/ReadingGoalService.java to ingest queue
2025-09-23 13:42:01,862 - Knowledge - INFO - process ingested knowledge for /app/data/kaviademo4200/1656/b70881y/book-project-1656/backend/book-app/src/main/java/com/karankumar/bookproject/book/model/Publisher.java
2025-09-23 13:42:01,913 - Knowledge - INFO - Found code_base: <app.utils.kg_build.knowledge.KnowledgeCodeBase object at 0x7f19d0023dd0>
2025-09-23 13:42:02,043 - Knowledge - INFO - process ingested knowledge for /app/data/kaviademo4200/1656/b70881y/book-project-1656/backend/book-app/src/main/java/com/karankumar/bookproject/book/model/PredefinedShelfName.java
2025-09-23 13:42:02,143 - Knowledge - INFO - Found code_base: <app.utils.kg_build.knowledge.KnowledgeCodeBase object at 0x7f19d0023dd0>
2025-09-23 13:42:02,270 - Knowledge - INFO - Found code_base: <app.utils.kg_build.knowledge.KnowledgeCodeBase object at 0x7f19d0023dd0>
2025-09-23 13:42:02,381 - Knowledge - INFO - Found code_base: <app.utils.kg_build.knowledge.KnowledgeCodeBase object at 0x7f19d0023dd0>
2025-09-23 13:42:02,465 - Knowledge - INFO - Found code_base: <app.utils.kg_build.knowledge.KnowledgeCodeBase object at 0x7f19d0023dd0>
2025-09-23 13:42:02,558 - Knowledge - INFO - Found code_base: <app.utils.kg_build.knowledge.KnowledgeCodeBase object at 0x7f19d0023dd0>
2025-09-23 13:42:03,623 - Knowledge - INFO - persist ingested knowledge for /app/data/kaviademo4200/1656/b70881y/book-project-1656/backend/book-app/src/main/java/com/karankumar/bookproject/book/service/TagService.java
2025-09-23 13:42:02,771 - Knowledge - INFO - process ingested knowledge for /app/data/kaviademo4200/1656/b70881y/book-project-1656/backend/book-app/src/main/java/com/karankumar/bookproject/book/model/RatingScale.java
2025-09-23 13:42:03,042 - Knowledge - INFO - persist ingested knowledge for /app/data/kaviademo4200/1656/b70881y/book-project-1656/backend/book-app/src/main/java/com/karankumar/bookproject/book/controller/BookController.java
2025-09-23 13:42:03,087 - Knowledge - INFO - worker kw29 pull /app/data/kaviademo4200/1656/b70881y/book-project-1656/backend/book-app/src/main/java/com/karankumar/bookproject/book/model/README.md from ingest queue
2025-09-23 13:42:03,087 - Knowledge - INFO - Found code-base-name: https://github.com/kavia-common/book-project-1656.git:kavia-main
2025-09-23 13:42:03,087 - Knowledge - INFO - adding /app/data/kaviademo4200/1656/b70881y/book-project-1656/backend/book-app/src/main/java/com/karankumar/bookproject/goal/ReadingGoal.java to ingest queue
2025-09-23 13:42:03,245 - Knowledge - INFO - persist ingested knowledge for /app/data/kaviademo4200/1656/b70881y/book-project-1656/backend/book-app/src/main/java/com/karankumar/bookproject/statistics/GenreStatistics.java
2025-09-23 13:42:03,348 - Knowledge - INFO - persist ingested knowledge for /app/data/kaviademo4200/1656/b70881y/book-project-1656/backend/book-app/src/main/java/com/karankumar/bookproject/book/json/LocalDateSerializer.java
2025-09-23 13:42:03,441 - Knowledge - INFO - persist ingested knowledge for /app/data/kaviademo4200/1656/b70881y/book-project-1656/backend/book-app/src/main/java/com/karankumar/bookproject/book/service/AuthorService.java
2025-09-23 13:42:03,542 - Knowledge - INFO - persist ingested knowledge for /app/data/kaviademo4200/1656/b70881y/book-project-1656/backend/book-app/src/main/java/com/karankumar/bookproject/book/service/BookService.java
2025-09-23 13:42:02,648 - Knowledge - INFO - Found code_base: <app.utils.kg_build.knowledge.KnowledgeCodeBase object at 0x7f19d0023dd0>
2025-09-23 13:42:04,003 - Knowledge - INFO - process ingested knowledge for /app/data/kaviademo4200/1656/b70881y/book-project-1656/backend/book-app/src/main/java/com/karankumar/bookproject/book/model/README.md
2025-09-23 13:42:04,074 - Knowledge - INFO - Found code_base: <app.utils.kg_build.knowledge.KnowledgeCodeBase object at 0x7f19d0023dd0>
2025-09-23 13:42:04,167 - Knowledge - INFO - adding /app/data/kaviademo4200/1656/b70881y/book-project-1656/backend/book-app/src/main/java/com/karankumar/bookproject/account/exception/IncorrectPasswordException.java to ingest queue
2025-09-23 13:42:04,606 - Knowledge - INFO - persist ingested knowledge for /app/data/kaviademo4200/1656/b70881y/book-project-1656/backend/book-app/src/main/java/com/karankumar/bookproject/book/service/PublisherService.java
2025-09-23 13:42:04,831 - Knowledge - INFO - persist ingested knowledge for /app/data/kaviademo4200/1656/b70881y/book-project-1656/backend/book-app/src/main/java/com/karankumar/bookproject/book/model/BookFormat.java
2025-09-23 13:42:04,920 - Knowledge - INFO - adding /app/data/kaviademo4200/1656/b70881y/book-project-1656/backend/book-app/src/main/java/com/karankumar/bookproject/goal/ReadingGoalCalculator.java to ingest queue
2025-09-23 13:42:05,242 - Knowledge - INFO - worker kw23 pull /app/data/kaviademo4200/1656/b70881y/book-project-1656/backend/book-app/src/main/java/com/karankumar/bookproject/book/model/Author.java from ingest queue
2025-09-23 13:42:05,244 - Knowledge - INFO - Found code-base-name: https://github.com/kavia-common/book-project-1656.git:kavia-main
2025-09-23 13:42:05,306 - Knowledge - INFO - worker kw15 pull /app/data/kaviademo4200/1656/b70881y/book-project-1656/backend/book-app/src/main/java/com/karankumar/bookproject/book/model/Book.java from ingest queue
2025-09-23 13:42:05,306 - Knowledge - INFO - adding /app/data/kaviademo4200/1656/b70881y/book-project-1656/backend/book-app/src/main/java/com/karankumar/bookproject/statistics/YearStatistics.java to ingest queue
2025-09-23 13:42:05,396 - Knowledge - INFO - process ingested knowledge for /app/data/kaviademo4200/1656/b70881y/book-project-1656/backend/book-app/src/main/java/com/karankumar/bookproject/book/model/Author.java
2025-09-23 13:42:05,447 - Knowledge - INFO - Found code_base: <app.utils.kg_build.knowledge.KnowledgeCodeBase object at 0x7f19d0023dd0>
2025-09-23 13:42:05,601 - Knowledge - INFO - process ingested knowledge for /app/data/kaviademo4200/1656/b70881y/book-project-1656/backend/book-app/src/main/java/com/karankumar/bookproject/book/model/Book.java
2025-09-23 13:42:05,710 - Knowledge - INFO - worker kw18 pull /app/data/kaviademo4200/1656/b70881y/book-project-1656/backend/book-app/src/main/java/com/karankumar/bookproject/book/dto/BookDto.java from ingest queue
2025-09-23 13:42:05,710 - Knowledge - INFO - Found code-base-name: https://github.com/kavia-common/book-project-1656.git:kavia-main
2025-09-23 13:42:05,711 - Knowledge - INFO - adding /app/data/kaviademo4200/1656/b70881y/book-project-1656/backend/book-app/src/main/java/com/karankumar/bookproject/goal/ReadingGoalRepository.java to ingest queue
2025-09-23 13:42:05,872 - Knowledge - INFO - persist ingested knowledge for /app/data/kaviademo4200/1656/b70881y/book-project-1656/backend/book-app/src/main/java/com/karankumar/bookproject/book/model/Tag.java
2025-09-23 13:42:06,058 - Knowledge - INFO - process ingested knowledge for /app/data/kaviademo4200/1656/b70881y/book-project-1656/backend/book-app/src/main/java/com/karankumar/bookproject/book/dto/BookDto.java
2025-09-23 13:42:06,118 - Knowledge - INFO - Found code_base: <app.utils.kg_build.knowledge.KnowledgeCodeBase object at 0x7f19d0023dd0>
2025-09-23 13:42:06,244 - Knowledge - INFO - adding /app/data/kaviademo4200/1656/b70881y/book-project-1656/backend/book-app/src/main/java/com/karankumar/bookproject/book/repository/PublisherRepository.java to ingest queue
2025-09-23 13:42:06,487 - Knowledge - INFO - persist ingested knowledge for /app/data/kaviademo4200/1656/b70881y/book-project-1656/backend/book-app/src/main/java/com/karankumar/bookproject/book/model/Publisher.java
2025-09-23 13:42:06,570 - Knowledge - INFO - adding /app/data/kaviademo4200/1656/b70881y/book-project-1656/backend/book-app/src/main/java/com/karankumar/bookproject/book/repository/AuthorRepository.java to ingest queue
2025-09-23 13:42:06,773 - Knowledge - INFO - worker kw8 pull /app/data/kaviademo4200/1656/b70881y/book-project-1656/backend/book-app/src/main/java/com/karankumar/bookproject/book/dto/BookPatchDto.java from ingest queue
2025-09-23 13:42:06,773 - Knowledge - INFO - adding /app/data/kaviademo4200/1656/b70881y/book-project-1656/backend/book-app/src/main/java/com/karankumar/bookproject/book/repository/BookRepository.java to ingest queue
2025-09-23 13:42:06,914 - Knowledge - INFO - process ingested knowledge for /app/data/kaviademo4200/1656/b70881y/book-project-1656/backend/book-app/src/main/java/com/karankumar/bookproject/book/dto/BookPatchDto.java
2025-09-23 13:42:07,034 - Knowledge - INFO - Found code-base-name: https://github.com/kavia-common/book-project-1656.git:kavia-main
2025-09-23 13:42:07,089 - Knowledge - INFO - worker kw30 pull /app/data/kaviademo4200/1656/b70881y/book-project-1656/backend/book-app/src/main/java/com/karankumar/bookproject/Mappings.java from ingest queue
2025-09-23 13:42:07,196 - Knowledge - INFO - Found code_base: <app.utils.kg_build.knowledge.KnowledgeCodeBase object at 0x7f19d0023dd0>
2025-09-23 13:42:07,249 - Knowledge - INFO - Found code-base-name: https://github.com/kavia-common/book-project-1656.git:kavia-main
2025-09-23 13:42:07,249 - Knowledge - INFO - worker kw9 pull /app/data/kaviademo4200/1656/b70881y/book-project-1656/backend/book-app/src/main/resources/banner.txt from ingest queue
2025-09-23 13:42:07,297 - Knowledge - INFO - Found code-base-name: https://github.com/kavia-common/book-project-1656.git:kavia-main
2025-09-23 13:42:07,298 - Knowledge - INFO - worker kw10 pull /app/data/kaviademo4200/1656/b70881y/book-project-1656/backend/book-app/src/main/resources/db/init.sql from ingest queue
2025-09-23 13:42:07,298 - Knowledge - INFO - Found code-base-name: https://github.com/kavia-common/book-project-1656.git:kavia-main
2025-09-23 13:42:07,298 - Knowledge - INFO - worker kw27 pull /app/data/kaviademo4200/1656/b70881y/book-project-1656/backend/book-app/src/main/resources/db/testdata/afterMigrate.sql from ingest queue
2025-09-23 13:42:07,298 - Knowledge - INFO - adding /app/data/kaviademo4200/1656/b70881y/book-project-1656/backend/book-app/src/main/java/com/karankumar/bookproject/book/repository/TagRepository.java to ingest queue
2025-09-23 13:42:07,350 - Knowledge - INFO - process ingested knowledge for /app/data/kaviademo4200/1656/b70881y/book-project-1656/backend/book-app/src/main/java/com/karankumar/bookproject/Mappings.java
2025-09-23 13:42:07,400 - Knowledge - INFO - persist ingested knowledge for /app/data/kaviademo4200/1656/b70881y/book-project-1656/backend/book-app/src/main/java/com/karankumar/bookproject/book/model/RatingScale.java
2025-09-23 13:42:07,523 - Knowledge - INFO - Found code_base: <app.utils.kg_build.knowledge.KnowledgeCodeBase object at 0x7f19d0023dd0>
2025-09-23 13:42:07,674 - Knowledge - INFO - process ingested knowledge for /app/data/kaviademo4200/1656/b70881y/book-project-1656/backend/book-app/src/main/resources/banner.txt
2025-09-23 13:42:07,771 - Knowledge - INFO - Found code_base: <app.utils.kg_build.knowledge.KnowledgeCodeBase object at 0x7f19d0023dd0>
2025-09-23 13:42:07,922 - Knowledge - INFO - process ingested knowledge for /app/data/kaviademo4200/1656/b70881y/book-project-1656/backend/book-app/src/main/resources/db/init.sql
2025-09-23 13:42:08,010 - Knowledge - INFO - Found code_base: <app.utils.kg_build.knowledge.KnowledgeCodeBase object at 0x7f19d0023dd0>
2025-09-23 13:42:08,144 - Knowledge - INFO - process ingested knowledge for /app/data/kaviademo4200/1656/b70881y/book-project-1656/backend/book-app/src/main/resources/db/testdata/afterMigrate.sql
2025-09-23 13:42:08,230 - Knowledge - INFO - Found code-base-name: https://github.com/kavia-common/book-project-1656.git:kavia-main
2025-09-23 13:42:08,232 - Knowledge - INFO - Found code-base-name: https://github.com/kavia-common/book-project-1656.git:kavia-main
2025-09-23 13:42:08,232 - Knowledge - INFO - worker kw24 pull /app/data/kaviademo4200/1656/b70881y/book-project-1656/backend/book-app/src/main/resources/db/migration/V009__CREATE_ROLE.sql from ingest queue
2025-09-23 13:42:08,286 - Knowledge - INFO - worker kw17 pull /app/data/kaviademo4200/1656/b70881y/book-project-1656/backend/book-app/src/main/resources/db/migration/V020__ALTER_USER_MAKE_USERNAME_NULLABLE.sql from ingest queue
2025-09-23 13:42:08,287 - Knowledge - INFO - worker kw3 pull /app/data/kaviademo4200/1656/b70881y/book-project-1656/backend/book-app/src/main/resources/db/migration/V019__ALTER_USER_MAKE_EMAIL_NULLABLE.sql from ingest queue
2025-09-23 13:42:08,287 - Knowledge - INFO - worker kw22 pull /app/data/kaviademo4200/1656/b70881y/book-project-1656/backend/book-app/src/main/resources/db/migration/V014__ALTER_BOOK_ADD_ISBN.sql from ingest queue
2025-09-23 13:42:08,287 - Knowledge - INFO - Found code-base-name: https://github.com/kavia-common/book-project-1656.git:kavia-main
2025-09-23 13:42:08,335 - Knowledge - INFO - adding /app/data/kaviademo4200/1656/b70881y/book-project-1656/backend/book-app/src/main/java/com/karankumar/bookproject/book/controller/BookController.java to ingest queue
2025-09-23 13:42:08,471 - Knowledge - INFO - persist ingested knowledge for /app/data/kaviademo4200/1656/b70881y/book-project-1656/backend/book-app/src/main/java/com/karankumar/bookproject/book/model/README.md
2025-09-23 13:42:08,650 - Knowledge - INFO - persist ingested knowledge for /app/data/kaviademo4200/1656/b70881y/book-project-1656/backend/book-app/src/main/java/com/karankumar/bookproject/book/model/BookGenre.java
2025-09-23 13:42:08,857 - Knowledge - INFO - persist ingested knowledge for /app/data/kaviademo4200/1656/b70881y/book-project-1656/backend/book-app/src/main/java/com/karankumar/bookproject/book/BookUtils.java
2025-09-23 13:42:09,034 - Knowledge - INFO - Found code_base: <app.utils.kg_build.knowledge.KnowledgeCodeBase object at 0x7f19d0023dd0>
2025-09-23 13:42:09,128 - Knowledge - INFO - Found code_base: <app.utils.kg_build.knowledge.KnowledgeCodeBase object at 0x7f19d0023dd0>
2025-09-23 13:42:10,233 - Knowledge - INFO - persist ingested knowledge for /app/data/kaviademo4200/1656/b70881y/book-project-1656/backend/book-app/src/main/java/com/karankumar/bookproject/book/model/Book.java
2025-09-23 13:42:09,386 - Knowledge - INFO - process ingested knowledge for /app/data/kaviademo4200/1656/b70881y/book-project-1656/backend/book-app/src/main/resources/db/migration/V020__ALTER_USER_MAKE_USERNAME_NULLABLE.sql
2025-09-23 13:42:09,486 - Knowledge - INFO - process ingested knowledge for /app/data/kaviademo4200/1656/b70881y/book-project-1656/backend/book-app/src/main/resources/db/migration/V019__ALTER_USER_MAKE_EMAIL_NULLABLE.sql
2025-09-23 13:42:09,607 - Knowledge - INFO - process ingested knowledge for /app/data/kaviademo4200/1656/b70881y/book-project-1656/backend/book-app/src/main/resources/db/migration/V014__ALTER_BOOK_ADD_ISBN.sql
2025-09-23 13:42:09,673 - Knowledge - INFO - Found code_base: <app.utils.kg_build.knowledge.KnowledgeCodeBase object at 0x7f19d0023dd0>
2025-09-23 13:42:09,792 - Knowledge - INFO - adding /app/data/kaviademo4200/1656/b70881y/book-project-1656/backend/book-app/src/main/java/com/karankumar/bookproject/book/json/LocalDateSerializer.java to ingest queue
2025-09-23 13:42:10,150 - Knowledge - INFO - persist ingested knowledge for /app/data/kaviademo4200/1656/b70881y/book-project-1656/backend/book-app/src/main/java/com/karankumar/bookproject/book/model/Author.java
2025-09-23 13:42:09,270 - Knowledge - INFO - process ingested knowledge for /app/data/kaviademo4200/1656/b70881y/book-project-1656/backend/book-app/src/main/resources/db/migration/V009__CREATE_ROLE.sql
2025-09-23 13:42:10,706 - Knowledge - INFO - persist ingested knowledge for /app/data/kaviademo4200/1656/b70881y/book-project-1656/backend/book-app/src/main/java/com/karankumar/bookproject/book/dto/BookPatchDto.java
2025-09-23 13:42:10,794 - Knowledge - INFO - adding /app/data/kaviademo4200/1656/b70881y/book-project-1656/backend/book-app/src/main/java/com/karankumar/bookproject/book/service/AuthorService.java to ingest queue
2025-09-23 13:42:11,219 - Knowledge - INFO - adding /app/data/kaviademo4200/1656/b70881y/book-project-1656/backend/book-app/src/main/java/com/karankumar/bookproject/book/service/BookService.java to ingest queue
2025-09-23 13:42:11,350 - Knowledge - INFO - adding /app/data/kaviademo4200/1656/b70881y/book-project-1656/backend/book-app/src/main/java/com/karankumar/bookproject/book/service/PublisherService.java to ingest queue
2025-09-23 13:42:11,432 - Knowledge - INFO - adding /app/data/kaviademo4200/1656/b70881y/book-project-1656/backend/book-app/src/main/java/com/karankumar/bookproject/account/exception/UserAlreadyRegisteredException.java to ingest queue
2025-09-23 13:42:11,550 - Knowledge - INFO - adding /app/data/kaviademo4200/1656/b70881y/book-project-1656/backend/book-app/src/main/java/com/karankumar/bookproject/statistics/Statistics.java to ingest queue
2025-09-23 13:42:11,665 - Knowledge - INFO - worker kw16 pull /app/data/kaviademo4200/1656/b70881y/book-project-1656/backend/book-app/src/main/resources/db/migration/V016__ALTER_BOOK_ADD_PUBLICATION_YEAR.sql from ingest queue
2025-09-23 13:42:11,720 - Knowledge - INFO - adding /app/data/kaviademo4200/1656/b70881y/book-project-1656/backend/book-app/src/main/java/com/karankumar/bookproject/book/model/Tag.java to ingest queue
2025-09-23 13:42:11,773 - Knowledge - INFO - process ingested knowledge for /app/data/kaviademo4200/1656/b70881y/book-project-1656/backend/book-app/src/main/resources/db/migration/V016__ALTER_BOOK_ADD_PUBLICATION_YEAR.sql
2025-09-23 13:42:11,838 - Knowledge - INFO - Found code-base-name: https://github.com/kavia-common/book-project-1656.git:kavia-main
2025-09-23 13:42:11,838 - Knowledge - INFO - adding /app/data/kaviademo4200/1656/b70881y/book-project-1656/backend/book-app/src/main/java/com/karankumar/bookproject/book/service/TagService.java to ingest queue
2025-09-23 13:42:12,037 - Knowledge - INFO - Found code_base: <app.utils.kg_build.knowledge.KnowledgeCodeBase object at 0x7f19d0023dd0>
2025-09-23 13:42:12,130 - Knowledge - INFO - Found code-base-name: https://github.com/kavia-common/book-project-1656.git:kavia-main
2025-09-23 13:42:12,130 - Knowledge - INFO - adding /app/data/kaviademo4200/1656/b70881y/book-project-1656/backend/book-app/src/main/java/com/karankumar/bookproject/statistics/GenreStatistics.java to ingest queue
2025-09-23 13:42:12,205 - Knowledge - INFO - persist ingested knowledge for /app/data/kaviademo4200/1656/b70881y/book-project-1656/backend/book-app/src/main/java/com/karankumar/bookproject/book/model/PredefinedShelfName.java
2025-09-23 13:42:12,290 - Knowledge - INFO - Found code_base: <app.utils.kg_build.knowledge.KnowledgeCodeBase object at 0x7f19d0023dd0>
2025-09-23 13:42:12,478 - Knowledge - INFO - Found code-base-name: https://github.com/kavia-common/book-project-1656.git:kavia-main
2025-09-23 13:42:12,478 - Knowledge - INFO - Found code-base-name: https://github.com/kavia-common/book-project-1656.git:kavia-main
2025-09-23 13:42:12,478 - Knowledge - INFO - Found code-base-name: https://github.com/kavia-common/book-project-1656.git:kavia-main
2025-09-23 13:42:12,478 - Knowledge - INFO - worker kw25 pull /app/data/kaviademo4200/1656/b70881y/book-project-1656/backend/book-app/src/main/resources/db/migration/V008__CREATE_USER.sql from ingest queue
2025-09-23 13:42:12,644 - Knowledge - INFO - Found code-base-name: https://github.com/kavia-common/book-project-1656.git:kavia-main
2025-09-23 13:42:12,644 - Knowledge - INFO - Found code-base-name: https://github.com/kavia-common/book-project-1656.git:kavia-main
2025-09-23 13:42:12,644 - Knowledge - INFO - Found code-base-name: https://github.com/kavia-common/book-project-1656.git:kavia-main
2025-09-23 13:42:12,644 - Knowledge - INFO - worker kw26 pull /app/data/kaviademo4200/1656/b70881y/book-project-1656/backend/book-app/src/main/resources/db/migration/V007__CREATE_BOOK_TAG.sql from ingest queue
2025-09-23 13:42:12,644 - Knowledge - INFO - Found code-base-name: https://github.com/kavia-common/book-project-1656.git:kavia-main
2025-09-23 13:42:12,691 - Knowledge - INFO - worker kw4 pull /app/data/kaviademo4200/1656/b70881y/book-project-1656/backend/book-app/src/main/resources/db/migration/V025__ALTER_AUTHOR_MAKE_NAME_FULL.sql from ingest queue
2025-09-23 13:42:12,691 - Knowledge - INFO - worker kw21 pull /app/data/kaviademo4200/1656/b70881y/book-project-1656/backend/book-app/src/main/resources/db/migration/V002__CREATE_BOOK.sql from ingest queue
2025-09-23 13:42:12,691 - Knowledge - INFO - worker kw14 pull /app/data/kaviademo4200/1656/b70881y/book-project-1656/backend/book-app/src/main/resources/db/migration/V015__ALTER_BOOK_ADD_FORMAT.sql from ingest queue
2025-09-23 13:42:12,691 - Knowledge - INFO - Found code-base-name: https://github.com/kavia-common/book-project-1656.git:kavia-main
2025-09-23 13:42:12,691 - Knowledge - INFO - adding /app/data/kaviademo4200/1656/b70881y/book-project-1656/backend/book-app/src/main/java/com/karankumar/bookproject/book/model/Publisher.java to ingest queue
2025-09-23 13:42:12,696 - Knowledge - INFO - persist ingested knowledge for /app/data/kaviademo4200/1656/b70881y/book-project-1656/backend/book-app/src/main/java/com/karankumar/bookproject/Mappings.java
2025-09-23 13:42:12,773 - Knowledge - INFO - Found code_base: <app.utils.kg_build.knowledge.KnowledgeCodeBase object at 0x7f19d0023dd0>
2025-09-23 13:42:12,856 - Knowledge - INFO - Found code_base: <app.utils.kg_build.knowledge.KnowledgeCodeBase object at 0x7f19d0023dd0>
2025-09-23 13:42:12,978 - Knowledge - INFO - Found code_base: <app.utils.kg_build.knowledge.KnowledgeCodeBase object at 0x7f19d0023dd0>
2025-09-23 13:42:13,137 - Knowledge - INFO - process ingested knowledge for /app/data/kaviademo4200/1656/b70881y/book-project-1656/backend/book-app/src/main/resources/db/migration/V008__CREATE_USER.sql
2025-09-23 13:42:13,174 - Knowledge - INFO - Found code_base: <app.utils.kg_build.knowledge.KnowledgeCodeBase object at 0x7f19d0023dd0>
2025-09-23 13:42:13,280 - Knowledge - INFO - Found code_base: <app.utils.kg_build.knowledge.KnowledgeCodeBase object at 0x7f19d0023dd0>
2025-09-23 13:42:13,387 - Knowledge - INFO - Found code_base: <app.utils.kg_build.knowledge.KnowledgeCodeBase object at 0x7f19d0023dd0>
2025-09-23 13:42:13,522 - Knowledge - INFO - process ingested knowledge for /app/data/kaviademo4200/1656/b70881y/book-project-1656/backend/book-app/src/main/resources/db/migration/V007__CREATE_BOOK_TAG.sql
2025-09-23 13:42:13,580 - Knowledge - INFO - Found code_base: <app.utils.kg_build.knowledge.KnowledgeCodeBase object at 0x7f19d0023dd0>
2025-09-23 13:42:13,720 - Knowledge - INFO - process ingested knowledge for /app/data/kaviademo4200/1656/b70881y/book-project-1656/backend/book-app/src/main/resources/db/migration/V025__ALTER_AUTHOR_MAKE_NAME_FULL.sql
2025-09-23 13:42:13,825 - Knowledge - INFO - process ingested knowledge for /app/data/kaviademo4200/1656/b70881y/book-project-1656/backend/book-app/src/main/resources/db/migration/V002__CREATE_BOOK.sql
2025-09-23 13:42:13,948 - Knowledge - INFO - process ingested knowledge for /app/data/kaviademo4200/1656/b70881y/book-project-1656/backend/book-app/src/main/resources/db/migration/V015__ALTER_BOOK_ADD_FORMAT.sql
2025-09-23 13:42:14,020 - Knowledge - INFO - Found code_base: <app.utils.kg_build.knowledge.KnowledgeCodeBase object at 0x7f19d0023dd0>
2025-09-23 13:42:14,093 - Knowledge - INFO - worker kw20 pull /app/data/kaviademo4200/1656/b70881y/book-project-1656/backend/book-app/src/main/resources/db/migration/V024__CREATE_BOOK_GENRE.sql from ingest queue
2025-09-23 13:42:14,094 - Knowledge - INFO - Found code-base-name: https://github.com/kavia-common/book-project-1656.git:kavia-main
2025-09-23 13:42:14,094 - Knowledge - INFO - worker kw12 pull /app/data/kaviademo4200/1656/b70881y/book-project-1656/backend/book-app/src/main/resources/db/migration/V018__CREATE_BOOK_PUBLISHER.sql from ingest queue
2025-09-23 13:42:14,095 - Knowledge - INFO - adding /app/data/kaviademo4200/1656/b70881y/book-project-1656/backend/book-app/src/main/java/com/karankumar/bookproject/book/model/RatingScale.java to ingest queue
2025-09-23 13:42:14,304 - Knowledge - INFO - persist ingested knowledge for /app/data/kaviademo4200/1656/b70881y/book-project-1656/backend/book-app/src/main/resources/banner.txt
2025-09-23 13:42:14,378 - Knowledge - INFO - persist ingested knowledge for /app/data/kaviademo4200/1656/b70881y/book-project-1656/backend/book-app/src/main/resources/db/init.sql
2025-09-23 13:42:14,502 - Knowledge - INFO - persist ingested knowledge for /app/data/kaviademo4200/1656/b70881y/book-project-1656/backend/book-app/src/main/resources/db/testdata/afterMigrate.sql
2025-09-23 13:42:14,685 - Knowledge - INFO - persist ingested knowledge for /app/data/kaviademo4200/1656/b70881y/book-project-1656/backend/book-app/src/main/resources/db/migration/V020__ALTER_USER_MAKE_USERNAME_NULLABLE.sql
2025-09-23 13:42:14,802 - Knowledge - INFO - persist ingested knowledge for /app/data/kaviademo4200/1656/b70881y/book-project-1656/backend/book-app/src/main/resources/db/migration/V019__ALTER_USER_MAKE_EMAIL_NULLABLE.sql
2025-09-23 13:42:14,918 - Knowledge - INFO - persist ingested knowledge for /app/data/kaviademo4200/1656/b70881y/book-project-1656/backend/book-app/src/main/resources/db/migration/V014__ALTER_BOOK_ADD_ISBN.sql
2025-09-23 13:42:15,138 - Knowledge - INFO - persist ingested knowledge for /app/data/kaviademo4200/1656/b70881y/book-project-1656/backend/book-app/src/main/resources/db/migration/V009__CREATE_ROLE.sql
2025-09-23 13:42:15,532 - Knowledge - INFO - persist ingested knowledge for /app/data/kaviademo4200/1656/b70881y/book-project-1656/backend/book-app/src/main/java/com/karankumar/bookproject/book/dto/BookDto.java
2025-09-23 13:42:15,642 - Knowledge - INFO - process ingested knowledge for /app/data/kaviademo4200/1656/b70881y/book-project-1656/backend/book-app/src/main/resources/db/migration/V024__CREATE_BOOK_GENRE.sql
2025-09-23 13:42:15,725 - Knowledge - INFO - Found code_base: <app.utils.kg_build.knowledge.KnowledgeCodeBase object at 0x7f19d0023dd0>
2025-09-23 13:42:15,884 - Knowledge - INFO - process ingested knowledge for /app/data/kaviademo4200/1656/b70881y/book-project-1656/backend/book-app/src/main/resources/db/migration/V018__CREATE_BOOK_PUBLISHER.sql
2025-09-23 13:42:15,928 - Knowledge - INFO - adding /app/data/kaviademo4200/1656/b70881y/book-project-1656/backend/book-app/src/main/java/com/karankumar/bookproject/book/model/README.md to ingest queue
2025-09-23 13:42:16,934 - Knowledge - INFO - persist ingested knowledge for /app/data/kaviademo4200/1656/b70881y/book-project-1656/backend/book-app/src/main/resources/db/migration/V016__ALTER_BOOK_ADD_PUBLICATION_YEAR.sql
2025-09-23 13:42:17,206 - Knowledge - INFO - adding /app/data/kaviademo4200/1656/b70881y/book-project-1656/backend/book-app/src/main/java/com/karankumar/bookproject/book/BookUtils.java to ingest queue
2025-09-23 13:42:17,323 - Knowledge - INFO - adding /app/data/kaviademo4200/1656/b70881y/book-project-1656/backend/book-app/src/main/java/com/karankumar/bookproject/book/model/Book.java to ingest queue
2025-09-23 13:42:17,476 - Knowledge - INFO - adding /app/data/kaviademo4200/1656/b70881y/book-project-1656/backend/book-app/src/main/java/com/karankumar/bookproject/book/model/BookFormat.java to ingest queue
2025-09-23 13:42:17,567 - Knowledge - INFO - adding /app/data/kaviademo4200/1656/b70881y/book-project-1656/backend/book-app/src/main/java/com/karankumar/bookproject/book/dto/BookPatchDto.java to ingest queue
2025-09-23 13:42:17,648 - Knowledge - INFO - worker kw2 pull /app/data/kaviademo4200/1656/b70881y/book-project-1656/backend/book-app/src/main/resources/db/migration/V010__CREATE_USER_ROLE.sql from ingest queue
2025-09-23 13:42:17,649 - Knowledge - INFO - worker kw6 pull /app/data/kaviademo4200/1656/b70881y/book-project-1656/backend/book-app/src/main/resources/db/migration/V022__ALTER_PUBLISHER_MAKE_NAME_UNIQUE.sql from ingest queue
2025-09-23 13:42:17,755 - Knowledge - INFO - Found code-base-name: https://github.com/kavia-common/book-project-1656.git:kavia-main
2025-09-23 13:42:17,755 - Knowledge - INFO - Found code-base-name: https://github.com/kavia-common/book-project-1656.git:kavia-main
2025-09-23 13:42:17,755 - Knowledge - INFO - Found code-base-name: https://github.com/kavia-common/book-project-1656.git:kavia-main
2025-09-23 13:42:17,755 - Knowledge - INFO - Found code-base-name: https://github.com/kavia-common/book-project-1656.git:kavia-main
2025-09-23 13:42:17,755 - Knowledge - INFO - Found code-base-name: https://github.com/kavia-common/book-project-1656.git:kavia-main
2025-09-23 13:42:17,755 - Knowledge - INFO - worker kw28 pull /app/data/kaviademo4200/1656/b70881y/book-project-1656/backend/book-app/src/main/resources/db/migration/V027__ALTER_USER_ADD_FAIL_ATTEMPTS_DATA.sql from ingest queue
2025-09-23 13:42:17,785 - Knowledge - INFO - process ingested knowledge for /app/data/kaviademo4200/1656/b70881y/book-project-1656/backend/book-app/src/main/resources/db/migration/V010__CREATE_USER_ROLE.sql
2025-09-23 13:42:17,911 - Knowledge - INFO - process ingested knowledge for /app/data/kaviademo4200/1656/b70881y/book-project-1656/backend/book-app/src/main/resources/db/migration/V022__ALTER_PUBLISHER_MAKE_NAME_UNIQUE.sql
2025-09-23 13:42:17,949 - Knowledge - INFO - Found code_base: <app.utils.kg_build.knowledge.KnowledgeCodeBase object at 0x7f19d0023dd0>
2025-09-23 13:42:18,016 - Knowledge - INFO - Found code_base: <app.utils.kg_build.knowledge.KnowledgeCodeBase object at 0x7f19d0023dd0>
2025-09-23 13:42:18,116 - Knowledge - INFO - Found code-base-name: https://github.com/kavia-common/book-project-1656.git:kavia-main
2025-09-23 13:42:18,116 - Knowledge - INFO - Found code-base-name: https://github.com/kavia-common/book-project-1656.git:kavia-main
2025-09-23 13:42:18,116 - Knowledge - INFO - worker kw29 pull /app/data/kaviademo4200/1656/b70881y/book-project-1656/backend/book-app/src/main/resources/db/migration/V013__MAKE_SHELVES_PER_USER.sql from ingest queue
2025-09-23 13:42:18,117 - Knowledge - INFO - Found code_base: <app.utils.kg_build.knowledge.KnowledgeCodeBase object at 0x7f19d0023dd0>
2025-09-23 13:42:18,182 - Knowledge - INFO - worker kw7 pull /app/data/kaviademo4200/1656/b70881y/book-project-1656/backend/book-app/src/main/resources/db/migration/V011__CREATE_UID_SEQUENCE.sql from ingest queue
2025-09-23 13:42:18,183 - Knowledge - INFO - worker kw15 pull /app/data/kaviademo4200/1656/b70881y/book-project-1656/backend/book-app/src/main/resources/db/migration/V028__CREATE_HIBERNATE_SEQUENCE.sql from ingest queue
2025-09-23 13:42:18,183 - Knowledge - INFO - worker kw13 pull /app/data/kaviademo4200/1656/b70881y/book-project-1656/backend/book-app/src/main/resources/db/migration/V005__ALTER_BOOK.sql from ingest queue
2025-09-23 13:42:18,183 - Knowledge - INFO - worker kw5 pull /app/data/kaviademo4200/1656/b70881y/book-project-1656/backend/book-app/src/main/resources/db/migration/V001__CREATE_AUTHOR.sql from ingest queue
2025-09-23 13:42:18,183 - Knowledge - INFO - adding /app/data/kaviademo4200/1656/b70881y/book-project-1656/backend/book-app/src/main/java/com/karankumar/bookproject/book/model/BookGenre.java to ingest queue
2025-09-23 13:42:18,191 - Knowledge - INFO - Found code_base: <app.utils.kg_build.knowledge.KnowledgeCodeBase object at 0x7f19d0023dd0>
2025-09-23 13:42:18,320 - Knowledge - INFO - Found code_base: <app.utils.kg_build.knowledge.KnowledgeCodeBase object at 0x7f19d0023dd0>
2025-09-23 13:42:18,445 - Knowledge - INFO - process ingested knowledge for /app/data/kaviademo4200/1656/b70881y/book-project-1656/backend/book-app/src/main/resources/db/migration/V027__ALTER_USER_ADD_FAIL_ATTEMPTS_DATA.sql
2025-09-23 13:42:18,709 - Knowledge - INFO - persist ingested knowledge for /app/data/kaviademo4200/1656/b70881y/book-project-1656/backend/book-app/src/main/resources/db/migration/V008__CREATE_USER.sql
2025-09-23 13:42:18,817 - Knowledge - INFO - persist ingested knowledge for /app/data/kaviademo4200/1656/b70881y/book-project-1656/backend/book-app/src/main/resources/db/migration/V007__CREATE_BOOK_TAG.sql
2025-09-23 13:42:18,942 - Knowledge - INFO - Found code_base: <app.utils.kg_build.knowledge.KnowledgeCodeBase object at 0x7f19d0023dd0>
2025-09-23 13:42:19,036 - Knowledge - INFO - Found code_base: <app.utils.kg_build.knowledge.KnowledgeCodeBase object at 0x7f19d0023dd0>
2025-09-23 13:42:19,215 - Knowledge - INFO - process ingested knowledge for /app/data/kaviademo4200/1656/b70881y/book-project-1656/backend/book-app/src/main/resources/db/migration/V013__MAKE_SHELVES_PER_USER.sql
2025-09-23 13:42:19,298 - Knowledge - INFO - persist ingested knowledge for /app/data/kaviademo4200/1656/b70881y/book-project-1656/backend/book-app/src/main/resources/db/migration/V025__ALTER_AUTHOR_MAKE_NAME_FULL.sql
2025-09-23 13:42:19,457 - Knowledge - INFO - process ingested knowledge for /app/data/kaviademo4200/1656/b70881y/book-project-1656/backend/book-app/src/main/resources/db/migration/V011__CREATE_UID_SEQUENCE.sql
2025-09-23 13:42:19,534 - Knowledge - INFO - process ingested knowledge for /app/data/kaviademo4200/1656/b70881y/book-project-1656/backend/book-app/src/main/resources/db/migration/V028__CREATE_HIBERNATE_SEQUENCE.sql
2025-09-23 13:42:19,621 - Knowledge - INFO - process ingested knowledge for /app/data/kaviademo4200/1656/b70881y/book-project-1656/backend/book-app/src/main/resources/db/migration/V005__ALTER_BOOK.sql
2025-09-23 13:42:19,736 - Knowledge - INFO - process ingested knowledge for /app/data/kaviademo4200/1656/b70881y/book-project-1656/backend/book-app/src/main/resources/db/migration/V001__CREATE_AUTHOR.sql
2025-09-23 13:42:19,862 - Knowledge - INFO - adding /app/data/kaviademo4200/1656/b70881y/book-project-1656/backend/book-app/src/main/resources/db/init.sql to ingest queue
2025-09-23 13:42:21,280 - Knowledge - INFO - adding /app/data/kaviademo4200/1656/b70881y/book-project-1656/backend/book-app/src/main/resources/db/testdata/afterMigrate.sql to ingest queue
2025-09-23 13:42:19,980 - Knowledge - INFO - persist ingested knowledge for /app/data/kaviademo4200/1656/b70881y/book-project-1656/backend/book-app/src/main/resources/db/migration/V015__ALTER_BOOK_ADD_FORMAT.sql
2025-09-23 13:42:20,441 - Knowledge - INFO - persist ingested knowledge for /app/data/kaviademo4200/1656/b70881y/book-project-1656/backend/book-app/src/main/resources/db/migration/V024__CREATE_BOOK_GENRE.sql
2025-09-23 13:42:20,566 - Knowledge - INFO - persist ingested knowledge for /app/data/kaviademo4200/1656/b70881y/book-project-1656/backend/book-app/src/main/resources/db/migration/V018__CREATE_BOOK_PUBLISHER.sql
2025-09-23 13:42:19,878 - Knowledge - INFO - persist ingested knowledge for /app/data/kaviademo4200/1656/b70881y/book-project-1656/backend/book-app/src/main/resources/db/migration/V002__CREATE_BOOK.sql
2025-09-23 13:42:21,371 - Knowledge - INFO - adding /app/data/kaviademo4200/1656/b70881y/book-project-1656/backend/book-app/src/main/resources/db/migration/V020__ALTER_USER_MAKE_USERNAME_NULLABLE.sql to ingest queue
2025-09-23 13:42:21,876 - Knowledge - INFO - adding /app/data/kaviademo4200/1656/b70881y/book-project-1656/backend/book-app/src/main/resources/db/migration/V019__ALTER_USER_MAKE_EMAIL_NULLABLE.sql to ingest queue
2025-09-23 13:42:22,013 - Knowledge - INFO - adding /app/data/kaviademo4200/1656/b70881y/book-project-1656/backend/book-app/src/main/resources/db/migration/V014__ALTER_BOOK_ADD_ISBN.sql to ingest queue
2025-09-23 13:42:22,113 - Knowledge - INFO - adding /app/data/kaviademo4200/1656/b70881y/book-project-1656/backend/book-app/src/main/resources/db/migration/V009__CREATE_ROLE.sql to ingest queue
2025-09-23 13:42:22,220 - Knowledge - INFO - adding /app/data/kaviademo4200/1656/b70881y/book-project-1656/backend/book-app/src/main/java/com/karankumar/bookproject/book/dto/BookDto.java to ingest queue
2025-09-23 13:42:22,306 - Knowledge - INFO - adding /app/data/kaviademo4200/1656/b70881y/book-project-1656/backend/book-app/src/main/java/com/karankumar/bookproject/book/model/PredefinedShelfName.java to ingest queue
2025-09-23 13:42:22,425 - Knowledge - INFO - adding /app/data/kaviademo4200/1656/b70881y/book-project-1656/backend/book-app/src/main/resources/db/migration/V016__ALTER_BOOK_ADD_PUBLICATION_YEAR.sql to ingest queue
2025-09-23 13:42:22,513 - Knowledge - INFO - adding /app/data/kaviademo4200/1656/b70881y/book-project-1656/backend/book-app/src/main/java/com/karankumar/bookproject/book/model/Author.java to ingest queue
2025-09-23 13:42:22,618 - Knowledge - INFO - worker kw19 pull /app/data/kaviademo4200/1656/b70881y/book-project-1656/backend/book-app/src/main/resources/db/migration/V004__CREATE_READING_GOAL.sql from ingest queue
2025-09-23 13:42:22,620 - Knowledge - INFO - worker kw8 pull /app/data/kaviademo4200/1656/b70881y/book-project-1656/backend/book-app/src/main/resources/db/migration/V026__ALTER_PREDEFINED_SHELF_MAKE_USER_ID_NULLABLE.sql from ingest queue
2025-09-23 13:42:22,620 - Knowledge - INFO - Found code-base-name: https://github.com/kavia-common/book-project-1656.git:kavia-main
2025-09-23 13:42:22,620 - Knowledge - INFO - Found code-base-name: https://github.com/kavia-common/book-project-1656.git:kavia-main
2025-09-23 13:42:22,620 - Knowledge - INFO - adding /app/data/kaviademo4200/1656/b70881y/book-project-1656/backend/book-app/src/main/resources/banner.txt to ingest queue
2025-09-23 13:42:22,745 - Knowledge - INFO - process ingested knowledge for /app/data/kaviademo4200/1656/b70881y/book-project-1656/backend/book-app/src/main/resources/db/migration/V004__CREATE_READING_GOAL.sql
2025-09-23 13:42:22,853 - Knowledge - INFO - process ingested knowledge for /app/data/kaviademo4200/1656/b70881y/book-project-1656/backend/book-app/src/main/resources/db/migration/V026__ALTER_PREDEFINED_SHELF_MAKE_USER_ID_NULLABLE.sql
2025-09-23 13:42:22,906 - Knowledge - INFO - Found code_base: <app.utils.kg_build.knowledge.KnowledgeCodeBase object at 0x7f19d0023dd0>
2025-09-23 13:42:23,025 - Knowledge - INFO - Found code_base: <app.utils.kg_build.knowledge.KnowledgeCodeBase object at 0x7f19d0023dd0>
2025-09-23 13:42:23,464 - Knowledge - INFO - persist ingested knowledge for /app/data/kaviademo4200/1656/b70881y/book-project-1656/backend/book-app/src/main/resources/db/migration/V022__ALTER_PUBLISHER_MAKE_NAME_UNIQUE.sql
2025-09-23 13:42:23,275 - Knowledge - INFO - Found code-base-name: https://github.com/kavia-common/book-project-1656.git:kavia-main
2025-09-23 13:42:23,276 - Knowledge - INFO - Found code-base-name: https://github.com/kavia-common/book-project-1656.git:kavia-main
2025-09-23 13:42:23,276 - Knowledge - INFO - Found code-base-name: https://github.com/kavia-common/book-project-1656.git:kavia-main
2025-09-23 13:42:23,276 - Knowledge - INFO - Found code-base-name: https://github.com/kavia-common/book-project-1656.git:kavia-main
2025-09-23 13:42:23,276 - Knowledge - INFO - worker kw10 pull /app/data/kaviademo4200/1656/b70881y/book-project-1656/backend/book-app/src/main/resources/db/migration/V017__CREATE_PUBLISHER.sql from ingest queue
2025-09-23 13:42:23,348 - Knowledge - INFO - persist ingested knowledge for /app/data/kaviademo4200/1656/b70881y/book-project-1656/backend/book-app/src/main/resources/db/migration/V010__CREATE_USER_ROLE.sql
2025-09-23 13:42:23,220 - Knowledge - INFO - Found code-base-name: https://github.com/kavia-common/book-project-1656.git:kavia-main
2025-09-23 13:42:23,485 - Knowledge - INFO - worker kw17 pull /app/data/kaviademo4200/1656/b70881y/book-project-1656/backend/book-app/src/main/resources/db/migration/V021__ALTER_USER_REMOVE_USERNAME.sql from ingest queue
2025-09-23 13:42:23,486 - Knowledge - INFO - worker kw22 pull /app/data/kaviademo4200/1656/b70881y/book-project-1656/backend/book-app/src/main/resources/db/migration/V023__ALTER_BOOK_RENAME_CONSTRAINTS.sql from ingest queue
2025-09-23 13:42:23,486 - Knowledge - INFO - worker kw24 pull /app/data/kaviademo4200/1656/b70881y/book-project-1656/backend/book-app/src/main/resources/db/migration/V006__CREATE_TAG.sql from ingest queue
2025-09-23 13:42:23,486 - Knowledge - INFO - worker kw16 pull /app/data/kaviademo4200/1656/b70881y/book-project-1656/backend/book-app/src/main/resources/db/migration/V012__CREATE_USER_CREATED_SHELF.sql from ingest queue
2025-09-23 13:42:23,486 - Knowledge - INFO - worker kw23 pull /app/data/kaviademo4200/1656/b70881y/book-project-1656/backend/book-app/src/main/resources/db/migration/V003__CREATE_PREDEFINED_SHELF.sql from ingest queue
2025-09-23 13:42:23,486 - Knowledge - INFO - worker kw11 pull /app/data/kaviademo4200/1656/b70881y/book-project-1656/backend/book-app/src/main/asciidoc/index.adoc from ingest queue
2025-09-23 13:42:23,486 - Knowledge - INFO - worker kw9 pull /app/data/kaviademo4200/1656/b70881y/book-project-1656/backend/book-app/pom.xml from ingest queue
2025-09-23 13:42:23,486 - Knowledge - INFO - adding /app/data/kaviademo4200/1656/b70881y/book-project-1656/backend/book-app/src/main/resources/db/migration/V008__CREATE_USER.sql to ingest queue
2025-09-23 13:42:23,643 - Knowledge - INFO - Found code_base: <app.utils.kg_build.knowledge.KnowledgeCodeBase object at 0x7f19d0023dd0>
2025-09-23 13:42:23,729 - Knowledge - INFO - Found code_base: <app.utils.kg_build.knowledge.KnowledgeCodeBase object at 0x7f19d0023dd0>
2025-09-23 13:42:23,818 - Knowledge - INFO - Found code_base: <app.utils.kg_build.knowledge.KnowledgeCodeBase object at 0x7f19d0023dd0>
2025-09-23 13:42:23,904 - Knowledge - INFO - Found code_base: <app.utils.kg_build.knowledge.KnowledgeCodeBase object at 0x7f19d0023dd0>
2025-09-23 13:42:24,031 - Knowledge - INFO - process ingested knowledge for /app/data/kaviademo4200/1656/b70881y/book-project-1656/backend/book-app/src/main/resources/db/migration/V017__CREATE_PUBLISHER.sql
2025-09-23 13:42:24,195 - Knowledge - INFO - Found code_base: <app.utils.kg_build.knowledge.KnowledgeCodeBase object at 0x7f19d0023dd0>
2025-09-23 13:42:24,307 - Knowledge - INFO - process ingested knowledge for /app/data/kaviademo4200/1656/b70881y/book-project-1656/backend/book-app/src/main/resources/db/migration/V021__ALTER_USER_REMOVE_USERNAME.sql
2025-09-23 13:42:24,414 - Knowledge - INFO - process ingested knowledge for /app/data/kaviademo4200/1656/b70881y/book-project-1656/backend/book-app/src/main/resources/db/migration/V023__ALTER_BOOK_RENAME_CONSTRAINTS.sql
2025-09-23 13:42:24,498 - Knowledge - INFO - process ingested knowledge for /app/data/kaviademo4200/1656/b70881y/book-project-1656/backend/book-app/src/main/resources/db/migration/V006__CREATE_TAG.sql
2025-09-23 13:42:24,595 - Knowledge - INFO - process ingested knowledge for /app/data/kaviademo4200/1656/b70881y/book-project-1656/backend/book-app/src/main/resources/db/migration/V012__CREATE_USER_CREATED_SHELF.sql
2025-09-23 13:42:24,788 - Knowledge - INFO - process ingested knowledge for /app/data/kaviademo4200/1656/b70881y/book-project-1656/backend/book-app/src/main/resources/db/migration/V003__CREATE_PREDEFINED_SHELF.sql
2025-09-23 13:42:24,870 - Knowledge - INFO - process ingested knowledge for /app/data/kaviademo4200/1656/b70881y/book-project-1656/backend/book-app/src/main/asciidoc/index.adoc
2025-09-23 13:42:24,951 - Knowledge - INFO - process ingested knowledge for /app/data/kaviademo4200/1656/b70881y/book-project-1656/backend/book-app/pom.xml
2025-09-23 13:42:25,016 - Knowledge - INFO - adding /app/data/kaviademo4200/1656/b70881y/book-project-1656/backend/book-app/src/main/resources/db/migration/V007__CREATE_BOOK_TAG.sql to ingest queue
2025-09-23 13:42:25,095 - Knowledge - INFO - persist ingested knowledge for /app/data/kaviademo4200/1656/b70881y/book-project-1656/backend/book-app/src/main/resources/db/migration/V011__CREATE_UID_SEQUENCE.sql
2025-09-23 13:42:25,192 - Knowledge - INFO - persist ingested knowledge for /app/data/kaviademo4200/1656/b70881y/book-project-1656/backend/book-app/src/main/resources/db/migration/V028__CREATE_HIBERNATE_SEQUENCE.sql
2025-09-23 13:42:25,291 - Knowledge - INFO - persist ingested knowledge for /app/data/kaviademo4200/1656/b70881y/book-project-1656/backend/book-app/src/main/resources/db/migration/V005__ALTER_BOOK.sql
2025-09-23 13:42:25,412 - Knowledge - INFO - persist ingested knowledge for /app/data/kaviademo4200/1656/b70881y/book-project-1656/backend/book-app/src/main/resources/db/migration/V001__CREATE_AUTHOR.sql
2025-09-23 13:42:25,578 - Knowledge - INFO - persist ingested knowledge for /app/data/kaviademo4200/1656/b70881y/book-project-1656/backend/book-app/src/main/resources/db/migration/V013__MAKE_SHELVES_PER_USER.sql
2025-09-23 13:42:26,327 - Knowledge - INFO - Found code-base-name: https://github.com/kavia-common/book-project-1656.git:kavia-main
2025-09-23 13:42:26,328 - Knowledge - INFO - adding /app/data/kaviademo4200/1656/b70881y/book-project-1656/backend/book-app/src/main/resources/db/migration/V025__ALTER_AUTHOR_MAKE_NAME_FULL.sql to ingest queue
2025-09-23 13:42:26,922 - Knowledge - INFO - Found code_base: <app.utils.kg_build.knowledge.KnowledgeCodeBase object at 0x7f19d0023dd0>
2025-09-23 13:42:27,047 - Knowledge - INFO - worker kw27 pull /app/data/kaviademo4200/1656/b70881y/book-project-1656/backend/pom.xml from ingest queue
2025-09-23 13:42:27,047 - Knowledge - INFO - adding /app/data/kaviademo4200/1656/b70881y/book-project-1656/backend/book-app/src/main/resources/db/migration/V015__ALTER_BOOK_ADD_FORMAT.sql to ingest queue
2025-09-23 13:42:27,154 - Knowledge - INFO - persist ingested knowledge for /app/data/kaviademo4200/1656/b70881y/book-project-1656/backend/book-app/src/main/resources/db/migration/V026__ALTER_PREDEFINED_SHELF_MAKE_USER_ID_NULLABLE.sql
2025-09-23 13:42:27,284 - Knowledge - INFO - process ingested knowledge for /app/data/kaviademo4200/1656/b70881y/book-project-1656/backend/pom.xml
2025-09-23 13:42:27,357 - Knowledge - INFO - adding /app/data/kaviademo4200/1656/b70881y/book-project-1656/backend/book-app/src/main/resources/db/migration/V018__CREATE_BOOK_PUBLISHER.sql to ingest queue
2025-09-23 13:42:27,640 - Knowledge - INFO - worker kw3 pull /app/data/kaviademo4200/1656/b70881y/book-project-1656/ACKNOWLEDGEMENTS.md from ingest queue
2025-09-23 13:42:27,640 - Knowledge - INFO - adding /app/data/kaviademo4200/1656/b70881y/book-project-1656/backend/book-app/src/main/resources/db/migration/V002__CREATE_BOOK.sql to ingest queue
2025-09-23 13:42:27,786 - Knowledge - INFO - process ingested knowledge for /app/data/kaviademo4200/1656/b70881y/book-project-1656/ACKNOWLEDGEMENTS.md
2025-09-23 13:42:27,843 - Knowledge - INFO - worker kw1 pull /app/data/kaviademo4200/1656/b70881y/book-project-1656/STYLEGUIDE.md from ingest queue
2025-09-23 13:42:27,843 - Knowledge - INFO - Found code-base-name: https://github.com/kavia-common/book-project-1656.git:kavia-main
2025-09-23 13:42:27,845 - Knowledge - INFO - Found code-base-name: https://github.com/kavia-common/book-project-1656.git:kavia-main
2025-09-23 13:42:27,946 - Knowledge - INFO - worker kw25 pull /app/data/kaviademo4200/1656/b70881y/book-project-1656/CODE_OF_CONDUCT.md from ingest queue
2025-09-23 13:42:27,946 - Knowledge - INFO - Found code-base-name: https://github.com/kavia-common/book-project-1656.git:kavia-main
2025-09-23 13:42:27,946 - Knowledge - INFO - Found code-base-name: https://github.com/kavia-common/book-project-1656.git:kavia-main
2025-09-23 13:42:27,947 - Knowledge - INFO - Found code-base-name: https://github.com/kavia-common/book-project-1656.git:kavia-main
2025-09-23 13:42:27,947 - Knowledge - INFO - Found code-base-name: https://github.com/kavia-common/book-project-1656.git:kavia-main
2025-09-23 13:42:27,947 - Knowledge - INFO - Found code-base-name: https://github.com/kavia-common/book-project-1656.git:kavia-main
2025-09-23 13:42:28,949 - Knowledge - INFO - Found code_base: <app.utils.kg_build.knowledge.KnowledgeCodeBase object at 0x7f19d0023dd0>
2025-09-23 13:42:27,947 - Knowledge - INFO - Found code-base-name: https://github.com/kavia-common/book-project-1656.git:kavia-main
2025-09-23 13:42:27,947 - Knowledge - INFO - worker kw26 pull /app/data/kaviademo4200/1656/b70881y/book-project-1656/README.md from ingest queue
2025-09-23 13:42:28,011 - Knowledge - INFO - adding /app/data/kaviademo4200/1656/b70881y/book-project-1656/backend/book-app/src/main/resources/db/migration/V011__CREATE_UID_SEQUENCE.sql to ingest queue
2025-09-23 13:42:28,101 - Knowledge - INFO - process ingested knowledge for /app/data/kaviademo4200/1656/b70881y/book-project-1656/STYLEGUIDE.md
2025-09-23 13:42:28,154 - Knowledge - INFO - Found code_base: <app.utils.kg_build.knowledge.KnowledgeCodeBase object at 0x7f19d0023dd0>
2025-09-23 13:42:28,270 - Knowledge - INFO - Found code_base: <app.utils.kg_build.knowledge.KnowledgeCodeBase object at 0x7f19d0023dd0>
2025-09-23 13:42:28,425 - Knowledge - INFO - process ingested knowledge for /app/data/kaviademo4200/1656/b70881y/book-project-1656/CODE_OF_CONDUCT.md
2025-09-23 13:42:28,505 - Knowledge - INFO - Found code_base: <app.utils.kg_build.knowledge.KnowledgeCodeBase object at 0x7f19d0023dd0>
2025-09-23 13:42:28,644 - Knowledge - INFO - Found code_base: <app.utils.kg_build.knowledge.KnowledgeCodeBase object at 0x7f19d0023dd0>
2025-09-23 13:42:28,724 - Knowledge - INFO - Found code_base: <app.utils.kg_build.knowledge.KnowledgeCodeBase object at 0x7f19d0023dd0>
2025-09-23 13:42:28,842 - Knowledge - INFO - Found code_base: <app.utils.kg_build.knowledge.KnowledgeCodeBase object at 0x7f19d0023dd0>
2025-09-23 13:42:27,947 - Knowledge - INFO - Found code-base-name: https://github.com/kavia-common/book-project-1656.git:kavia-main
2025-09-23 13:42:29,064 - Knowledge - INFO - persist ingested knowledge for /app/data/kaviademo4200/1656/b70881y/book-project-1656/backend/book-app/src/main/resources/db/migration/V003__CREATE_PREDEFINED_SHELF.sql
2025-09-23 13:42:29,190 - Knowledge - INFO - Found code_base: <app.utils.kg_build.knowledge.KnowledgeCodeBase object at 0x7f19d0023dd0>
2025-09-23 13:42:29,325 - Knowledge - INFO - process ingested knowledge for /app/data/kaviademo4200/1656/b70881y/book-project-1656/README.md
2025-09-23 13:42:29,512 - Knowledge - INFO - adding /app/data/kaviademo4200/1656/b70881y/book-project-1656/backend/book-app/src/main/resources/db/migration/V024__CREATE_BOOK_GENRE.sql to ingest queue
2025-09-23 13:42:29,575 - Knowledge - INFO - persist ingested knowledge for /app/data/kaviademo4200/1656/b70881y/book-project-1656/backend/book-app/src/main/resources/db/migration/V027__ALTER_USER_ADD_FAIL_ATTEMPTS_DATA.sql
2025-09-23 13:42:29,701 - Knowledge - INFO - persist ingested knowledge for /app/data/kaviademo4200/1656/b70881y/book-project-1656/backend/book-app/src/main/resources/db/migration/V004__CREATE_READING_GOAL.sql
2025-09-23 13:42:29,890 - Knowledge - INFO - persist ingested knowledge for /app/data/kaviademo4200/1656/b70881y/book-project-1656/backend/book-app/src/main/resources/db/migration/V021__ALTER_USER_REMOVE_USERNAME.sql
2025-09-23 13:42:29,977 - Knowledge - INFO - persist ingested knowledge for /app/data/kaviademo4200/1656/b70881y/book-project-1656/backend/book-app/src/main/resources/db/migration/V023__ALTER_BOOK_RENAME_CONSTRAINTS.sql
2025-09-23 13:42:30,092 - Knowledge - INFO - persist ingested knowledge for /app/data/kaviademo4200/1656/b70881y/book-project-1656/backend/book-app/src/main/resources/db/migration/V006__CREATE_TAG.sql
2025-09-23 13:42:30,215 - Knowledge - INFO - persist ingested knowledge for /app/data/kaviademo4200/1656/b70881y/book-project-1656/backend/book-app/src/main/resources/db/migration/V012__CREATE_USER_CREATED_SHELF.sql
2025-09-23 13:42:30,324 - Knowledge - INFO - Found code_base: <app.utils.kg_build.knowledge.KnowledgeCodeBase object at 0x7f19d0023dd0>
2025-09-23 13:42:30,512 - Knowledge - INFO - persist ingested knowledge for /app/data/kaviademo4200/1656/b70881y/book-project-1656/backend/book-app/pom.xml
2025-09-23 13:42:30,688 - Knowledge - INFO - worker kw4 pull /app/data/kaviademo4200/1656/b70881y/book-project-1656/docker-compose.yml from ingest queue
2025-09-23 13:42:30,689 - Knowledge - INFO - worker kw14 pull /app/data/kaviademo4200/1656/b70881y/book-project-1656/SECURITY.md from ingest queue
2025-09-23 13:42:30,689 - Knowledge - INFO - Found code-base-name: https://github.com/kavia-common/book-project-1656.git:kavia-main
2025-09-23 13:42:30,689 - Knowledge - INFO - worker kw12 pull /app/data/kaviademo4200/1656/b70881y/book-project-1656/CONTRIBUTING.md from ingest queue
2025-09-23 13:42:30,689 - Knowledge - INFO - adding /app/data/kaviademo4200/1656/b70881y/book-project-1656/backend/book-app/src/main/java/com/karankumar/bookproject/Mappings.java to ingest queue
2025-09-23 13:42:31,396 - Knowledge - INFO - persist ingested knowledge for /app/data/kaviademo4200/1656/b70881y/book-project-1656/backend/book-app/src/main/asciidoc/index.adoc
2025-09-23 13:42:31,610 - Knowledge - INFO - process ingested knowledge for /app/data/kaviademo4200/1656/b70881y/book-project-1656/docker-compose.yml
2025-09-23 13:42:31,716 - Knowledge - INFO - process ingested knowledge for /app/data/kaviademo4200/1656/b70881y/book-project-1656/SECURITY.md
2025-09-23 13:42:31,764 - Knowledge - INFO - Found code_base: <app.utils.kg_build.knowledge.KnowledgeCodeBase object at 0x7f19d0023dd0>
2025-09-23 13:42:31,905 - Knowledge - INFO - process ingested knowledge for /app/data/kaviademo4200/1656/b70881y/book-project-1656/CONTRIBUTING.md
2025-09-23 13:42:31,951 - Knowledge - INFO - adding /app/data/kaviademo4200/1656/b70881y/book-project-1656/backend/book-app/src/main/resources/db/migration/V022__ALTER_PUBLISHER_MAKE_NAME_UNIQUE.sql to ingest queue
2025-09-23 13:42:32,349 - Knowledge - INFO - persist ingested knowledge for /app/data/kaviademo4200/1656/b70881y/book-project-1656/backend/pom.xml
2025-09-23 13:42:32,605 - Knowledge - INFO - Found code-base-name: https://github.com/kavia-common/book-project-1656.git:kavia-main
2025-09-23 13:42:32,605 - Knowledge - INFO - adding /app/data/kaviademo4200/1656/b70881y/book-project-1656/backend/book-app/src/main/resources/db/migration/V010__CREATE_USER_ROLE.sql to ingest queue
2025-09-23 13:42:32,795 - Knowledge - INFO - Found code_base: <app.utils.kg_build.knowledge.KnowledgeCodeBase object at 0x7f19d0023dd0>
2025-09-23 13:42:32,978 - Knowledge - INFO - Found code-base-name: https://github.com/kavia-common/book-project-1656.git:kavia-main
2025-09-23 13:42:33,021 - Knowledge - INFO - persist ingested knowledge for /app/data/kaviademo4200/1656/b70881y/book-project-1656/backend/book-app/src/main/resources/db/migration/V017__CREATE_PUBLISHER.sql
2025-09-23 13:42:33,025 - Knowledge - INFO - worker kw7 pull /app/data/kaviademo4200/1656/b70881y/book-project-1656/frontend/src/App.test.tsx from ingest queue
2025-09-23 13:42:33,025 - Knowledge - INFO - Found code-base-name: https://github.com/kavia-common/book-project-1656.git:kavia-main
2025-09-23 13:42:33,025 - Knowledge - INFO - adding /app/data/kaviademo4200/1656/b70881y/book-project-1656/backend/book-app/src/main/resources/db/migration/V013__MAKE_SHELVES_PER_USER.sql to ingest queue
2025-09-23 13:42:33,131 - Knowledge - INFO - Found code_base: <app.utils.kg_build.knowledge.KnowledgeCodeBase object at 0x7f19d0023dd0>
2025-09-23 13:42:33,316 - Knowledge - INFO - Thread kw7 - File App.test.tsx - Remaining files in queue: 226
2025-09-23 13:42:33,415 - Knowledge - INFO - Found code_base: <app.utils.kg_build.knowledge.KnowledgeCodeBase object at 0x7f19d0023dd0>
2025-09-23 13:42:33,541 - Knowledge - INFO - Found code-base-name: https://github.com/kavia-common/book-project-1656.git:kavia-main
2025-09-23 13:42:33,597 - Knowledge - INFO - Found code-base-name: https://github.com/kavia-common/book-project-1656.git:kavia-main
2025-09-23 13:42:33,597 - Knowledge - INFO - worker kw20 pull /app/data/kaviademo4200/1656/b70881y/book-project-1656/frontend/src/reportWebVitals.ts from ingest queue
2025-09-23 13:42:33,623 - Knowledge - INFO - persist ingested knowledge for /app/data/kaviademo4200/1656/b70881y/book-project-1656/ACKNOWLEDGEMENTS.md
2025-09-23 13:42:33,644 - Knowledge - INFO - worker kw21 pull /app/data/kaviademo4200/1656/b70881y/book-project-1656/frontend/src/react-app-env.d.ts from ingest queue
2025-09-23 13:42:33,699 - Knowledge - INFO - start ingest for /app/data/kaviademo4200/1656/b70881y/book-project-1656/frontend/src/App.test.tsx
2025-09-23 13:42:33,702 - Knowledge - INFO - adding /app/data/kaviademo4200/1656/b70881y/book-project-1656/backend/book-app/src/main/resources/db/migration/V004__CREATE_READING_GOAL.sql to ingest queue
2025-09-23 13:42:33,801 - Knowledge - INFO - persist ingested knowledge for /app/data/kaviademo4200/1656/b70881y/book-project-1656/STYLEGUIDE.md
2025-09-23 13:42:33,898 - Knowledge - INFO - Found code_base: <app.utils.kg_build.knowledge.KnowledgeCodeBase object at 0x7f19d0023dd0>
2025-09-23 13:42:34,006 - Knowledge - INFO - Found code_base: <app.utils.kg_build.knowledge.KnowledgeCodeBase object at 0x7f19d0023dd0>
2025-09-23 13:42:34,115 - Knowledge - INFO - Thread kw20 - File reportWebVitals.ts - Remaining files in queue: 225
2025-09-23 13:42:34,287 - Knowledge - INFO - Thread kw21 - File react-app-env.d.ts - Remaining files in queue: 225
2025-09-23 13:42:34,376 - Knowledge - INFO - Fast-track processing for simple file: /app/data/kaviademo4200/1656/b70881y/book-project-1656/frontend/src/App.test.tsx
2025-09-23 13:42:34,639 - Knowledge - INFO - persist ingested knowledge for /app/data/kaviademo4200/1656/b70881y/book-project-1656/CODE_OF_CONDUCT.md
2025-09-23 13:42:34,673 - Knowledge - INFO - worker kw30 pull /app/data/kaviademo4200/1656/b70881y/book-project-1656/frontend/src/App.tsx from ingest queue
2025-09-23 13:42:34,724 - Knowledge - INFO - persist ingested knowledge for /app/data/kaviademo4200/1656/b70881y/book-project-1656/README.md
2025-09-23 13:42:34,726 - Knowledge - INFO - Found code-base-name: https://github.com/kavia-common/book-project-1656.git:kavia-main
2025-09-23 13:42:34,726 - Knowledge - INFO - Found code-base-name: https://github.com/kavia-common/book-project-1656.git:kavia-main
2025-09-23 13:42:34,727 - Knowledge - INFO - worker kw6 pull /app/data/kaviademo4200/1656/b70881y/book-project-1656/frontend/src/settings/Settings.css from ingest queue
2025-09-23 13:42:34,727 - Knowledge - INFO - worker kw2 pull /app/data/kaviademo4200/1656/b70881y/book-project-1656/frontend/src/settings/Switch.tsx from ingest queue
2025-09-23 13:42:34,727 - Knowledge - INFO - adding /app/data/kaviademo4200/1656/b70881y/book-project-1656/backend/book-app/src/main/resources/db/migration/V028__CREATE_HIBERNATE_SEQUENCE.sql to ingest queue
2025-09-23 13:42:34,808 - Knowledge - INFO - start ingest for /app/data/kaviademo4200/1656/b70881y/book-project-1656/frontend/src/reportWebVitals.ts
2025-09-23 13:42:34,902 - Knowledge - INFO - start ingest for /app/data/kaviademo4200/1656/b70881y/book-project-1656/frontend/src/react-app-env.d.ts
2025-09-23 13:42:34,978 - Knowledge - INFO - done fast ingest for /app/data/kaviademo4200/1656/b70881y/book-project-1656/frontend/src/App.test.tsx
2025-09-23 13:42:35,200 - Knowledge - INFO - Thread kw30 - File App.tsx - Remaining files in queue: 223
2025-09-23 13:42:35,366 - Knowledge - INFO - Found code_base: <app.utils.kg_build.knowledge.KnowledgeCodeBase object at 0x7f19d0023dd0>
2025-09-23 13:42:35,483 - Knowledge - INFO - Found code_base: <app.utils.kg_build.knowledge.KnowledgeCodeBase object at 0x7f19d0023dd0>
2025-09-23 13:42:35,604 - Knowledge - INFO - Thread kw6 - File Settings.css - Remaining files in queue: 223
2025-09-23 13:42:35,716 - Knowledge - INFO - Thread kw2 - File Switch.tsx - Remaining files in queue: 223
2025-09-23 13:42:35,807 - Knowledge - INFO - adding /app/data/kaviademo4200/1656/b70881y/book-project-1656/backend/book-app/src/main/resources/db/migration/V001__CREATE_AUTHOR.sql to ingest queue
2025-09-23 13:42:35,900 - Knowledge - INFO - Fast-track processing for simple file: /app/data/kaviademo4200/1656/b70881y/book-project-1656/frontend/src/reportWebVitals.ts
2025-09-23 13:42:35,975 - Knowledge - INFO - Fast-track processing for simple file: /app/data/kaviademo4200/1656/b70881y/book-project-1656/frontend/src/react-app-env.d.ts
2025-09-23 13:42:36,085 - Knowledge - INFO - process ingested knowledge for /app/data/kaviademo4200/1656/b70881y/book-project-1656/frontend/src/App.test.tsx
2025-09-23 13:42:36,154 - Knowledge - INFO - start ingest for /app/data/kaviademo4200/1656/b70881y/book-project-1656/frontend/src/App.tsx
2025-09-23 13:42:36,239 - Knowledge - INFO - persist ingested knowledge for /app/data/kaviademo4200/1656/b70881y/book-project-1656/SECURITY.md
2025-09-23 13:42:36,354 - Knowledge - INFO - persist ingested knowledge for /app/data/kaviademo4200/1656/b70881y/book-project-1656/CONTRIBUTING.md
2025-09-23 13:42:36,431 - Knowledge - INFO - start ingest for /app/data/kaviademo4200/1656/b70881y/book-project-1656/frontend/src/settings/Settings.css
2025-09-23 13:42:36,534 - Knowledge - INFO - start ingest for /app/data/kaviademo4200/1656/b70881y/book-project-1656/frontend/src/settings/Switch.tsx
2025-09-23 13:42:36,684 - Knowledge - INFO - worker kw29 pull /app/data/kaviademo4200/1656/b70881y/book-project-1656/frontend/src/settings/Settings.tsx from ingest queue
2025-09-23 13:42:36,684 - Knowledge - INFO - worker kw18 pull /app/data/kaviademo4200/1656/b70881y/book-project-1656/frontend/src/my-books/ShelfModal.css from ingest queue
2025-09-23 13:42:36,747 - Knowledge - INFO - done fast ingest for /app/data/kaviademo4200/1656/b70881y/book-project-1656/frontend/src/reportWebVitals.ts
2025-09-23 13:42:36,836 - Knowledge - INFO - done fast ingest for /app/data/kaviademo4200/1656/b70881y/book-project-1656/frontend/src/react-app-env.d.ts
2025-09-23 13:42:36,845 - Knowledge - INFO - worker kw19 pull /app/data/kaviademo4200/1656/b70881y/book-project-1656/frontend/src/my-books/MyBooks.tsx from ingest queue
2025-09-23 13:42:36,845 - Knowledge - INFO - adding /app/data/kaviademo4200/1656/b70881y/book-project-1656/backend/book-app/src/main/resources/db/migration/V023__ALTER_BOOK_RENAME_CONSTRAINTS.sql to ingest queue
2025-09-23 13:42:37,500 - Knowledge - INFO - Thread kw29 - File Settings.tsx - Remaining files in queue: 222
2025-09-23 13:42:37,584 - Knowledge - INFO - Thread kw18 - File ShelfModal.css - Remaining files in queue: 222
2025-09-23 13:42:37,690 - Knowledge - INFO - process ingested knowledge for /app/data/kaviademo4200/1656/b70881y/book-project-1656/frontend/src/reportWebVitals.ts
2025-09-23 13:42:37,771 - Knowledge - INFO - process ingested knowledge for /app/data/kaviademo4200/1656/b70881y/book-project-1656/frontend/src/react-app-env.d.ts
2025-09-23 13:42:37,823 - Knowledge - INFO - Thread kw19 - File MyBooks.tsx - Remaining files in queue: 222
2025-09-23 13:42:37,955 - Knowledge - INFO - adding /app/data/kaviademo4200/1656/b70881y/book-project-1656/backend/book-app/src/main/resources/db/migration/V006__CREATE_TAG.sql to ingest queue
2025-09-23 13:42:38,082 - Knowledge - INFO - start ingest for /app/data/kaviademo4200/1656/b70881y/book-project-1656/frontend/src/settings/Settings.tsx
2025-09-23 13:42:38,178 - Knowledge - INFO - start ingest for /app/data/kaviademo4200/1656/b70881y/book-project-1656/frontend/src/my-books/ShelfModal.css
2025-09-23 13:42:38,437 - Knowledge - INFO - start ingest for /app/data/kaviademo4200/1656/b70881y/book-project-1656/frontend/src/my-books/MyBooks.tsx
2025-09-23 13:42:38,534 - Knowledge - INFO - adding /app/data/kaviademo4200/1656/b70881y/book-project-1656/backend/book-app/src/main/resources/db/migration/V012__CREATE_USER_CREATED_SHELF.sql to ingest queue
2025-09-23 13:42:38,932 - Knowledge - INFO - Found code-base-name: https://github.com/kavia-common/book-project-1656.git:kavia-main
2025-09-23 13:42:38,933 - Knowledge - INFO - adding /app/data/kaviademo4200/1656/b70881y/book-project-1656/backend/book-app/pom.xml to ingest queue
2025-09-23 13:42:39,032 - Knowledge - INFO - Found code_base: <app.utils.kg_build.knowledge.KnowledgeCodeBase object at 0x7f19d0023dd0>
2025-09-23 13:42:39,113 - Knowledge - INFO - adding /app/data/kaviademo4200/1656/b70881y/book-project-1656/backend/book-app/src/main/asciidoc/index.adoc to ingest queue
2025-09-23 13:42:39,200 - Knowledge - INFO - persist ingested knowledge for /app/data/kaviademo4200/1656/b70881y/book-project-1656/docker-compose.yml
2025-09-23 13:42:39,281 - Knowledge - INFO - adding /app/data/kaviademo4200/1656/b70881y/book-project-1656/backend/book-app/src/main/resources/db/migration/V005__ALTER_BOOK.sql to ingest queue
2025-09-23 13:42:39,697 - Knowledge - INFO - worker kw15 pull /app/data/kaviademo4200/1656/b70881y/book-project-1656/frontend/src/my-books/ShelfModal.tsx from ingest queue
2025-09-23 13:42:39,698 - Knowledge - INFO - worker kw5 pull /app/data/kaviademo4200/1656/b70881y/book-project-1656/frontend/src/my-books/MyBooks.css from ingest queue
2025-09-23 13:42:39,698 - Knowledge - INFO - adding /app/data/kaviademo4200/1656/b70881y/book-project-1656/backend/book-app/src/main/resources/db/migration/V003__CREATE_PREDEFINED_SHELF.sql to ingest queue
2025-09-23 13:42:39,933 - Knowledge - INFO - adding /app/data/kaviademo4200/1656/b70881y/book-project-1656/backend/book-app/src/main/resources/db/migration/V027__ALTER_USER_ADD_FAIL_ATTEMPTS_DATA.sql to ingest queue
2025-09-23 13:42:39,858 - Knowledge - INFO - Thread kw5 - File MyBooks.css - Remaining files in queue: 226
2025-09-23 13:42:39,778 - Knowledge - INFO - Thread kw15 - File ShelfModal.tsx - Remaining files in queue: 226
2025-09-23 13:42:40,052 - Knowledge - INFO - adding /app/data/kaviademo4200/1656/b70881y/book-project-1656/backend/book-app/src/main/resources/db/migration/V021__ALTER_USER_REMOVE_USERNAME.sql to ingest queue
2025-09-23 13:42:40,134 - Knowledge - INFO - start ingest for /app/data/kaviademo4200/1656/b70881y/book-project-1656/frontend/src/my-books/MyBooks.css
2025-09-23 13:42:40,227 - Knowledge - INFO - start ingest for /app/data/kaviademo4200/1656/b70881y/book-project-1656/frontend/src/my-books/ShelfModal.tsx
2025-09-23 13:42:40,339 - Knowledge - INFO - adding /app/data/kaviademo4200/1656/b70881y/book-project-1656/ACKNOWLEDGEMENTS.md to ingest queue
2025-09-23 13:42:40,761 - Knowledge - INFO - Found code-base-name: https://github.com/kavia-common/book-project-1656.git:kavia-main
2025-09-23 13:42:40,859 - Knowledge - INFO - Found code_base: <app.utils.kg_build.knowledge.KnowledgeCodeBase object at 0x7f19d0023dd0>
2025-09-23 13:42:40,874 - Knowledge - INFO - worker kw22 pull /app/data/kaviademo4200/1656/b70881y/book-project-1656/frontend/src/login/forgotPassword/ForgotPasswordModal.css from ingest queue
2025-09-23 13:42:40,874 - Knowledge - INFO - Found code-base-name: https://github.com/kavia-common/book-project-1656.git:kavia-main
2025-09-23 13:42:40,874 - Knowledge - INFO - worker kw24 pull /app/data/kaviademo4200/1656/b70881y/book-project-1656/frontend/src/login/Login.css from ingest queue
2025-09-23 13:42:40,874 - Knowledge - INFO - worker kw16 pull /app/data/kaviademo4200/1656/b70881y/book-project-1656/frontend/src/login/forgotPassword/ForgotPasswordModal.tsx from ingest queue
2025-09-23 13:42:41,291 - Knowledge - INFO - Thread kw16 - File ForgotPasswordModal.tsx - Remaining files in queue: 225
2025-09-23 13:42:40,874 - Knowledge - INFO - worker kw13 pull /app/data/kaviademo4200/1656/b70881y/book-project-1656/frontend/src/login/forgotPassword/PasswordResetModal.tsx from ingest queue
2025-09-23 13:42:40,874 - Knowledge - INFO - adding /app/data/kaviademo4200/1656/b70881y/book-project-1656/README.md to ingest queue
2025-09-23 13:42:40,945 - Knowledge - INFO - persist ingested knowledge for /app/data/kaviademo4200/1656/b70881y/book-project-1656/frontend/src/App.test.tsx
2025-09-23 13:42:41,030 - Knowledge - INFO - Thread kw22 - File ForgotPasswordModal.css - Remaining files in queue: 225
2025-09-23 13:42:41,111 - Knowledge - INFO - Found code_base: <app.utils.kg_build.knowledge.KnowledgeCodeBase object at 0x7f19d0023dd0>
2025-09-23 13:42:41,202 - Knowledge - INFO - Thread kw24 - File Login.css - Remaining files in queue: 225
2025-09-23 13:42:40,874 - Knowledge - INFO - worker kw11 pull /app/data/kaviademo4200/1656/b70881y/book-project-1656/frontend/src/login/Login.tsx from ingest queue
2025-09-23 13:42:41,382 - Knowledge - INFO - start ingest for /app/data/kaviademo4200/1656/b70881y/book-project-1656/frontend/src/login/forgotPassword/ForgotPasswordModal.tsx
2025-09-23 13:42:41,470 - Knowledge - INFO - Thread kw13 - File PasswordResetModal.tsx - Remaining files in queue: 225
2025-09-23 13:42:41,592 - Knowledge - INFO - adding /app/data/kaviademo4200/1656/b70881y/book-project-1656/backend/book-app/src/main/resources/db/migration/V017__CREATE_PUBLISHER.sql to ingest queue
2025-09-23 13:42:41,793 - Knowledge - INFO - start ingest for /app/data/kaviademo4200/1656/b70881y/book-project-1656/frontend/src/login/forgotPassword/ForgotPasswordModal.css
2025-09-23 13:42:41,889 - Knowledge - INFO - done ingest for /app/data/kaviademo4200/1656/b70881y/book-project-1656/frontend/src/settings/Settings.css
2025-09-23 13:42:41,909 - Knowledge - INFO - persist ingested knowledge for /app/data/kaviademo4200/1656/b70881y/book-project-1656/frontend/src/reportWebVitals.ts
2025-09-23 13:42:42,022 - Knowledge - INFO - start ingest for /app/data/kaviademo4200/1656/b70881y/book-project-1656/frontend/src/login/Login.css
2025-09-23 13:42:42,142 - Knowledge - INFO - Thread kw11 - File Login.tsx - Remaining files in queue: 226
2025-09-23 13:42:42,357 - Knowledge - INFO - start ingest for /app/data/kaviademo4200/1656/b70881y/book-project-1656/frontend/src/login/forgotPassword/PasswordResetModal.tsx
2025-09-23 13:42:42,461 - Knowledge - INFO - adding /app/data/kaviademo4200/1656/b70881y/book-project-1656/backend/book-app/src/main/resources/db/migration/V026__ALTER_PREDEFINED_SHELF_MAKE_USER_ID_NULLABLE.sql to ingest queue
2025-09-23 13:42:42,712 - Knowledge - INFO - process ingested knowledge for /app/data/kaviademo4200/1656/b70881y/book-project-1656/frontend/src/settings/Settings.css
2025-09-23 13:42:42,967 - Knowledge - INFO - done ingest for /app/data/kaviademo4200/1656/b70881y/book-project-1656/frontend/src/settings/Switch.tsx
2025-09-23 13:42:43,074 - Knowledge - INFO - start ingest for /app/data/kaviademo4200/1656/b70881y/book-project-1656/frontend/src/login/Login.tsx
2025-09-23 13:42:43,246 - Knowledge - INFO - worker kw28 pull /app/data/kaviademo4200/1656/b70881y/book-project-1656/frontend/src/index.tsx from ingest queue
2025-09-23 13:42:43,247 - Knowledge - INFO - worker kw3 pull /app/data/kaviademo4200/1656/b70881y/book-project-1656/frontend/src/register/Register.css from ingest queue
2025-09-23 13:42:43,247 - Knowledge - INFO - adding /app/data/kaviademo4200/1656/b70881y/book-project-1656/SECURITY.md to ingest queue
2025-09-23 13:42:43,490 - Knowledge - INFO - process ingested knowledge for /app/data/kaviademo4200/1656/b70881y/book-project-1656/frontend/src/settings/Switch.tsx
2025-09-23 13:42:43,661 - Knowledge - INFO - Thread kw28 - File index.tsx - Remaining files in queue: 226
2025-09-23 13:42:43,767 - Knowledge - INFO - Thread kw3 - File Register.css - Remaining files in queue: 226
2025-09-23 13:42:43,852 - Knowledge - INFO - Found code-base-name: https://github.com/kavia-common/book-project-1656.git:kavia-main
2025-09-23 13:42:43,853 - Knowledge - INFO - adding /app/data/kaviademo4200/1656/b70881y/book-project-1656/CONTRIBUTING.md to ingest queue
2025-09-23 13:42:44,067 - Knowledge - INFO - start ingest for /app/data/kaviademo4200/1656/b70881y/book-project-1656/frontend/src/index.tsx
2025-09-23 13:42:44,154 - Knowledge - INFO - start ingest for /app/data/kaviademo4200/1656/b70881y/book-project-1656/frontend/src/register/Register.css
2025-09-23 13:42:44,270 - Knowledge - INFO - Found code_base: <app.utils.kg_build.knowledge.KnowledgeCodeBase object at 0x7f19d0023dd0>
2025-09-23 13:42:44,357 - Knowledge - INFO - worker kw9 pull /app/data/kaviademo4200/1656/b70881y/book-project-1656/frontend/src/delete-account/DeleteAccount.tsx from ingest queue
2025-09-23 13:42:44,438 - Knowledge - INFO - adding /app/data/kaviademo4200/1656/b70881y/book-project-1656/CODE_OF_CONDUCT.md to ingest queue
2025-09-23 13:42:44,671 - Knowledge - INFO - persist ingested knowledge for /app/data/kaviademo4200/1656/b70881y/book-project-1656/frontend/src/react-app-env.d.ts
2025-09-23 13:42:44,772 - Knowledge - INFO - Thread kw9 - File DeleteAccount.tsx - Remaining files in queue: 227
2025-09-23 13:42:44,883 - Knowledge - INFO - worker kw26 pull /app/data/kaviademo4200/1656/b70881y/book-project-1656/frontend/src/register/Register.tsx from ingest queue
2025-09-23 13:42:45,102 - Knowledge - INFO - start ingest for /app/data/kaviademo4200/1656/b70881y/book-project-1656/frontend/src/delete-account/DeleteAccount.tsx
2025-09-23 13:42:45,186 - Knowledge - INFO - worker kw23 pull /app/data/kaviademo4200/1656/b70881y/book-project-1656/frontend/src/goal/Goal.tsx from ingest queue
2025-09-23 13:42:45,188 - Knowledge - INFO - worker kw17 pull /app/data/kaviademo4200/1656/b70881y/book-project-1656/frontend/src/goal/Goal.css from ingest queue
2025-09-23 13:42:45,189 - Knowledge - INFO - worker kw8 pull /app/data/kaviademo4200/1656/b70881y/book-project-1656/frontend/src/statistics/Stats.tsx from ingest queue
2025-09-23 13:42:45,190 - Knowledge - INFO - worker kw14 pull /app/data/kaviademo4200/1656/b70881y/book-project-1656/frontend/src/shared/http/HttpClient.ts from ingest queue
2025-09-23 13:42:45,190 - Knowledge - INFO - adding /app/data/kaviademo4200/1656/b70881y/book-project-1656/backend/pom.xml to ingest queue
2025-09-23 13:42:45,207 - Knowledge - INFO - Thread kw26 - File Register.tsx - Remaining files in queue: 223
2025-09-23 13:42:45,379 - Knowledge - INFO - Thread kw23 - File Goal.tsx - Remaining files in queue: 223
2025-09-23 13:42:45,455 - Knowledge - INFO - Thread kw17 - File Goal.css - Remaining files in queue: 223
2025-09-23 13:42:45,560 - Knowledge - INFO - Thread kw8 - File Stats.tsx - Remaining files in queue: 223
2025-09-23 13:42:45,643 - Knowledge - INFO - done ingest for /app/data/kaviademo4200/1656/b70881y/book-project-1656/frontend/src/App.tsx
2025-09-23 13:42:45,688 - Knowledge - INFO - Thread kw14 - File HttpClient.ts - Remaining files in queue: 223
2025-09-23 13:42:45,788 - Knowledge - INFO - worker kw12 pull /app/data/kaviademo4200/1656/b70881y/book-project-1656/frontend/src/setupTests.ts from ingest queue
2025-09-23 13:42:45,789 - Knowledge - INFO - adding /app/data/kaviademo4200/1656/b70881y/book-project-1656/docker-compose.yml to ingest queue
2025-09-23 13:42:45,901 - Knowledge - INFO - start ingest for /app/data/kaviademo4200/1656/b70881y/book-project-1656/frontend/src/register/Register.tsx
2025-09-23 13:42:46,021 - Knowledge - INFO - start ingest for /app/data/kaviademo4200/1656/b70881y/book-project-1656/frontend/src/goal/Goal.tsx
2025-09-23 13:42:46,144 - Knowledge - INFO - start ingest for /app/data/kaviademo4200/1656/b70881y/book-project-1656/frontend/src/goal/Goal.css
2025-09-23 13:42:46,267 - Knowledge - INFO - start ingest for /app/data/kaviademo4200/1656/b70881y/book-project-1656/frontend/src/statistics/Stats.tsx
2025-09-23 13:42:46,355 - Knowledge - INFO - done ingest for /app/data/kaviademo4200/1656/b70881y/book-project-1656/frontend/src/my-books/ShelfModal.css
2025-09-23 13:42:46,404 - Knowledge - INFO - process ingested knowledge for /app/data/kaviademo4200/1656/b70881y/book-project-1656/frontend/src/App.tsx
2025-09-23 13:42:46,482 - Knowledge - INFO - start ingest for /app/data/kaviademo4200/1656/b70881y/book-project-1656/frontend/src/shared/http/HttpClient.ts
2025-09-23 13:42:46,598 - Knowledge - INFO - Thread kw12 - File setupTests.ts - Remaining files in queue: 223
2025-09-23 13:42:46,688 - Knowledge - INFO - worker kw25 pull /app/data/kaviademo4200/1656/b70881y/book-project-1656/frontend/src/delete-account/DeleteAccount.css from ingest queue
2025-09-23 13:42:46,797 - Knowledge - INFO - adding /app/data/kaviademo4200/1656/b70881y/book-project-1656/STYLEGUIDE.md to ingest queue
2025-09-23 13:42:47,059 - Knowledge - INFO - done ingest for /app/data/kaviademo4200/1656/b70881y/book-project-1656/frontend/src/settings/Settings.tsx
2025-09-23 13:42:47,147 - Knowledge - INFO - process ingested knowledge for /app/data/kaviademo4200/1656/b70881y/book-project-1656/frontend/src/my-books/ShelfModal.css
2025-09-23 13:42:47,447 - Knowledge - INFO - start ingest for /app/data/kaviademo4200/1656/b70881y/book-project-1656/frontend/src/setupTests.ts
2025-09-23 13:42:47,562 - Knowledge - INFO - Thread kw25 - File DeleteAccount.css - Remaining files in queue: 223
2025-09-23 13:42:47,674 - Knowledge - INFO - Found code-base-name: https://github.com/kavia-common/book-project-1656.git:kavia-main
2025-09-23 13:42:47,675 - Knowledge - INFO - worker kw20 pull /app/data/kaviademo4200/1656/b70881y/book-project-1656/frontend/src/shared/http/verb.ts from ingest queue
2025-09-23 13:42:47,676 - Knowledge - INFO - worker kw10 pull /app/data/kaviademo4200/1656/b70881y/book-project-1656/frontend/src/shared/theme.tsx from ingest queue
2025-09-23 13:42:47,676 - Knowledge - INFO - worker kw27 pull /app/data/kaviademo4200/1656/b70881y/book-project-1656/frontend/src/shared/navigation/NavBar.tsx from ingest queue
2025-09-23 13:42:47,677 - Knowledge - INFO - worker kw7 pull /app/data/kaviademo4200/1656/b70881y/book-project-1656/frontend/src/shared/form/Password.tsx from ingest queue
2025-09-23 13:42:47,681 - Knowledge - INFO - Found code-base-name: https://github.com/kavia-common/book-project-1656.git:kavia-main
2025-09-23 13:42:47,681 - Knowledge - INFO - Found code-base-name: https://github.com/kavia-common/book-project-1656.git:kavia-main
2025-09-23 13:42:47,681 - Knowledge - INFO - worker kw4 pull /app/data/kaviademo4200/1656/b70881y/book-project-1656/frontend/src/shared/form/PasswordStrengthMeter.tsx from ingest queue
2025-09-23 13:42:47,681 - Knowledge - INFO - worker kw21 pull /app/data/kaviademo4200/1656/b70881y/book-project-1656/frontend/src/shared/form/EmailAddress.tsx from ingest queue
2025-09-23 13:42:47,682 - Knowledge - INFO - worker kw1 pull /app/data/kaviademo4200/1656/b70881y/book-project-1656/frontend/src/shared/components/Layout.css from ingest queue
2025-09-23 13:42:47,766 - Knowledge - INFO - process ingested knowledge for /app/data/kaviademo4200/1656/b70881y/book-project-1656/frontend/src/settings/Settings.tsx
2025-09-23 13:42:47,859 - Knowledge - INFO - Found code-base-name: https://github.com/kavia-common/book-project-1656.git:kavia-main
2025-09-23 13:42:47,972 - Knowledge - INFO - Fast-track processing for simple file: /app/data/kaviademo4200/1656/b70881y/book-project-1656/frontend/src/setupTests.ts
2025-09-23 13:42:48,071 - Knowledge - INFO - start ingest for /app/data/kaviademo4200/1656/b70881y/book-project-1656/frontend/src/delete-account/DeleteAccount.css
2025-09-23 13:42:48,212 - Knowledge - INFO - Found code_base: <app.utils.kg_build.knowledge.KnowledgeCodeBase object at 0x7f19d0023dd0>
2025-09-23 13:42:48,217 - Knowledge - INFO - done ingest for /app/data/kaviademo4200/1656/b70881y/book-project-1656/frontend/src/my-books/MyBooks.css
2025-09-23 13:42:48,340 - Knowledge - INFO - Thread kw20 - File verb.ts - Remaining files in queue: 217
2025-09-23 13:42:48,452 - Knowledge - INFO - Thread kw10 - File theme.tsx - Remaining files in queue: 217
2025-09-23 13:42:48,544 - Knowledge - INFO - Thread kw27 - File NavBar.tsx - Remaining files in queue: 217
2025-09-23 13:42:48,645 - Knowledge - INFO - Thread kw7 - File Password.tsx - Remaining files in queue: 217
2025-09-23 13:42:48,755 - Knowledge - INFO - Found code_base: <app.utils.kg_build.knowledge.KnowledgeCodeBase object at 0x7f19d0023dd0>
2025-09-23 13:42:48,870 - Knowledge - INFO - Found code_base: <app.utils.kg_build.knowledge.KnowledgeCodeBase object at 0x7f19d0023dd0>
2025-09-23 13:42:48,942 - Knowledge - INFO - Thread kw4 - File PasswordStrengthMeter.tsx - Remaining files in queue: 217
2025-09-23 13:42:49,020 - Knowledge - INFO - Thread kw21 - File EmailAddress.tsx - Remaining files in queue: 217
2025-09-23 13:42:49,124 - Knowledge - INFO - Thread kw1 - File Layout.css - Remaining files in queue: 217
2025-09-23 13:42:49,218 - Knowledge - INFO - Found code-base-name: https://github.com/kavia-common/book-project-1656.git:kavia-main
2025-09-23 13:42:49,341 - Knowledge - INFO - Found code_base: <app.utils.kg_build.knowledge.KnowledgeCodeBase object at 0x7f19d0023dd0>
2025-09-23 13:42:49,428 - Knowledge - INFO - done fast ingest for /app/data/kaviademo4200/1656/b70881y/book-project-1656/frontend/src/setupTests.ts
2025-09-23 13:42:49,679 - Knowledge - INFO - persist ingested knowledge for /app/data/kaviademo4200/1656/b70881y/book-project-1656/frontend/src/settings/Settings.css
2025-09-23 13:42:49,772 - Knowledge - INFO - process ingested knowledge for /app/data/kaviademo4200/1656/b70881y/book-project-1656/frontend/src/my-books/MyBooks.css
2025-09-23 13:42:49,858 - Knowledge - INFO - start ingest for /app/data/kaviademo4200/1656/b70881y/book-project-1656/frontend/src/shared/http/verb.ts
2025-09-23 13:42:49,926 - Knowledge - INFO - start ingest for /app/data/kaviademo4200/1656/b70881y/book-project-1656/frontend/src/shared/theme.tsx
2025-09-23 13:42:50,027 - Knowledge - INFO - start ingest for /app/data/kaviademo4200/1656/b70881y/book-project-1656/frontend/src/shared/navigation/NavBar.tsx
2025-09-23 13:42:50,297 - Knowledge - INFO - start ingest for /app/data/kaviademo4200/1656/b70881y/book-project-1656/frontend/src/shared/form/Password.tsx
2025-09-23 13:42:50,421 - Knowledge - INFO - persist ingested knowledge for /app/data/kaviademo4200/1656/b70881y/book-project-1656/frontend/src/App.tsx
2025-09-23 13:42:50,502 - Knowledge - INFO - persist ingested knowledge for /app/data/kaviademo4200/1656/b70881y/book-project-1656/frontend/src/settings/Switch.tsx
2025-09-23 13:42:50,604 - Knowledge - INFO - start ingest for /app/data/kaviademo4200/1656/b70881y/book-project-1656/frontend/src/shared/form/PasswordStrengthMeter.tsx
2025-09-23 13:42:50,723 - Knowledge - INFO - start ingest for /app/data/kaviademo4200/1656/b70881y/book-project-1656/frontend/src/shared/form/EmailAddress.tsx
2025-09-23 13:42:50,838 - Knowledge - INFO - start ingest for /app/data/kaviademo4200/1656/b70881y/book-project-1656/frontend/src/shared/components/Layout.css
2025-09-23 13:42:50,929 - Knowledge - INFO - Found code_base: <app.utils.kg_build.knowledge.KnowledgeCodeBase object at 0x7f19d0023dd0>
2025-09-23 13:42:51,011 - Knowledge - INFO - persist ingested knowledge for /app/data/kaviademo4200/1656/b70881y/book-project-1656/frontend/src/my-books/ShelfModal.css
2025-09-23 13:42:51,142 - Knowledge - INFO - process ingested knowledge for /app/data/kaviademo4200/1656/b70881y/book-project-1656/frontend/src/setupTests.ts
2025-09-23 13:42:51,329 - Knowledge - INFO - Found code-base-name: https://github.com/kavia-common/book-project-1656.git:kavia-main
2025-09-23 13:42:51,329 - Knowledge - INFO - worker kw6 pull /app/data/kaviademo4200/1656/b70881y/book-project-1656/frontend/src/shared/components/SearchResults.tsx from ingest queue
2025-09-23 13:42:52,351 - Knowledge - INFO - persist ingested knowledge for /app/data/kaviademo4200/1656/b70881y/book-project-1656/frontend/src/settings/Settings.tsx
2025-09-23 13:42:52,671 - Knowledge - INFO - Found code_base: <app.utils.kg_build.knowledge.KnowledgeCodeBase object at 0x7f19d0023dd0>
2025-09-23 13:42:52,795 - Knowledge - INFO - persist search terms embedding for frontend/src/App.tsx
2025-09-23 13:42:52,802 - Knowledge - INFO - Thread kw6 - File SearchResults.tsx - Remaining files in queue: 216
2025-09-23 13:42:53,101 - Knowledge - INFO - persist ingested knowledge for /app/data/kaviademo4200/1656/b70881y/book-project-1656/frontend/src/my-books/MyBooks.css
2025-09-23 13:42:53,328 - Knowledge - INFO - start ingest for /app/data/kaviademo4200/1656/b70881y/book-project-1656/frontend/src/shared/components/SearchResults.tsx
2025-09-23 13:42:53,553 - Knowledge - INFO - done ingest for /app/data/kaviademo4200/1656/b70881y/book-project-1656/frontend/src/my-books/ShelfModal.tsx
2025-09-23 13:42:53,680 - Knowledge - INFO - process ingested knowledge for /app/data/kaviademo4200/1656/b70881y/book-project-1656/frontend/src/my-books/ShelfModal.tsx
2025-09-23 13:42:55,439 - Knowledge - INFO - done ingest for /app/data/kaviademo4200/1656/b70881y/book-project-1656/frontend/src/login/Login.css
2025-09-23 13:42:55,514 - Knowledge - INFO - done ingest for /app/data/kaviademo4200/1656/b70881y/book-project-1656/frontend/src/my-books/MyBooks.tsx
2025-09-23 13:42:55,542 - Knowledge - INFO - process ingested knowledge for /app/data/kaviademo4200/1656/b70881y/book-project-1656/frontend/src/login/Login.css
2025-09-23 13:42:55,643 - Knowledge - INFO - process ingested knowledge for /app/data/kaviademo4200/1656/b70881y/book-project-1656/frontend/src/my-books/MyBooks.tsx
2025-09-23 13:42:55,725 - Knowledge - INFO - persist search terms embedding for frontend/src/settings/Switch.tsx
2025-09-23 13:42:56,296 - Knowledge - INFO - worker kw18 pull /app/data/kaviademo4200/1656/b70881y/book-project-1656/frontend/src/shared/components/Modal.tsx from ingest queue
2025-09-23 13:42:56,415 - Knowledge - INFO - Thread kw18 - File Modal.tsx - Remaining files in queue: 215
2025-09-23 13:42:56,533 - Knowledge - INFO - start ingest for /app/data/kaviademo4200/1656/b70881y/book-project-1656/frontend/src/shared/components/Modal.tsx
2025-09-23 13:42:56,850 - Knowledge - INFO - done ingest for /app/data/kaviademo4200/1656/b70881y/book-project-1656/frontend/src/login/forgotPassword/ForgotPasswordModal.css
2025-09-23 13:42:56,973 - Knowledge - INFO - process ingested knowledge for /app/data/kaviademo4200/1656/b70881y/book-project-1656/frontend/src/login/forgotPassword/ForgotPasswordModal.css
2025-09-23 13:42:57,103 - Knowledge - INFO - done ingest for /app/data/kaviademo4200/1656/b70881y/book-project-1656/frontend/src/login/forgotPassword/ForgotPasswordModal.tsx
2025-09-23 13:42:57,183 - Knowledge - INFO - persist search terms embedding for frontend/src/settings/Settings.tsx
2025-09-23 13:42:57,210 - Knowledge - INFO - process ingested knowledge for /app/data/kaviademo4200/1656/b70881y/book-project-1656/frontend/src/login/forgotPassword/ForgotPasswordModal.tsx
2025-09-23 13:42:57,362 - Knowledge - INFO - Found code-base-name: https://github.com/kavia-common/book-project-1656.git:kavia-main
2025-09-23 13:42:57,363 - Knowledge - INFO - Found code-base-name: https://github.com/kavia-common/book-project-1656.git:kavia-main
2025-09-23 13:42:57,542 - Knowledge - INFO - Found code_base: <app.utils.kg_build.knowledge.KnowledgeCodeBase object at 0x7f19d0023dd0>
2025-09-23 13:42:57,363 - Knowledge - INFO - worker kw2 pull /app/data/kaviademo4200/1656/b70881y/book-project-1656/frontend/src/shared/navigation/NavBar.css from ingest queue
2025-09-23 13:42:57,364 - Knowledge - INFO - worker kw30 pull /app/data/kaviademo4200/1656/b70881y/book-project-1656/frontend/src/shared/components/Layout.tsx from ingest queue
2025-09-23 13:42:57,366 - Knowledge - INFO - Found code-base-name: https://github.com/kavia-common/book-project-1656.git:kavia-main
2025-09-23 13:42:57,366 - Knowledge - INFO - Found code-base-name: https://github.com/kavia-common/book-project-1656.git:kavia-main
2025-09-23 13:42:57,366 - Knowledge - INFO - worker kw5 pull /app/data/kaviademo4200/1656/b70881y/book-project-1656/frontend/src/shared/book-display/BookList.css from ingest queue
2025-09-23 13:42:57,366 - Knowledge - INFO - worker kw29 pull /app/data/kaviademo4200/1656/b70881y/book-project-1656/frontend/src/shared/api/endpoints.ts from ingest queue
2025-09-23 13:42:57,366 - Knowledge - INFO - Found code-base-name: https://github.com/kavia-common/book-project-1656.git:kavia-main
2025-09-23 13:42:57,452 - Knowledge - INFO - Found code_base: <app.utils.kg_build.knowledge.KnowledgeCodeBase object at 0x7f19d0023dd0>
2025-09-23 13:42:57,363 - Knowledge - INFO - Found code-base-name: https://github.com/kavia-common/book-project-1656.git:kavia-main
2025-09-23 13:42:57,643 - Knowledge - INFO - persist ingested knowledge for /app/data/kaviademo4200/1656/b70881y/book-project-1656/frontend/src/login/Login.css
2025-09-23 13:42:57,757 - Knowledge - INFO - Thread kw2 - File NavBar.css - Remaining files in queue: 211
2025-09-23 13:42:57,835 - Knowledge - INFO - Thread kw30 - File Layout.tsx - Remaining files in queue: 211
2025-09-23 13:42:57,916 - Knowledge - INFO - Found code_base: <app.utils.kg_build.knowledge.KnowledgeCodeBase object at 0x7f19d0023dd0>
2025-09-23 13:42:58,029 - Knowledge - INFO - Found code_base: <app.utils.kg_build.knowledge.KnowledgeCodeBase object at 0x7f19d0023dd0>
2025-09-23 13:42:58,121 - Knowledge - INFO - Thread kw5 - File BookList.css - Remaining files in queue: 211
2025-09-23 13:42:58,225 - Knowledge - INFO - Thread kw29 - File endpoints.ts - Remaining files in queue: 211
2025-09-23 13:42:58,324 - Knowledge - INFO - Found code_base: <app.utils.kg_build.knowledge.KnowledgeCodeBase object at 0x7f19d0023dd0>
2025-09-23 13:42:58,476 - Knowledge - INFO - persist ingested knowledge for /app/data/kaviademo4200/1656/b70881y/book-project-1656/frontend/src/my-books/ShelfModal.tsx
2025-09-23 13:42:58,580 - Knowledge - INFO - Found code_base: <app.utils.kg_build.knowledge.KnowledgeCodeBase object at 0x7f19d0023dd0>
2025-09-23 13:42:58,812 - Knowledge - INFO - start ingest for /app/data/kaviademo4200/1656/b70881y/book-project-1656/frontend/src/shared/navigation/NavBar.css
2025-09-23 13:42:58,922 - Knowledge - INFO - start ingest for /app/data/kaviademo4200/1656/b70881y/book-project-1656/frontend/src/shared/components/Layout.tsx
2025-09-23 13:42:58,976 - Knowledge - INFO - worker kw24 pull /app/data/kaviademo4200/1656/b70881y/book-project-1656/frontend/src/shared/components/Search.tsx from ingest queue
2025-09-23 13:42:59,064 - Knowledge - INFO - persist ingested knowledge for /app/data/kaviademo4200/1656/b70881y/book-project-1656/frontend/src/login/forgotPassword/ForgotPasswordModal.css
2025-09-23 13:42:59,129 - Knowledge - INFO - done ingest for /app/data/kaviademo4200/1656/b70881y/book-project-1656/frontend/src/login/forgotPassword/PasswordResetModal.tsx
2025-09-23 13:42:59,161 - Knowledge - INFO - persist ingested knowledge for /app/data/kaviademo4200/1656/b70881y/book-project-1656/frontend/src/login/forgotPassword/ForgotPasswordModal.tsx
2025-09-23 13:42:59,309 - Knowledge - INFO - start ingest for /app/data/kaviademo4200/1656/b70881y/book-project-1656/frontend/src/shared/book-display/BookList.css
2025-09-23 13:42:59,429 - Knowledge - INFO - start ingest for /app/data/kaviademo4200/1656/b70881y/book-project-1656/frontend/src/shared/api/endpoints.ts
2025-09-23 13:42:59,538 - Knowledge - INFO - persist ingested knowledge for /app/data/kaviademo4200/1656/b70881y/book-project-1656/frontend/src/setupTests.ts
2025-09-23 13:42:59,803 - Knowledge - INFO - persist ingested knowledge for /app/data/kaviademo4200/1656/b70881y/book-project-1656/frontend/src/my-books/MyBooks.tsx
2025-09-23 13:43:00,164 - Knowledge - INFO - Thread kw24 - File Search.tsx - Remaining files in queue: 210
2025-09-23 13:43:00,310 - Knowledge - INFO - persist search terms embedding for frontend/src/my-books/ShelfModal.tsx
2025-09-23 13:43:00,501 - Knowledge - INFO - process ingested knowledge for /app/data/kaviademo4200/1656/b70881y/book-project-1656/frontend/src/login/forgotPassword/PasswordResetModal.tsx
2025-09-23 13:43:00,813 - Knowledge - INFO - done ingest for /app/data/kaviademo4200/1656/b70881y/book-project-1656/frontend/src/index.tsx
2025-09-23 13:43:01,178 - Knowledge - INFO - start ingest for /app/data/kaviademo4200/1656/b70881y/book-project-1656/frontend/src/shared/components/Search.tsx
2025-09-23 13:43:01,510 - Knowledge - INFO - process ingested knowledge for /app/data/kaviademo4200/1656/b70881y/book-project-1656/frontend/src/index.tsx
2025-09-23 13:43:01,774 - Knowledge - INFO - persist search terms embedding for frontend/src/login/forgotPassword/ForgotPasswordModal.tsx
2025-09-23 13:43:02,364 - Knowledge - INFO - done ingest for /app/data/kaviademo4200/1656/b70881y/book-project-1656/frontend/src/register/Register.css
2025-09-23 13:43:02,478 - Knowledge - INFO - process ingested knowledge for /app/data/kaviademo4200/1656/b70881y/book-project-1656/frontend/src/register/Register.css
2025-09-23 13:43:02,574 - Knowledge - INFO - persist search terms embedding for frontend/src/my-books/MyBooks.tsx
2025-09-23 13:43:02,679 - Knowledge - INFO - worker kw15 pull /app/data/kaviademo4200/1656/b70881y/book-project-1656/frontend/src/shared/book-display/BookList.tsx from ingest queue
2025-09-23 13:43:02,679 - Knowledge - INFO - worker kw22 pull /app/data/kaviademo4200/1656/b70881y/book-project-1656/frontend/src/shared/book-display/ShelfCarousel.tsx from ingest queue
2025-09-23 13:43:02,680 - Knowledge - INFO - worker kw16 pull /app/data/kaviademo4200/1656/b70881y/book-project-1656/frontend/src/index.css from ingest queue
2025-09-23 13:43:02,685 - Knowledge - INFO - worker kw12 pull /app/data/kaviademo4200/1656/b70881y/book-project-1656/frontend/src/book-overview/BookOverview.tsx from ingest queue
2025-09-23 13:43:02,685 - Knowledge - INFO - Found code-base-name: https://github.com/kavia-common/book-project-1656.git:kavia-main
2025-09-23 13:43:02,686 - Knowledge - INFO - Found code-base-name: https://github.com/kavia-common/book-project-1656.git:kavia-main
2025-09-23 13:43:02,686 - Knowledge - INFO - Found code-base-name: https://github.com/kavia-common/book-project-1656.git:kavia-main
2025-09-23 13:43:02,687 - Knowledge - INFO - worker kw19 pull /app/data/kaviademo4200/1656/b70881y/book-project-1656/frontend/package.json from ingest queue
2025-09-23 13:43:02,779 - Knowledge - INFO - Thread kw15 - File BookList.tsx - Remaining files in queue: 205
2025-09-23 13:43:02,878 - Knowledge - INFO - Thread kw22 - File ShelfCarousel.tsx - Remaining files in queue: 205
2025-09-23 13:43:02,993 - Knowledge - INFO - Thread kw16 - File index.css - Remaining files in queue: 205
2025-09-23 13:43:03,105 - Knowledge - INFO - Thread kw12 - File BookOverview.tsx - Remaining files in queue: 205
2025-09-23 13:43:03,182 - Knowledge - INFO - Found code_base: <app.utils.kg_build.knowledge.KnowledgeCodeBase object at 0x7f19d0023dd0>
2025-09-23 13:43:03,294 - Knowledge - INFO - Found code_base: <app.utils.kg_build.knowledge.KnowledgeCodeBase object at 0x7f19d0023dd0>
2025-09-23 13:43:03,380 - Knowledge - INFO - Found code_base: <app.utils.kg_build.knowledge.KnowledgeCodeBase object at 0x7f19d0023dd0>
2025-09-23 13:43:03,501 - Knowledge - INFO - Thread kw19 - File package.json - Remaining files in queue: 205
2025-09-23 13:43:03,608 - Knowledge - INFO - start ingest for /app/data/kaviademo4200/1656/b70881y/book-project-1656/frontend/src/shared/book-display/BookList.tsx
2025-09-23 13:43:03,767 - Knowledge - INFO - start ingest for /app/data/kaviademo4200/1656/b70881y/book-project-1656/frontend/src/shared/book-display/ShelfCarousel.tsx
2025-09-23 13:43:03,866 - Knowledge - INFO - start ingest for /app/data/kaviademo4200/1656/b70881y/book-project-1656/frontend/src/index.css
2025-09-23 13:43:03,982 - Knowledge - INFO - start ingest for /app/data/kaviademo4200/1656/b70881y/book-project-1656/frontend/src/book-overview/BookOverview.tsx
2025-09-23 13:43:04,167 - Knowledge - INFO - persist ingested knowledge for /app/data/kaviademo4200/1656/b70881y/book-project-1656/frontend/src/login/forgotPassword/PasswordResetModal.tsx
2025-09-23 13:43:04,311 - Knowledge - INFO - persist ingested knowledge for /app/data/kaviademo4200/1656/b70881y/book-project-1656/frontend/src/index.tsx
2025-09-23 13:43:04,713 - Knowledge - INFO - persist ingested knowledge for /app/data/kaviademo4200/1656/b70881y/book-project-1656/frontend/src/register/Register.css
2025-09-23 13:43:04,823 - Knowledge - INFO - start ingest for /app/data/kaviademo4200/1656/b70881y/book-project-1656/frontend/package.json
2025-09-23 13:43:05,267 - Knowledge - INFO - done ingest for /app/data/kaviademo4200/1656/b70881y/book-project-1656/frontend/src/delete-account/DeleteAccount.tsx
2025-09-23 13:43:05,829 - Knowledge - INFO - persist search terms embedding for frontend/src/login/forgotPassword/PasswordResetModal.tsx
2025-09-23 13:43:05,837 - Knowledge - INFO - Fast-track processing for simple file: /app/data/kaviademo4200/1656/b70881y/book-project-1656/frontend/package.json
2025-09-23 13:43:05,865 - Knowledge - INFO - done ingest for /app/data/kaviademo4200/1656/b70881y/book-project-1656/frontend/src/login/Login.tsx
2025-09-23 13:43:05,918 - Knowledge - INFO - process ingested knowledge for /app/data/kaviademo4200/1656/b70881y/book-project-1656/frontend/src/delete-account/DeleteAccount.tsx
2025-09-23 13:43:06,050 - Knowledge - INFO - done fast ingest for /app/data/kaviademo4200/1656/b70881y/book-project-1656/frontend/package.json
2025-09-23 13:43:06,203 - Knowledge - INFO - process ingested knowledge for /app/data/kaviademo4200/1656/b70881y/book-project-1656/frontend/src/login/Login.tsx
2025-09-23 13:43:06,344 - Knowledge - INFO - persist search terms embedding for frontend/src/index.tsx
2025-09-23 13:43:06,368 - Knowledge - INFO - process ingested knowledge for /app/data/kaviademo4200/1656/b70881y/book-project-1656/frontend/package.json
2025-09-23 13:43:06,661 - Knowledge - INFO - worker kw13 pull /app/data/kaviademo4200/1656/b70881y/book-project-1656/frontend/src/shared/book-display/ShelfView.tsx from ingest queue
2025-09-23 13:43:06,662 - Knowledge - INFO - Found code-base-name: https://github.com/kavia-common/book-project-1656.git:kavia-main
2025-09-23 13:43:06,662 - Knowledge - INFO - worker kw28 pull /app/data/kaviademo4200/1656/b70881y/book-project-1656/frontend/src/shared/book-display/ShelfCarousel.css from ingest queue
2025-09-23 13:43:06,662 - Knowledge - INFO - Found code-base-name: https://github.com/kavia-common/book-project-1656.git:kavia-main
2025-09-23 13:43:06,662 - Knowledge - INFO - worker kw3 pull /app/data/kaviademo4200/1656/b70881y/book-project-1656/frontend/src/shared/types/Book.ts from ingest queue
2025-09-23 13:43:06,712 - Knowledge - INFO - Found code-base-name: https://github.com/kavia-common/book-project-1656.git:kavia-main
2025-09-23 13:43:06,830 - Knowledge - INFO - Thread kw13 - File ShelfView.tsx - Remaining files in queue: 202
2025-09-23 13:43:06,942 - Knowledge - INFO - Found code_base: <app.utils.kg_build.knowledge.KnowledgeCodeBase object at 0x7f19d0023dd0>
2025-09-23 13:43:07,046 - Knowledge - INFO - Thread kw28 - File ShelfCarousel.css - Remaining files in queue: 202
2025-09-23 13:43:07,175 - Knowledge - INFO - Found code_base: <app.utils.kg_build.knowledge.KnowledgeCodeBase object at 0x7f19d0023dd0>
2025-09-23 13:43:07,282 - Knowledge - INFO - Thread kw3 - File Book.ts - Remaining files in queue: 202
2025-09-23 13:43:07,372 - Knowledge - INFO - done ingest for /app/data/kaviademo4200/1656/b70881y/book-project-1656/frontend/src/goal/Goal.css
2025-09-23 13:43:07,410 - Knowledge - INFO - Found code_base: <app.utils.kg_build.knowledge.KnowledgeCodeBase object at 0x7f19d0023dd0>
2025-09-23 13:43:07,545 - Knowledge - INFO - start ingest for /app/data/kaviademo4200/1656/b70881y/book-project-1656/frontend/src/shared/book-display/ShelfView.tsx
2025-09-23 13:43:07,686 - Knowledge - INFO - persist ingested knowledge for /app/data/kaviademo4200/1656/b70881y/book-project-1656/frontend/src/delete-account/DeleteAccount.tsx
2025-09-23 13:43:07,811 - Knowledge - INFO - start ingest for /app/data/kaviademo4200/1656/b70881y/book-project-1656/frontend/src/shared/book-display/ShelfCarousel.css
2025-09-23 13:43:07,939 - Knowledge - INFO - persist ingested knowledge for /app/data/kaviademo4200/1656/b70881y/book-project-1656/frontend/src/login/Login.tsx
2025-09-23 13:43:08,089 - Knowledge - INFO - start ingest for /app/data/kaviademo4200/1656/b70881y/book-project-1656/frontend/src/shared/types/Book.ts
2025-09-23 13:43:08,218 - Knowledge - INFO - process ingested knowledge for /app/data/kaviademo4200/1656/b70881y/book-project-1656/frontend/src/goal/Goal.css
2025-09-23 13:43:08,322 - Knowledge - INFO - persist ingested knowledge for /app/data/kaviademo4200/1656/b70881y/book-project-1656/frontend/package.json
2025-09-23 13:43:09,133 - Knowledge - INFO - Fast-track processing for simple file: /app/data/kaviademo4200/1656/b70881y/book-project-1656/frontend/src/shared/types/Book.ts
2025-09-23 13:43:09,193 - Knowledge - INFO - done ingest for /app/data/kaviademo4200/1656/b70881y/book-project-1656/frontend/src/statistics/Stats.tsx
2025-09-23 13:43:09,527 - Knowledge - INFO - done fast ingest for /app/data/kaviademo4200/1656/b70881y/book-project-1656/frontend/src/shared/types/Book.ts
2025-09-23 13:43:09,579 - Knowledge - INFO - persist search terms embedding for frontend/src/delete-account/DeleteAccount.tsx
2025-09-23 13:43:09,742 - Knowledge - INFO - done ingest for /app/data/kaviademo4200/1656/b70881y/book-project-1656/frontend/src/register/Register.tsx
2025-09-23 13:43:09,854 - Knowledge - INFO - process ingested knowledge for /app/data/kaviademo4200/1656/b70881y/book-project-1656/frontend/src/statistics/Stats.tsx
2025-09-23 13:43:09,892 - Knowledge - INFO - process ingested knowledge for /app/data/kaviademo4200/1656/b70881y/book-project-1656/frontend/src/shared/types/Book.ts
2025-09-23 13:43:10,253 - Knowledge - INFO - process ingested knowledge for /app/data/kaviademo4200/1656/b70881y/book-project-1656/frontend/src/register/Register.tsx
2025-09-23 13:43:10,857 - Knowledge - INFO - persist search terms embedding for frontend/src/login/Login.tsx
2025-09-23 13:43:11,052 - Knowledge - INFO - Found code-base-name: https://github.com/kavia-common/book-project-1656.git:kavia-main
2025-09-23 13:43:11,062 - Knowledge - INFO - done ingest for /app/data/kaviademo4200/1656/b70881y/book-project-1656/frontend/src/goal/Goal.tsx
2025-09-23 13:43:11,189 - Knowledge - INFO - Found code_base: <app.utils.kg_build.knowledge.KnowledgeCodeBase object at 0x7f19d0023dd0>
2025-09-23 13:43:11,338 - Knowledge - INFO - done ingest for /app/data/kaviademo4200/1656/b70881y/book-project-1656/frontend/src/shared/http/HttpClient.ts
2025-09-23 13:43:11,353 - Knowledge - INFO - process ingested knowledge for /app/data/kaviademo4200/1656/b70881y/book-project-1656/frontend/src/goal/Goal.tsx
2025-09-23 13:43:11,374 - Knowledge - INFO - worker kw9 pull /app/data/kaviademo4200/1656/b70881y/book-project-1656/frontend/src/book-overview/BookOverview.css from ingest queue
2025-09-23 13:43:11,375 - Knowledge - INFO - Found code-base-name: https://github.com/kavia-common/book-project-1656.git:kavia-main
2025-09-23 13:43:11,375 - Knowledge - INFO - Found code-base-name: https://github.com/kavia-common/book-project-1656.git:kavia-main
2025-09-23 13:43:11,375 - Knowledge - INFO - worker kw11 pull /app/data/kaviademo4200/1656/b70881y/book-project-1656/frontend/src/shared/routes.tsx from ingest queue
2025-09-23 13:43:11,375 - Knowledge - INFO - Found code-base-name: https://github.com/kavia-common/book-project-1656.git:kavia-main
2025-09-23 13:43:11,376 - Knowledge - INFO - worker kw19 pull /app/data/kaviademo4200/1656/b70881y/book-project-1656/frontend/tsconfig.json from ingest queue
2025-09-23 13:43:11,430 - Knowledge - INFO - persist ingested knowledge for /app/data/kaviademo4200/1656/b70881y/book-project-1656/frontend/src/goal/Goal.css
2025-09-23 13:43:11,563 - Knowledge - INFO - process ingested knowledge for /app/data/kaviademo4200/1656/b70881y/book-project-1656/frontend/src/shared/http/HttpClient.ts
2025-09-23 13:43:11,646 - Knowledge - INFO - Found code-base-name: https://github.com/kavia-common/book-project-1656.git:kavia-main
2025-09-23 13:43:11,771 - Knowledge - INFO - Thread kw9 - File BookOverview.css - Remaining files in queue: 199
2025-09-23 13:43:11,865 - Knowledge - INFO - Found code_base: <app.utils.kg_build.knowledge.KnowledgeCodeBase object at 0x7f19d0023dd0>
2025-09-23 13:43:11,987 - Knowledge - INFO - Found code_base: <app.utils.kg_build.knowledge.KnowledgeCodeBase object at 0x7f19d0023dd0>
2025-09-23 13:43:12,110 - Knowledge - INFO - Thread kw11 - File routes.tsx - Remaining files in queue: 199
2025-09-23 13:43:12,189 - Knowledge - INFO - Found code_base: <app.utils.kg_build.knowledge.KnowledgeCodeBase object at 0x7f19d0023dd0>
2025-09-23 13:43:12,278 - Knowledge - INFO - Thread kw19 - File tsconfig.json - Remaining files in queue: 199
2025-09-23 13:43:12,554 - Knowledge - INFO - Found code-base-name: https://github.com/kavia-common/book-project-1656.git:kavia-main
2025-09-23 13:43:12,554 - Knowledge - INFO - worker kw17 pull /app/data/kaviademo4200/1656/b70881y/book-project-1656/frontend/public/index.html from ingest queue
2025-09-23 13:43:12,570 - Knowledge - INFO - done ingest for /app/data/kaviademo4200/1656/b70881y/book-project-1656/frontend/src/delete-account/DeleteAccount.css
2025-09-23 13:43:12,579 - Knowledge - INFO - Found code_base: <app.utils.kg_build.knowledge.KnowledgeCodeBase object at 0x7f19d0023dd0>
2025-09-23 13:43:12,665 - Knowledge - INFO - start ingest for /app/data/kaviademo4200/1656/b70881y/book-project-1656/frontend/src/book-overview/BookOverview.css
2025-09-23 13:43:12,752 - Knowledge - INFO - persist ingested knowledge for /app/data/kaviademo4200/1656/b70881y/book-project-1656/frontend/src/shared/types/Book.ts
2025-09-23 13:43:12,843 - Knowledge - INFO - persist ingested knowledge for /app/data/kaviademo4200/1656/b70881y/book-project-1656/frontend/src/statistics/Stats.tsx
2025-09-23 13:43:12,951 - Knowledge - INFO - start ingest for /app/data/kaviademo4200/1656/b70881y/book-project-1656/frontend/src/shared/routes.tsx
2025-09-23 13:43:13,047 - Knowledge - INFO - persist ingested knowledge for /app/data/kaviademo4200/1656/b70881y/book-project-1656/frontend/src/register/Register.tsx
2025-09-23 13:43:13,153 - Knowledge - INFO - start ingest for /app/data/kaviademo4200/1656/b70881y/book-project-1656/frontend/tsconfig.json
2025-09-23 13:43:13,240 - Knowledge - INFO - Found code_base: <app.utils.kg_build.knowledge.KnowledgeCodeBase object at 0x7f19d0023dd0>
2025-09-23 13:43:13,321 - Knowledge - INFO - Thread kw17 - File index.html - Remaining files in queue: 198
2025-09-23 13:43:13,427 - Knowledge - INFO - process ingested knowledge for /app/data/kaviademo4200/1656/b70881y/book-project-1656/frontend/src/delete-account/DeleteAccount.css
2025-09-23 13:43:13,543 - Knowledge - INFO - persist ingested knowledge for /app/data/kaviademo4200/1656/b70881y/book-project-1656/frontend/src/goal/Goal.tsx
2025-09-23 13:43:14,140 - Knowledge - INFO - Fast-track processing for simple file: /app/data/kaviademo4200/1656/b70881y/book-project-1656/frontend/tsconfig.json
2025-09-23 13:43:14,158 - Knowledge - INFO - persist search terms embedding for frontend/src/statistics/Stats.tsx
2025-09-23 13:43:14,227 - Knowledge - INFO - persist ingested knowledge for /app/data/kaviademo4200/1656/b70881y/book-project-1656/frontend/src/shared/http/HttpClient.ts
2025-09-23 13:43:14,316 - Knowledge - INFO - start ingest for /app/data/kaviademo4200/1656/b70881y/book-project-1656/frontend/public/index.html
2025-09-23 13:43:14,630 - Knowledge - INFO - done fast ingest for /app/data/kaviademo4200/1656/b70881y/book-project-1656/frontend/tsconfig.json
2025-09-23 13:43:14,728 - Knowledge - INFO - worker kw3 pull /app/data/kaviademo4200/1656/b70881y/book-project-1656/backend/commons/pom.xml from ingest queue
2025-09-23 13:43:14,877 - Knowledge - INFO - done ingest for /app/data/kaviademo4200/1656/b70881y/book-project-1656/frontend/src/shared/http/verb.ts
2025-09-23 13:43:15,052 - Knowledge - INFO - process ingested knowledge for /app/data/kaviademo4200/1656/b70881y/book-project-1656/frontend/tsconfig.json
2025-09-23 13:43:15,134 - Knowledge - INFO - persist search terms embedding for frontend/src/register/Register.tsx
2025-09-23 13:43:15,145 - Knowledge - INFO - Thread kw3 - File pom.xml - Remaining files in queue: 197
2025-09-23 13:43:15,304 - Knowledge - INFO - process ingested knowledge for /app/data/kaviademo4200/1656/b70881y/book-project-1656/frontend/src/shared/http/verb.ts
2025-09-23 13:43:15,577 - Knowledge - INFO - done ingest for /app/data/kaviademo4200/1656/b70881y/book-project-1656/frontend/src/shared/theme.tsx
2025-09-23 13:43:15,628 - Knowledge - INFO - start ingest for /app/data/kaviademo4200/1656/b70881y/book-project-1656/backend/commons/pom.xml
2025-09-23 13:43:15,989 - Knowledge - INFO - process ingested knowledge for /app/data/kaviademo4200/1656/b70881y/book-project-1656/frontend/src/shared/theme.tsx
2025-09-23 13:43:16,018 - Knowledge - INFO - persist search terms embedding for frontend/src/goal/Goal.tsx
2025-09-23 13:43:16,087 - Knowledge - INFO - Fast-track processing for simple file: /app/data/kaviademo4200/1656/b70881y/book-project-1656/backend/commons/pom.xml
2025-09-23 13:43:16,311 - Knowledge - INFO - Found code-base-name: https://github.com/kavia-common/book-project-1656.git:kavia-main
2025-09-23 13:43:16,312 - Knowledge - INFO - worker kw8 pull /app/data/kaviademo4200/1656/b70881y/book-project-1656/backend/email-service/src/test/java/com/karankumar/bookproject/mock/MockEmailTemplate.java from ingest queue
2025-09-23 13:43:16,334 - Knowledge - INFO - Found code-base-name: https://github.com/kavia-common/book-project-1656.git:kavia-main
2025-09-23 13:43:16,352 - Knowledge - INFO - worker kw26 pull /app/data/kaviademo4200/1656/b70881y/book-project-1656/backend/email-service/src/test/java/com/karankumar/bookproject/book/service/EmailServiceTest.java from ingest queue
2025-09-23 13:43:16,369 - Knowledge - INFO - Found code-base-name: https://github.com/kavia-common/book-project-1656.git:kavia-main
2025-09-23 13:43:16,371 - Knowledge - INFO - worker kw23 pull /app/data/kaviademo4200/1656/b70881y/book-project-1656/frontend/public/robots.txt from ingest queue
2025-09-23 13:43:16,377 - Knowledge - INFO - Found code-base-name: https://github.com/kavia-common/book-project-1656.git:kavia-main
2025-09-23 13:43:16,400 - Knowledge - INFO - done fast ingest for /app/data/kaviademo4200/1656/b70881y/book-project-1656/backend/commons/pom.xml
2025-09-23 13:43:16,550 - Knowledge - INFO - Found code_base: <app.utils.kg_build.knowledge.KnowledgeCodeBase object at 0x7f19d0023dd0>
2025-09-23 13:43:16,701 - Knowledge - INFO - Thread kw8 - File MockEmailTemplate.java - Remaining files in queue: 194
2025-09-23 13:43:16,838 - Knowledge - INFO - Found code_base: <app.utils.kg_build.knowledge.KnowledgeCodeBase object at 0x7f19d0023dd0>
2025-09-23 13:43:16,934 - Knowledge - INFO - Thread kw26 - File EmailServiceTest.java - Remaining files in queue: 194
2025-09-23 13:43:17,019 - Knowledge - INFO - Found code_base: <app.utils.kg_build.knowledge.KnowledgeCodeBase object at 0x7f19d0023dd0>
2025-09-23 13:43:17,135 - Knowledge - INFO - Thread kw23 - File robots.txt - Remaining files in queue: 194
2025-09-23 13:43:17,229 - Knowledge - INFO - Found code_base: <app.utils.kg_build.knowledge.KnowledgeCodeBase object at 0x7f19d0023dd0>
2025-09-23 13:43:17,268 - Knowledge - INFO - persist search terms embedding for frontend/src/shared/http/HttpClient.ts
2025-09-23 13:43:17,357 - Knowledge - INFO - process ingested knowledge for /app/data/kaviademo4200/1656/b70881y/book-project-1656/backend/commons/pom.xml
2025-09-23 13:43:17,458 - Knowledge - INFO - persist ingested knowledge for /app/data/kaviademo4200/1656/b70881y/book-project-1656/frontend/src/delete-account/DeleteAccount.css
2025-09-23 13:43:17,574 - Knowledge - INFO - start ingest for /app/data/kaviademo4200/1656/b70881y/book-project-1656/backend/email-service/src/test/java/com/karankumar/bookproject/mock/MockEmailTemplate.java
2025-09-23 13:43:17,627 - Knowledge - INFO - done ingest for /app/data/kaviademo4200/1656/b70881y/book-project-1656/frontend/src/shared/form/Password.tsx
2025-09-23 13:43:17,663 - Knowledge - INFO - persist ingested knowledge for /app/data/kaviademo4200/1656/b70881y/book-project-1656/frontend/tsconfig.json
2025-09-23 13:43:17,762 - Knowledge - INFO - start ingest for /app/data/kaviademo4200/1656/b70881y/book-project-1656/backend/email-service/src/test/java/com/karankumar/bookproject/book/service/EmailServiceTest.java
2025-09-23 13:43:17,888 - Knowledge - INFO - persist ingested knowledge for /app/data/kaviademo4200/1656/b70881y/book-project-1656/frontend/src/shared/http/verb.ts
2025-09-23 13:43:18,009 - Knowledge - INFO - start ingest for /app/data/kaviademo4200/1656/b70881y/book-project-1656/frontend/public/robots.txt
2025-09-23 13:43:18,189 - Knowledge - INFO - persist ingested knowledge for /app/data/kaviademo4200/1656/b70881y/book-project-1656/frontend/src/shared/theme.tsx
2025-09-23 13:43:18,299 - Knowledge - INFO - worker kw14 pull /app/data/kaviademo4200/1656/b70881y/book-project-1656/backend/email-service/src/test/resources/mail-templates/template-thymeleaf.html from ingest queue
2025-09-23 13:43:18,445 - Knowledge - INFO - Found code-base-name: https://github.com/kavia-common/book-project-1656.git:kavia-main
2025-09-23 13:43:18,683 - Knowledge - INFO - done ingest for /app/data/kaviademo4200/1656/b70881y/book-project-1656/frontend/src/shared/navigation/NavBar.tsx
2025-09-23 13:43:18,986 - Knowledge - INFO - process ingested knowledge for /app/data/kaviademo4200/1656/b70881y/book-project-1656/frontend/src/shared/form/Password.tsx
2025-09-23 13:43:19,358 - Knowledge - INFO - done ingest for /app/data/kaviademo4200/1656/b70881y/book-project-1656/frontend/src/shared/form/EmailAddress.tsx
2025-09-23 13:43:19,398 - Knowledge - INFO - done ingest for /app/data/kaviademo4200/1656/b70881y/book-project-1656/frontend/src/shared/components/Layout.css
2025-09-23 13:43:19,484 - Knowledge - INFO - Fast-track processing for simple file: /app/data/kaviademo4200/1656/b70881y/book-project-1656/frontend/public/robots.txt
2025-09-23 13:43:19,495 - Knowledge - INFO - worker kw25 pull /app/data/kaviademo4200/1656/b70881y/book-project-1656/frontend/src/shared/components/Search.css from ingest queue
2025-09-23 13:43:19,497 - Knowledge - INFO - worker kw19 pull /app/data/kaviademo4200/1656/b70881y/book-project-1656/frontend/start.sh from ingest queue
2025-09-23 13:43:19,542 - Knowledge - INFO - done ingest for /app/data/kaviademo4200/1656/b70881y/book-project-1656/frontend/src/shared/form/PasswordStrengthMeter.tsx
2025-09-23 13:43:19,675 - Knowledge - INFO - Thread kw14 - File template-thymeleaf.html - Remaining files in queue: 191
2025-09-23 13:43:19,774 - Knowledge - INFO - Found code_base: <app.utils.kg_build.knowledge.KnowledgeCodeBase object at 0x7f19d0023dd0>
2025-09-23 13:43:19,922 - Knowledge - INFO - process ingested knowledge for /app/data/kaviademo4200/1656/b70881y/book-project-1656/frontend/src/shared/navigation/NavBar.tsx
2025-09-23 13:43:20,094 - Knowledge - INFO - persist search terms embedding for frontend/src/shared/http/verb.ts
2025-09-23 13:43:20,115 - Knowledge - INFO - process ingested knowledge for /app/data/kaviademo4200/1656/b70881y/book-project-1656/frontend/src/shared/form/EmailAddress.tsx
2025-09-23 13:43:20,157 - Knowledge - INFO - process ingested knowledge for /app/data/kaviademo4200/1656/b70881y/book-project-1656/frontend/src/shared/components/Layout.css
2025-09-23 13:43:20,259 - Knowledge - INFO - done fast ingest for /app/data/kaviademo4200/1656/b70881y/book-project-1656/frontend/public/robots.txt
2025-09-23 13:43:20,379 - Knowledge - INFO - Thread kw25 - File Search.css - Remaining files in queue: 191
2025-09-23 13:43:20,467 - Knowledge - INFO - done ingest for /app/data/kaviademo4200/1656/b70881y/book-project-1656/frontend/src/shared/components/SearchResults.tsx
2025-09-23 13:43:20,496 - Knowledge - INFO - Thread kw19 - File start.sh - Remaining files in queue: 191
2025-09-23 13:43:20,636 - Knowledge - INFO - process ingested knowledge for /app/data/kaviademo4200/1656/b70881y/book-project-1656/frontend/src/shared/form/PasswordStrengthMeter.tsx
2025-09-23 13:43:20,701 - Knowledge - INFO - start ingest for /app/data/kaviademo4200/1656/b70881y/book-project-1656/backend/email-service/src/test/resources/mail-templates/template-thymeleaf.html
2025-09-23 13:43:20,807 - Knowledge - INFO - persist ingested knowledge for /app/data/kaviademo4200/1656/b70881y/book-project-1656/backend/commons/pom.xml
2025-09-23 13:43:21,348 - Knowledge - INFO - process ingested knowledge for /app/data/kaviademo4200/1656/b70881y/book-project-1656/frontend/public/robots.txt
2025-09-23 13:43:21,438 - Knowledge - INFO - start ingest for /app/data/kaviademo4200/1656/b70881y/book-project-1656/frontend/src/shared/components/Search.css
2025-09-23 13:43:21,521 - Knowledge - INFO - persist search terms embedding for frontend/src/shared/theme.tsx
2025-09-23 13:43:21,570 - Knowledge - INFO - process ingested knowledge for /app/data/kaviademo4200/1656/b70881y/book-project-1656/frontend/src/shared/components/SearchResults.tsx
2025-09-23 13:43:21,644 - Knowledge - INFO - start ingest for /app/data/kaviademo4200/1656/b70881y/book-project-1656/frontend/start.sh
2025-09-23 13:43:21,859 - Knowledge - INFO - Fast-track processing for simple file: /app/data/kaviademo4200/1656/b70881y/book-project-1656/backend/email-service/src/test/resources/mail-templates/template-thymeleaf.html
2025-09-23 13:43:22,205 - Knowledge - INFO - Found code-base-name: https://github.com/kavia-common/book-project-1656.git:kavia-main
2025-09-23 13:43:22,205 - Knowledge - INFO - Found code-base-name: https://github.com/kavia-common/book-project-1656.git:kavia-main
2025-09-23 13:43:22,206 - Knowledge - INFO - worker kw20 pull /app/data/kaviademo4200/1656/b70881y/book-project-1656/backend/commons/src/main/java/com/karankumar/bookproject/ExcludeFromJacocoGeneratedReport.java from ingest queue
2025-09-23 13:43:22,206 - Knowledge - INFO - Found code-base-name: https://github.com/kavia-common/book-project-1656.git:kavia-main
2025-09-23 13:43:22,206 - Knowledge - INFO - Found code-base-name: https://github.com/kavia-common/book-project-1656.git:kavia-main
2025-09-23 13:43:22,294 - Knowledge - INFO - Found code-base-name: https://github.com/kavia-common/book-project-1656.git:kavia-main
2025-09-23 13:43:22,294 - Knowledge - INFO - worker kw10 pull /app/data/kaviademo4200/1656/b70881y/book-project-1656/backend/email-service/src/main/java/com/karankumar/bookproject/constant/EmailConstant.java from ingest queue
2025-09-23 13:43:22,294 - Knowledge - INFO - Found code-base-name: https://github.com/kavia-common/book-project-1656.git:kavia-main
2025-09-23 13:43:22,294 - Knowledge - INFO - worker kw3 pull /app/data/kaviademo4200/1656/b70881y/book-project-1656/backend/email-service/src/main/java/com/karankumar/bookproject/configuration/ThymeleafConfiguration.java from ingest queue
2025-09-23 13:43:22,312 - Knowledge - INFO - Found code-base-name: https://github.com/kavia-common/book-project-1656.git:kavia-main
2025-09-23 13:43:22,408 - Knowledge - INFO - Fast-track processing for simple file: /app/data/kaviademo4200/1656/b70881y/book-project-1656/frontend/start.sh
2025-09-23 13:43:22,524 - Knowledge - INFO - done fast ingest for /app/data/kaviademo4200/1656/b70881y/book-project-1656/backend/email-service/src/test/resources/mail-templates/template-thymeleaf.html
2025-09-23 13:43:22,580 - Knowledge - INFO - done ingest for /app/data/kaviademo4200/1656/b70881y/book-project-1656/frontend/src/shared/components/Modal.tsx
2025-09-23 13:43:22,650 - Knowledge - INFO - Found code_base: <app.utils.kg_build.knowledge.KnowledgeCodeBase object at 0x7f19d0023dd0>
2025-09-23 13:43:22,756 - Knowledge - INFO - Found code_base: <app.utils.kg_build.knowledge.KnowledgeCodeBase object at 0x7f19d0023dd0>
2025-09-23 13:43:22,851 - Knowledge - INFO - Thread kw20 - File ExcludeFromJacocoGeneratedReport.java - Remaining files in queue: 188
2025-09-23 13:43:22,977 - Knowledge - INFO - Found code_base: <app.utils.kg_build.knowledge.KnowledgeCodeBase object at 0x7f19d0023dd0>
2025-09-23 13:43:23,045 - Knowledge - INFO - done ingest for /app/data/kaviademo4200/1656/b70881y/book-project-1656/frontend/src/shared/navigation/NavBar.css
2025-09-23 13:43:23,086 - Knowledge - INFO - Found code_base: <app.utils.kg_build.knowledge.KnowledgeCodeBase object at 0x7f19d0023dd0>
2025-09-23 13:43:23,177 - Knowledge - INFO - Found code_base: <app.utils.kg_build.knowledge.KnowledgeCodeBase object at 0x7f19d0023dd0>
2025-09-23 13:43:23,313 - Knowledge - INFO - Thread kw10 - File EmailConstant.java - Remaining files in queue: 188
2025-09-23 13:43:23,400 - Knowledge - INFO - Found code_base: <app.utils.kg_build.knowledge.KnowledgeCodeBase object at 0x7f19d0023dd0>
2025-09-23 13:43:23,517 - Knowledge - INFO - Thread kw3 - File ThymeleafConfiguration.java - Remaining files in queue: 188
2025-09-23 13:43:23,630 - Knowledge - INFO - Found code_base: <app.utils.kg_build.knowledge.KnowledgeCodeBase object at 0x7f19d0023dd0>
2025-09-23 13:43:23,769 - Knowledge - INFO - done fast ingest for /app/data/kaviademo4200/1656/b70881y/book-project-1656/frontend/start.sh
2025-09-23 13:43:23,775 - Knowledge - INFO - done ingest for /app/data/kaviademo4200/1656/b70881y/book-project-1656/frontend/src/shared/components/Layout.tsx
2025-09-23 13:43:23,855 - Knowledge - INFO - process ingested knowledge for /app/data/kaviademo4200/1656/b70881y/book-project-1656/backend/email-service/src/test/resources/mail-templates/template-thymeleaf.html
2025-09-23 13:43:23,982 - Knowledge - INFO - process ingested knowledge for /app/data/kaviademo4200/1656/b70881y/book-project-1656/frontend/src/shared/components/Modal.tsx
2025-09-23 13:43:24,040 - Knowledge - INFO - persist ingested knowledge for /app/data/kaviademo4200/1656/b70881y/book-project-1656/frontend/src/shared/form/Password.tsx
2025-09-23 13:43:24,148 - Knowledge - INFO - persist ingested knowledge for /app/data/kaviademo4200/1656/b70881y/book-project-1656/frontend/src/shared/navigation/NavBar.tsx
2025-09-23 13:43:24,244 - Knowledge - INFO - start ingest for /app/data/kaviademo4200/1656/b70881y/book-project-1656/backend/commons/src/main/java/com/karankumar/bookproject/ExcludeFromJacocoGeneratedReport.java
2025-09-23 13:43:24,354 - Knowledge - INFO - persist ingested knowledge for /app/data/kaviademo4200/1656/b70881y/book-project-1656/frontend/src/shared/form/EmailAddress.tsx
2025-09-23 13:43:24,468 - Knowledge - INFO - process ingested knowledge for /app/data/kaviademo4200/1656/b70881y/book-project-1656/frontend/src/shared/navigation/NavBar.css
2025-09-23 13:43:24,578 - Knowledge - INFO - persist ingested knowledge for /app/data/kaviademo4200/1656/b70881y/book-project-1656/frontend/src/shared/form/PasswordStrengthMeter.tsx
2025-09-23 13:43:24,798 - Knowledge - INFO - persist ingested knowledge for /app/data/kaviademo4200/1656/b70881y/book-project-1656/frontend/public/robots.txt
2025-09-23 13:43:24,922 - Knowledge - INFO - start ingest for /app/data/kaviademo4200/1656/b70881y/book-project-1656/backend/email-service/src/main/java/com/karankumar/bookproject/constant/EmailConstant.java
2025-09-23 13:43:25,064 - Knowledge - INFO - persist ingested knowledge for /app/data/kaviademo4200/1656/b70881y/book-project-1656/frontend/src/shared/components/Layout.css
2025-09-23 13:43:25,226 - Knowledge - INFO - start ingest for /app/data/kaviademo4200/1656/b70881y/book-project-1656/backend/email-service/src/main/java/com/karankumar/bookproject/configuration/ThymeleafConfiguration.java
2025-09-23 13:43:25,370 - Knowledge - INFO - persist ingested knowledge for /app/data/kaviademo4200/1656/b70881y/book-project-1656/frontend/src/shared/components/SearchResults.tsx
2025-09-23 13:43:25,478 - Knowledge - INFO - process ingested knowledge for /app/data/kaviademo4200/1656/b70881y/book-project-1656/frontend/start.sh
2025-09-23 13:43:25,619 - Knowledge - INFO - done ingest for /app/data/kaviademo4200/1656/b70881y/book-project-1656/frontend/src/shared/api/endpoints.ts
2025-09-23 13:43:25,649 - Knowledge - INFO - process ingested knowledge for /app/data/kaviademo4200/1656/b70881y/book-project-1656/frontend/src/shared/components/Layout.tsx
2025-09-23 13:43:25,707 - Knowledge - INFO - Found code-base-name: https://github.com/kavia-common/book-project-1656.git:kavia-main
2025-09-23 13:43:25,802 - Knowledge - INFO - Found code-base-name: https://github.com/kavia-common/book-project-1656.git:kavia-main
2025-09-23 13:43:26,186 - Knowledge - INFO - done ingest for /app/data/kaviademo4200/1656/b70881y/book-project-1656/frontend/src/shared/book-display/BookList.css
2025-09-23 13:43:26,526 - Knowledge - INFO - persist search terms embedding for frontend/src/shared/form/Password.tsx
2025-09-23 13:43:27,434 - Knowledge - INFO - process ingested knowledge for /app/data/kaviademo4200/1656/b70881y/book-project-1656/frontend/src/shared/api/endpoints.ts
2025-09-23 13:43:27,463 - Knowledge - INFO - done ingest for /app/data/kaviademo4200/1656/b70881y/book-project-1656/frontend/src/index.css
2025-09-23 13:43:27,607 - Knowledge - INFO - Found code_base: <app.utils.kg_build.knowledge.KnowledgeCodeBase object at 0x7f19d0023dd0>
2025-09-23 13:43:27,708 - Knowledge - INFO - Found code_base: <app.utils.kg_build.knowledge.KnowledgeCodeBase object at 0x7f19d0023dd0>
2025-09-23 13:43:27,808 - Knowledge - INFO - process ingested knowledge for /app/data/kaviademo4200/1656/b70881y/book-project-1656/frontend/src/shared/book-display/BookList.css
2025-09-23 13:43:28,123 - Knowledge - INFO - process ingested knowledge for /app/data/kaviademo4200/1656/b70881y/book-project-1656/frontend/src/index.css
2025-09-23 13:43:28,235 - Knowledge - INFO - persist ingested knowledge for /app/data/kaviademo4200/1656/b70881y/book-project-1656/backend/email-service/src/test/resources/mail-templates/template-thymeleaf.html
2025-09-23 13:43:28,356 - Knowledge - INFO - persist ingested knowledge for /app/data/kaviademo4200/1656/b70881y/book-project-1656/frontend/src/shared/components/Modal.tsx
2025-09-23 13:43:28,795 - Knowledge - INFO - persist search terms embedding for frontend/src/shared/navigation/NavBar.tsx
2025-09-23 13:43:29,338 - Knowledge - INFO - persist search terms embedding for frontend/src/shared/form/EmailAddress.tsx
2025-09-23 13:43:29,425 - Knowledge - INFO - Found code-base-name: https://github.com/kavia-common/book-project-1656.git:kavia-main
2025-09-23 13:43:29,507 - Knowledge - INFO - Found code_base: <app.utils.kg_build.knowledge.KnowledgeCodeBase object at 0x7f19d0023dd0>
2025-09-23 13:43:29,581 - Knowledge - INFO - done ingest for /app/data/kaviademo4200/1656/b70881y/book-project-1656/frontend/src/shared/components/Search.tsx
2025-09-23 13:43:29,598 - Knowledge - INFO - persist ingested knowledge for /app/data/kaviademo4200/1656/b70881y/book-project-1656/frontend/src/shared/navigation/NavBar.css
2025-09-23 13:43:29,746 - Knowledge - INFO - process ingested knowledge for /app/data/kaviademo4200/1656/b70881y/book-project-1656/frontend/src/shared/components/Search.tsx
2025-09-23 13:43:29,751 - Knowledge - INFO - done ingest for /app/data/kaviademo4200/1656/b70881y/book-project-1656/frontend/src/shared/book-display/ShelfCarousel.css
2025-09-23 13:43:29,929 - Knowledge - INFO - persist search terms embedding for frontend/src/shared/form/PasswordStrengthMeter.tsx
2025-09-23 13:43:30,057 - Knowledge - INFO - process ingested knowledge for /app/data/kaviademo4200/1656/b70881y/book-project-1656/frontend/src/shared/book-display/ShelfCarousel.css
2025-09-23 13:43:30,498 - Knowledge - INFO - done ingest for /app/data/kaviademo4200/1656/b70881y/book-project-1656/frontend/src/shared/book-display/ShelfCarousel.tsx
2025-09-23 13:43:30,638 - Knowledge - INFO - process ingested knowledge for /app/data/kaviademo4200/1656/b70881y/book-project-1656/frontend/src/shared/book-display/ShelfCarousel.tsx
2025-09-23 13:43:31,123 - Knowledge - INFO - done ingest for /app/data/kaviademo4200/1656/b70881y/book-project-1656/frontend/src/book-overview/BookOverview.css
2025-09-23 13:43:31,147 - Knowledge - INFO - persist search terms embedding for frontend/src/shared/components/SearchResults.tsx
2025-09-23 13:43:31,215 - Knowledge - INFO - process ingested knowledge for /app/data/kaviademo4200/1656/b70881y/book-project-1656/frontend/src/book-overview/BookOverview.css
2025-09-23 13:43:31,309 - Knowledge - INFO - Found code-base-name: https://github.com/kavia-common/book-project-1656.git:kavia-main
2025-09-23 13:43:31,310 - Knowledge - INFO - Found code-base-name: https://github.com/kavia-common/book-project-1656.git:kavia-main
2025-09-23 13:43:31,315 - Knowledge - INFO - worker kw7 pull /app/data/kaviademo4200/1656/b70881y/book-project-1656/backend/email-service/src/main/java/com/karankumar/bookproject/configuration/EmailConfiguration.java from ingest queue
2025-09-23 13:43:31,322 - Knowledge - INFO - Found code-base-name: https://github.com/kavia-common/book-project-1656.git:kavia-main
2025-09-23 13:43:31,325 - Knowledge - INFO - Found code-base-name: https://github.com/kavia-common/book-project-1656.git:kavia-main
2025-09-23 13:43:31,533 - Knowledge - INFO - Found code_base: <app.utils.kg_build.knowledge.KnowledgeCodeBase object at 0x7f19d0023dd0>
2025-09-23 13:43:31,621 - Knowledge - INFO - Found code_base: <app.utils.kg_build.knowledge.KnowledgeCodeBase object at 0x7f19d0023dd0>
2025-09-23 13:43:31,709 - Knowledge - INFO - Thread kw7 - File EmailConfiguration.java - Remaining files in queue: 187
2025-09-23 13:43:31,845 - Knowledge - INFO - Found code_base: <app.utils.kg_build.knowledge.KnowledgeCodeBase object at 0x7f19d0023dd0>
2025-09-23 13:43:31,928 - Knowledge - INFO - done ingest for /app/data/kaviademo4200/1656/b70881y/book-project-1656/frontend/public/index.html
2025-09-23 13:43:31,956 - Knowledge - INFO - done ingest for /app/data/kaviademo4200/1656/b70881y/book-project-1656/frontend/src/book-overview/BookOverview.tsx
2025-09-23 13:43:31,956 - Knowledge - INFO - Found code_base: <app.utils.kg_build.knowledge.KnowledgeCodeBase object at 0x7f19d0023dd0>
2025-09-23 13:43:32,063 - Knowledge - INFO - persist search terms embedding for frontend/src/shared/components/Modal.tsx
2025-09-23 13:43:32,074 - Knowledge - INFO - persist ingested knowledge for /app/data/kaviademo4200/1656/b70881y/book-project-1656/frontend/start.sh
2025-09-23 13:43:32,219 - Knowledge - INFO - persist ingested knowledge for /app/data/kaviademo4200/1656/b70881y/book-project-1656/frontend/src/shared/components/Layout.tsx
2025-09-23 13:43:32,395 - Knowledge - INFO - start ingest for /app/data/kaviademo4200/1656/b70881y/book-project-1656/backend/email-service/src/main/java/com/karankumar/bookproject/configuration/EmailConfiguration.java
2025-09-23 13:43:32,528 - Knowledge - INFO - persist ingested knowledge for /app/data/kaviademo4200/1656/b70881y/book-project-1656/frontend/src/shared/book-display/BookList.css
2025-09-23 13:43:32,627 - Knowledge - INFO - process ingested knowledge for /app/data/kaviademo4200/1656/b70881y/book-project-1656/frontend/public/index.html
2025-09-23 13:43:32,677 - Knowledge - INFO - done ingest for /app/data/kaviademo4200/1656/b70881y/book-project-1656/frontend/src/shared/book-display/BookList.tsx
2025-09-23 13:43:32,808 - Knowledge - INFO - process ingested knowledge for /app/data/kaviademo4200/1656/b70881y/book-project-1656/frontend/src/book-overview/BookOverview.tsx
2025-09-23 13:43:32,846 - Knowledge - INFO - persist ingested knowledge for /app/data/kaviademo4200/1656/b70881y/book-project-1656/frontend/src/index.css
2025-09-23 13:43:32,963 - Knowledge - INFO - worker kw27 pull /app/data/kaviademo4200/1656/b70881y/book-project-1656/backend/email-service/src/main/java/com/karankumar/bookproject/template/EmailTemplate.java from ingest queue
2025-09-23 13:43:32,967 - Knowledge - INFO - worker kw21 pull /app/data/kaviademo4200/1656/b70881y/book-project-1656/frontend/public/manifest.json from ingest queue
2025-09-23 13:43:32,970 - Knowledge - INFO - done ingest for /app/data/kaviademo4200/1656/b70881y/book-project-1656/frontend/src/shared/book-display/ShelfView.tsx
2025-09-23 13:43:32,974 - Knowledge - INFO - Found code-base-name: https://github.com/kavia-common/book-project-1656.git:kavia-main
2025-09-23 13:43:32,979 - Knowledge - INFO - Found code-base-name: https://github.com/kavia-common/book-project-1656.git:kavia-main
2025-09-23 13:43:32,980 - Knowledge - INFO - worker kw23 pull /app/data/kaviademo4200/1656/b70881y/book-project-1656/backend/email-service/src/main/java/com/karankumar/bookproject/book/service/EmailService.java from ingest queue
2025-09-23 13:43:32,983 - Knowledge - INFO - worker kw1 pull /app/data/kaviademo4200/1656/b70881y/book-project-1656/backend/email-service/src/main/java/com/karankumar/bookproject/book/service/EmailServiceImpl.java from ingest queue
2025-09-23 13:43:32,991 - Knowledge - INFO - worker kw6 pull /app/data/kaviademo4200/1656/b70881y/book-project-1656/backend/email-service/pom.xml from ingest queue
2025-09-23 13:43:32,994 - Knowledge - INFO - worker kw14 pull /app/data/kaviademo4200/1656/b70881y/book-project-1656/backend/book-app/src/test/java/com/karankumar/bookproject/util/SecurityTestUtils.java from ingest queue
2025-09-23 13:43:33,190 - Knowledge - INFO - worker kw18 pull /app/data/kaviademo4200/1656/b70881y/book-project-1656/backend/email-service/src/main/resources/templates/template-thymeleaf.html from ingest queue
2025-09-23 13:43:33,194 - Knowledge - INFO - Found code-base-name: https://github.com/kavia-common/book-project-1656.git:kavia-main
2025-09-23 13:43:33,197 - Knowledge - INFO - Found code-base-name: https://github.com/kavia-common/book-project-1656.git:kavia-main
2025-09-23 13:43:33,197 - Knowledge - INFO - worker kw4 pull /app/data/kaviademo4200/1656/b70881y/book-project-1656/backend/book-app/src/test/java/com/karankumar/bookproject/integration/JwtTokenVerifierIntegrationTest.java from ingest queue
2025-09-23 13:43:33,358 - Knowledge - INFO - done ingest for /app/data/kaviademo4200/1656/b70881y/book-project-1656/frontend/src/shared/routes.tsx
2025-09-23 13:43:33,471 - Knowledge - INFO - worker kw2 pull /app/data/kaviademo4200/1656/b70881y/book-project-1656/backend/email-service/src/main/java/com/karankumar/bookproject/EmailService.java from ingest queue
2025-09-23 13:43:33,483 - Knowledge - INFO - Found code-base-name: https://github.com/kavia-common/book-project-1656.git:kavia-main
2025-09-23 13:43:33,559 - Knowledge - INFO - done ingest for /app/data/kaviademo4200/1656/b70881y/book-project-1656/frontend/src/shared/components/Search.css
2025-09-23 13:43:34,180 - Knowledge - INFO - process ingested knowledge for /app/data/kaviademo4200/1656/b70881y/book-project-1656/frontend/src/shared/book-display/BookList.tsx
2025-09-23 13:43:34,182 - Knowledge - INFO - Thread kw27 - File EmailTemplate.java - Remaining files in queue: 178
2025-09-23 13:43:34,318 - Knowledge - INFO - Thread kw21 - File manifest.json - Remaining files in queue: 178
2025-09-23 13:43:34,447 - Knowledge - INFO - persist search terms embedding for frontend/src/shared/components/Layout.tsx
2025-09-23 13:43:34,666 - Knowledge - INFO - Found code_base: <app.utils.kg_build.knowledge.KnowledgeCodeBase object at 0x7f19d0023dd0>
2025-09-23 13:43:34,670 - Knowledge - INFO - process ingested knowledge for /app/data/kaviademo4200/1656/b70881y/book-project-1656/frontend/src/shared/book-display/ShelfView.tsx
2025-09-23 13:43:34,771 - Knowledge - INFO - Found code_base: <app.utils.kg_build.knowledge.KnowledgeCodeBase object at 0x7f19d0023dd0>
2025-09-23 13:43:34,796 - Knowledge - INFO - done ingest for /app/data/kaviademo4200/1656/b70881y/book-project-1656/backend/email-service/src/test/java/com/karankumar/bookproject/mock/MockEmailTemplate.java
2025-09-23 13:43:34,880 - Knowledge - INFO - Thread kw23 - File EmailService.java - Remaining files in queue: 178
2025-09-23 13:43:34,982 - Knowledge - INFO - Thread kw1 - File EmailServiceImpl.java - Remaining files in queue: 178
2025-09-23 13:43:35,059 - Knowledge - INFO - Thread kw6 - File pom.xml - Remaining files in queue: 178
2025-09-23 13:43:35,249 - Knowledge - INFO - Thread kw14 - File SecurityTestUtils.java - Remaining files in queue: 178
2025-09-23 13:43:35,399 - Knowledge - INFO - Thread kw18 - File template-thymeleaf.html - Remaining files in queue: 178
2025-09-23 13:43:35,538 - Knowledge - INFO - Found code_base: <app.utils.kg_build.knowledge.KnowledgeCodeBase object at 0x7f19d0023dd0>
2025-09-23 13:43:35,673 - Knowledge - INFO - Found code_base: <app.utils.kg_build.knowledge.KnowledgeCodeBase object at 0x7f19d0023dd0>
2025-09-23 13:43:35,760 - Knowledge - INFO - Thread kw4 - File JwtTokenVerifierIntegrationTest.java - Remaining files in queue: 178
2025-09-23 13:43:35,952 - Knowledge - INFO - done ingest for /app/data/kaviademo4200/1656/b70881y/book-project-1656/backend/email-service/src/main/java/com/karankumar/bookproject/constant/EmailConstant.java
2025-09-23 13:43:35,965 - Knowledge - INFO - process ingested knowledge for /app/data/kaviademo4200/1656/b70881y/book-project-1656/frontend/src/shared/routes.tsx
2025-09-23 13:43:36,053 - Knowledge - INFO - Thread kw2 - File EmailService.java - Remaining files in queue: 178
2025-09-23 13:43:36,210 - Knowledge - INFO - Found code_base: <app.utils.kg_build.knowledge.KnowledgeCodeBase object at 0x7f19d0023dd0>
2025-09-23 13:43:36,370 - Knowledge - INFO - process ingested knowledge for /app/data/kaviademo4200/1656/b70881y/book-project-1656/frontend/src/shared/components/Search.css
2025-09-23 13:43:36,727 - Knowledge - INFO - start ingest for /app/data/kaviademo4200/1656/b70881y/book-project-1656/backend/email-service/src/main/java/com/karankumar/bookproject/template/EmailTemplate.java
2025-09-23 13:43:36,833 - Knowledge - INFO - start ingest for /app/data/kaviademo4200/1656/b70881y/book-project-1656/frontend/public/manifest.json
2025-09-23 13:43:36,961 - Knowledge - INFO - worker kw19 pull /app/data/kaviademo4200/1656/b70881y/book-project-1656/backend/book-app/src/test/java/com/karankumar/bookproject/integration/ReadingGoalControllerIntegrationTest.java from ingest queue
2025-09-23 13:43:37,032 - Knowledge - INFO - persist ingested knowledge for /app/data/kaviademo4200/1656/b70881y/book-project-1656/frontend/src/shared/components/Search.tsx
2025-09-23 13:43:37,160 - Knowledge - INFO - Found code-base-name: https://github.com/kavia-common/book-project-1656.git:kavia-main
2025-09-23 13:43:37,225 - Knowledge - INFO - done ingest for /app/data/kaviademo4200/1656/b70881y/book-project-1656/backend/commons/src/main/java/com/karankumar/bookproject/ExcludeFromJacocoGeneratedReport.java
2025-09-23 13:43:37,313 - Knowledge - INFO - persist ingested knowledge for /app/data/kaviademo4200/1656/b70881y/book-project-1656/frontend/src/shared/book-display/ShelfCarousel.css
2025-09-23 13:43:37,519 - Knowledge - INFO - Found code-base-name: https://github.com/kavia-common/book-project-1656.git:kavia-main
2025-09-23 13:43:37,522 - Knowledge - INFO - worker kw30 pull /app/data/kaviademo4200/1656/b70881y/book-project-1656/backend/book-app/src/test/java/com/karankumar/bookproject/integration/UserControllerIntegrationTest.java from ingest queue
2025-09-23 13:43:37,524 - Knowledge - INFO - worker kw5 pull /app/data/kaviademo4200/1656/b70881y/book-project-1656/backend/book-app/src/test/java/com/karankumar/bookproject/bookimport/mapper/LibraryThingMapperTest.java from ingest queue
2025-09-23 13:43:37,524 - Knowledge - INFO - worker kw16 pull /app/data/kaviademo4200/1656/b70881y/book-project-1656/backend/book-app/src/test/java/com/karankumar/bookproject/util/BookUtilsTest.java from ingest queue
2025-09-23 13:43:37,526 - Knowledge - INFO - Found code-base-name: https://github.com/kavia-common/book-project-1656.git:kavia-main
2025-09-23 13:43:37,527 - Knowledge - INFO - Found code-base-name: https://github.com/kavia-common/book-project-1656.git:kavia-main
2025-09-23 13:43:41,023 - Knowledge - INFO - Found code_base: <app.utils.kg_build.knowledge.KnowledgeCodeBase object at 0x7f19d0023dd0>
2025-09-23 13:43:37,676 - Knowledge - INFO - start ingest for /app/data/kaviademo4200/1656/b70881y/book-project-1656/backend/email-service/src/main/java/com/karankumar/bookproject/book/service/EmailService.java
2025-09-23 13:43:37,788 - Knowledge - INFO - start ingest for /app/data/kaviademo4200/1656/b70881y/book-project-1656/backend/email-service/src/main/java/com/karankumar/bookproject/book/service/EmailServiceImpl.java
2025-09-23 13:43:37,945 - Knowledge - INFO - start ingest for /app/data/kaviademo4200/1656/b70881y/book-project-1656/backend/email-service/pom.xml
2025-09-23 13:43:38,400 - Knowledge - INFO - start ingest for /app/data/kaviademo4200/1656/b70881y/book-project-1656/backend/book-app/src/test/java/com/karankumar/bookproject/util/SecurityTestUtils.java
2025-09-23 13:43:38,541 - Knowledge - INFO - start ingest for /app/data/kaviademo4200/1656/b70881y/book-project-1656/backend/email-service/src/main/resources/templates/template-thymeleaf.html
2025-09-23 13:43:38,636 - Knowledge - INFO - persist ingested knowledge for /app/data/kaviademo4200/1656/b70881y/book-project-1656/frontend/src/shared/api/endpoints.ts
2025-09-23 13:43:38,808 - Knowledge - INFO - persist ingested knowledge for /app/data/kaviademo4200/1656/b70881y/book-project-1656/frontend/src/book-overview/BookOverview.css
2025-09-23 13:43:38,946 - Knowledge - INFO - done ingest for /app/data/kaviademo4200/1656/b70881y/book-project-1656/backend/email-service/src/main/java/com/karankumar/bookproject/configuration/ThymeleafConfiguration.java
2025-09-23 13:43:38,975 - Knowledge - INFO - start ingest for /app/data/kaviademo4200/1656/b70881y/book-project-1656/backend/book-app/src/test/java/com/karankumar/bookproject/integration/JwtTokenVerifierIntegrationTest.java
2025-09-23 13:43:39,194 - Knowledge - INFO - process ingested knowledge for /app/data/kaviademo4200/1656/b70881y/book-project-1656/backend/email-service/src/main/java/com/karankumar/bookproject/constant/EmailConstant.java
2025-09-23 13:43:39,316 - Knowledge - INFO - Found code-base-name: https://github.com/kavia-common/book-project-1656.git:kavia-main
2025-09-23 13:43:39,416 - Knowledge - INFO - start ingest for /app/data/kaviademo4200/1656/b70881y/book-project-1656/backend/email-service/src/main/java/com/karankumar/bookproject/EmailService.java
2025-09-23 13:43:39,541 - Knowledge - INFO - persist ingested knowledge for /app/data/kaviademo4200/1656/b70881y/book-project-1656/frontend/src/shared/book-display/ShelfCarousel.tsx
2025-09-23 13:43:39,650 - Knowledge - INFO - Found code-base-name: https://github.com/kavia-common/book-project-1656.git:kavia-main
2025-09-23 13:43:39,965 - Knowledge - INFO - Fast-track processing for simple file: /app/data/kaviademo4200/1656/b70881y/book-project-1656/frontend/public/manifest.json
2025-09-23 13:43:39,979 - Knowledge - INFO - Thread kw19 - File ReadingGoalControllerIntegrationTest.java - Remaining files in queue: 174
2025-09-23 13:43:40,200 - Knowledge - INFO - Found code_base: <app.utils.kg_build.knowledge.KnowledgeCodeBase object at 0x7f19d0023dd0>
2025-09-23 13:43:40,264 - Knowledge - INFO - done ingest for /app/data/kaviademo4200/1656/b70881y/book-project-1656/backend/email-service/src/main/java/com/karankumar/bookproject/configuration/EmailConfiguration.java
2025-09-23 13:43:40,320 - Knowledge - INFO - process ingested knowledge for /app/data/kaviademo4200/1656/b70881y/book-project-1656/backend/commons/src/main/java/com/karankumar/bookproject/ExcludeFromJacocoGeneratedReport.java
2025-09-23 13:43:40,502 - Knowledge - INFO - Found code_base: <app.utils.kg_build.knowledge.KnowledgeCodeBase object at 0x7f19d0023dd0>
2025-09-23 13:43:40,615 - Knowledge - INFO - Thread kw30 - File UserControllerIntegrationTest.java - Remaining files in queue: 174
2025-09-23 13:43:40,664 - Knowledge - INFO - persist search terms embedding for frontend/src/shared/components/Search.tsx
2025-09-23 13:43:40,713 - Knowledge - INFO - Thread kw5 - File LibraryThingMapperTest.java - Remaining files in queue: 174
2025-09-23 13:43:40,803 - Knowledge - INFO - Thread kw16 - File BookUtilsTest.java - Remaining files in queue: 174
2025-09-23 13:43:40,911 - Knowledge - INFO - Found code_base: <app.utils.kg_build.knowledge.KnowledgeCodeBase object at 0x7f19d0023dd0>
2025-09-23 13:43:37,561 - Knowledge - INFO - process ingested knowledge for /app/data/kaviademo4200/1656/b70881y/book-project-1656/backend/email-service/src/test/java/com/karankumar/bookproject/mock/MockEmailTemplate.java
2025-09-23 13:43:41,119 - Knowledge - INFO - persist ingested knowledge for /app/data/kaviademo4200/1656/b70881y/book-project-1656/frontend/public/index.html
2025-09-23 13:43:41,210 - Knowledge - INFO - done ingest for /app/data/kaviademo4200/1656/b70881y/book-project-1656/backend/email-service/src/test/java/com/karankumar/bookproject/book/service/EmailServiceTest.java
2025-09-23 13:43:41,498 - Knowledge - INFO - Fast-track processing for simple file: /app/data/kaviademo4200/1656/b70881y/book-project-1656/backend/email-service/pom.xml
2025-09-23 13:43:41,730 - Knowledge - INFO - Fast-track processing for simple file: /app/data/kaviademo4200/1656/b70881y/book-project-1656/backend/email-service/src/main/resources/templates/template-thymeleaf.html
2025-09-23 13:43:42,047 - Knowledge - INFO - process ingested knowledge for /app/data/kaviademo4200/1656/b70881y/book-project-1656/backend/email-service/src/main/java/com/karankumar/bookproject/configuration/ThymeleafConfiguration.java
2025-09-23 13:43:42,342 - Knowledge - INFO - Found code_base: <app.utils.kg_build.knowledge.KnowledgeCodeBase object at 0x7f19d0023dd0>
2025-09-23 13:43:44,497 - Knowledge - INFO - persist ingested knowledge for /app/data/kaviademo4200/1656/b70881y/book-project-1656/frontend/src/shared/routes.tsx
2025-09-23 13:43:42,735 - Knowledge - INFO - done fast ingest for /app/data/kaviademo4200/1656/b70881y/book-project-1656/frontend/public/manifest.json
2025-09-23 13:43:42,830 - Knowledge - INFO - start ingest for /app/data/kaviademo4200/1656/b70881y/book-project-1656/backend/book-app/src/test/java/com/karankumar/bookproject/integration/ReadingGoalControllerIntegrationTest.java
2025-09-23 13:43:42,927 - Knowledge - INFO - persist ingested knowledge for /app/data/kaviademo4200/1656/b70881y/book-project-1656/frontend/src/book-overview/BookOverview.tsx
2025-09-23 13:43:43,030 - Knowledge - INFO - process ingested knowledge for /app/data/kaviademo4200/1656/b70881y/book-project-1656/backend/email-service/src/main/java/com/karankumar/bookproject/configuration/EmailConfiguration.java
2025-09-23 13:43:43,262 - Knowledge - INFO - done ingest for /app/data/kaviademo4200/1656/b70881y/book-project-1656/backend/email-service/src/main/java/com/karankumar/bookproject/template/EmailTemplate.java
2025-09-23 13:43:43,264 - Knowledge - INFO - persist ingested knowledge for /app/data/kaviademo4200/1656/b70881y/book-project-1656/frontend/src/shared/book-display/BookList.tsx
2025-09-23 13:43:43,384 - Knowledge - INFO - start ingest for /app/data/kaviademo4200/1656/b70881y/book-project-1656/backend/book-app/src/test/java/com/karankumar/bookproject/integration/UserControllerIntegrationTest.java
2025-09-23 13:43:43,644 - Knowledge - INFO - start ingest for /app/data/kaviademo4200/1656/b70881y/book-project-1656/backend/book-app/src/test/java/com/karankumar/bookproject/bookimport/mapper/LibraryThingMapperTest.java
2025-09-23 13:43:43,756 - Knowledge - INFO - start ingest for /app/data/kaviademo4200/1656/b70881y/book-project-1656/backend/book-app/src/test/java/com/karankumar/bookproject/util/BookUtilsTest.java
2025-09-23 13:43:43,848 - Knowledge - INFO - persist ingested knowledge for /app/data/kaviademo4200/1656/b70881y/book-project-1656/frontend/src/shared/book-display/ShelfView.tsx
2025-09-23 13:43:44,009 - Knowledge - INFO - persist search terms embedding for frontend/src/shared/api/endpoints.ts
2025-09-23 13:43:44,154 - Knowledge - INFO - process ingested knowledge for /app/data/kaviademo4200/1656/b70881y/book-project-1656/backend/email-service/src/test/java/com/karankumar/bookproject/book/service/EmailServiceTest.java
2025-09-23 13:43:44,232 - Knowledge - INFO - done fast ingest for /app/data/kaviademo4200/1656/b70881y/book-project-1656/backend/email-service/pom.xml
2025-09-23 13:43:46,304 - Knowledge - INFO - process ingested knowledge for /app/data/kaviademo4200/1656/b70881y/book-project-1656/backend/email-service/pom.xml
2025-09-23 13:43:42,643 - Knowledge - INFO - Found code_base: <app.utils.kg_build.knowledge.KnowledgeCodeBase object at 0x7f19d0023dd0>
2025-09-23 13:43:46,585 - Knowledge - INFO - persist ingested knowledge for /app/data/kaviademo4200/1656/b70881y/book-project-1656/frontend/src/shared/components/Search.css
2025-09-23 13:43:45,031 - Knowledge - INFO - process ingested knowledge for /app/data/kaviademo4200/1656/b70881y/book-project-1656/backend/email-service/src/main/java/com/karankumar/bookproject/template/EmailTemplate.java
2025-09-23 13:43:45,971 - Knowledge - INFO - Found code-base-name: https://github.com/kavia-common/book-project-1656.git:kavia-main
2025-09-23 13:43:44,306 - Knowledge - INFO - done fast ingest for /app/data/kaviademo4200/1656/b70881y/book-project-1656/backend/email-service/src/main/resources/templates/template-thymeleaf.html
2025-09-23 13:43:44,663 - Knowledge - INFO - process ingested knowledge for /app/data/kaviademo4200/1656/b70881y/book-project-1656/frontend/public/manifest.json
2025-09-23 13:43:46,855 - Knowledge - INFO - persist search terms embedding for frontend/src/shared/book-display/ShelfCarousel.tsx
2025-09-23 13:43:46,959 - Knowledge - INFO - Found code_base: <app.utils.kg_build.knowledge.KnowledgeCodeBase object at 0x7f19d0023dd0>
2025-09-23 13:43:47,049 - Knowledge - INFO - process ingested knowledge for /app/data/kaviademo4200/1656/b70881y/book-project-1656/backend/email-service/src/main/resources/templates/template-thymeleaf.html
2025-09-23 13:43:47,284 - Knowledge - INFO - Found code-base-name: https://github.com/kavia-common/book-project-1656.git:kavia-main
2025-09-23 13:43:47,299 - Knowledge - INFO - done ingest for /app/data/kaviademo4200/1656/b70881y/book-project-1656/backend/email-service/src/main/java/com/karankumar/bookproject/book/service/EmailService.java
2025-09-23 13:43:47,302 - Knowledge - INFO - worker kw24 pull /app/data/kaviademo4200/1656/b70881y/book-project-1656/backend/book-app/src/test/java/com/karankumar/bookproject/util/UserCreatedShelfUtilsTest.java from ingest queue
2025-09-23 13:43:47,811 - Knowledge - INFO - Thread kw24 - File UserCreatedShelfUtilsTest.java - Remaining files in queue: 172
2025-09-23 13:43:47,405 - Knowledge - INFO - persist ingested knowledge for /app/data/kaviademo4200/1656/b70881y/book-project-1656/backend/email-service/src/main/java/com/karankumar/bookproject/constant/EmailConstant.java
2025-09-23 13:43:47,598 - Knowledge - INFO - Found code_base: <app.utils.kg_build.knowledge.KnowledgeCodeBase object at 0x7f19d0023dd0>
2025-09-23 13:43:47,727 - Knowledge - INFO - process ingested knowledge for /app/data/kaviademo4200/1656/b70881y/book-project-1656/backend/email-service/src/main/java/com/karankumar/bookproject/book/service/EmailService.java
2025-09-23 13:43:47,310 - Knowledge - INFO - worker kw28 pull /app/data/kaviademo4200/1656/b70881y/book-project-1656/backend/book-app/src/test/java/com/karankumar/bookproject/util/ReadingGoalTestUtils.java from ingest queue
2025-09-23 13:43:47,935 - Knowledge - INFO - persist search terms embedding for frontend/src/shared/routes.tsx
2025-09-23 13:43:47,940 - Knowledge - INFO - start ingest for /app/data/kaviademo4200/1656/b70881y/book-project-1656/backend/book-app/src/test/java/com/karankumar/bookproject/util/UserCreatedShelfUtilsTest.java
2025-09-23 13:43:48,140 - Knowledge - INFO - persist ingested knowledge for /app/data/kaviademo4200/1656/b70881y/book-project-1656/backend/commons/src/main/java/com/karankumar/bookproject/ExcludeFromJacocoGeneratedReport.java
2025-09-23 13:43:48,391 - Knowledge - INFO - Thread kw28 - File ReadingGoalTestUtils.java - Remaining files in queue: 172
2025-09-23 13:43:48,928 - Knowledge - INFO - start ingest for /app/data/kaviademo4200/1656/b70881y/book-project-1656/backend/book-app/src/test/java/com/karankumar/bookproject/util/ReadingGoalTestUtils.java
2025-09-23 13:43:49,367 - Knowledge - INFO - done ingest for /app/data/kaviademo4200/1656/b70881y/book-project-1656/backend/email-service/src/main/java/com/karankumar/bookproject/book/service/EmailServiceImpl.java
2025-09-23 13:43:49,488 - Knowledge - INFO - process ingested knowledge for /app/data/kaviademo4200/1656/b70881y/book-project-1656/backend/email-service/src/main/java/com/karankumar/bookproject/book/service/EmailServiceImpl.java
2025-09-23 13:43:49,816 - Knowledge - INFO - persist search terms embedding for frontend/src/book-overview/BookOverview.tsx
2025-09-23 13:43:49,980 - Knowledge - INFO - Found code-base-name: https://github.com/kavia-common/book-project-1656.git:kavia-main
2025-09-23 13:43:50,118 - Knowledge - INFO - Found code_base: <app.utils.kg_build.knowledge.KnowledgeCodeBase object at 0x7f19d0023dd0>
2025-09-23 13:43:50,220 - Knowledge - INFO - persist ingested knowledge for /app/data/kaviademo4200/1656/b70881y/book-project-1656/backend/email-service/src/main/java/com/karankumar/bookproject/configuration/EmailConfiguration.java
2025-09-23 13:43:50,749 - Knowledge - INFO - done ingest for /app/data/kaviademo4200/1656/b70881y/book-project-1656/backend/email-service/src/main/java/com/karankumar/bookproject/EmailService.java
2025-09-23 13:43:50,865 - Knowledge - INFO - process ingested knowledge for /app/data/kaviademo4200/1656/b70881y/book-project-1656/backend/email-service/src/main/java/com/karankumar/bookproject/EmailService.java
2025-09-23 13:43:51,013 - Knowledge - INFO - persist search terms embedding for frontend/src/shared/book-display/BookList.tsx
2025-09-23 13:43:52,028 - Knowledge - INFO - persist search terms embedding for frontend/src/shared/book-display/ShelfView.tsx
2025-09-23 13:43:52,111 - Knowledge - INFO - worker kw29 pull /app/data/kaviademo4200/1656/b70881y/book-project-1656/backend/email-service/src/main/java/com/karankumar/bookproject/book/service/FakeEmailService.java from ingest queue
2025-09-23 13:43:52,111 - Knowledge - INFO - Found code-base-name: https://github.com/kavia-common/book-project-1656.git:kavia-main
2025-09-23 13:43:52,112 - Knowledge - INFO - Found code-base-name: https://github.com/kavia-common/book-project-1656.git:kavia-main
2025-09-23 13:43:52,234 - Knowledge - INFO - Thread kw29 - File FakeEmailService.java - Remaining files in queue: 171
2025-09-23 13:43:52,242 - Knowledge - INFO - Found code-base-name: https://github.com/kavia-common/book-project-1656.git:kavia-main
2025-09-23 13:43:52,244 - Knowledge - INFO - Found code-base-name: https://github.com/kavia-common/book-project-1656.git:kavia-main
2025-09-23 13:43:52,245 - Knowledge - INFO - worker kw22 pull /app/data/kaviademo4200/1656/b70881y/book-project-1656/backend/book-app/src/test/java/com/karankumar/bookproject/bookimport/ImportServiceTest.java from ingest queue
2025-09-23 13:43:52,245 - Knowledge - INFO - Found code-base-name: https://github.com/kavia-common/book-project-1656.git:kavia-main
2025-09-23 13:43:52,245 - Knowledge - INFO - worker kw17 pull /app/data/kaviademo4200/1656/b70881y/book-project-1656/backend/book-app/src/test/java/com/karankumar/bookproject/util/DateUtilsTest.java from ingest queue
2025-09-23 13:43:52,245 - Knowledge - INFO - Found code-base-name: https://github.com/kavia-common/book-project-1656.git:kavia-main
2025-09-23 13:43:52,246 - Knowledge - INFO - Found code-base-name: https://github.com/kavia-common/book-project-1656.git:kavia-main
2025-09-23 13:43:52,246 - Knowledge - INFO - worker kw11 pull /app/data/kaviademo4200/1656/b70881y/book-project-1656/backend/book-app/src/test/java/com/karankumar/bookproject/account/auth/CustomAuthenticationProviderTest.java from ingest queue
2025-09-23 13:43:52,374 - Knowledge - INFO - Found code_base: <app.utils.kg_build.knowledge.KnowledgeCodeBase object at 0x7f19d0023dd0>
2025-09-23 13:43:52,460 - Knowledge - INFO - Found code_base: <app.utils.kg_build.knowledge.KnowledgeCodeBase object at 0x7f19d0023dd0>
2025-09-23 13:43:52,648 - Knowledge - INFO - start ingest for /app/data/kaviademo4200/1656/b70881y/book-project-1656/backend/email-service/src/main/java/com/karankumar/bookproject/book/service/FakeEmailService.java
2025-09-23 13:43:52,779 - Knowledge - INFO - Found code_base: <app.utils.kg_build.knowledge.KnowledgeCodeBase object at 0x7f19d0023dd0>
2025-09-23 13:43:52,819 - Knowledge - INFO - done ingest for /app/data/kaviademo4200/1656/b70881y/book-project-1656/backend/book-app/src/test/java/com/karankumar/bookproject/integration/JwtTokenVerifierIntegrationTest.java
2025-09-23 13:43:52,837 - Knowledge - INFO - persist search terms embedding for backend/commons/src/main/java/com/karankumar/bookproject/ExcludeFromJacocoGeneratedReport.java
2025-09-23 13:43:52,951 - Knowledge - INFO - Found code_base: <app.utils.kg_build.knowledge.KnowledgeCodeBase object at 0x7f19d0023dd0>
2025-09-23 13:43:53,080 - Knowledge - INFO - Thread kw22 - File ImportServiceTest.java - Remaining files in queue: 168
2025-09-23 13:43:53,101 - Knowledge - INFO - done ingest for /app/data/kaviademo4200/1656/b70881y/book-project-1656/backend/book-app/src/test/java/com/karankumar/bookproject/util/SecurityTestUtils.java
2025-09-23 13:43:53,207 - Knowledge - INFO - Found code_base: <app.utils.kg_build.knowledge.KnowledgeCodeBase object at 0x7f19d0023dd0>
2025-09-23 13:43:53,323 - Knowledge - INFO - Thread kw17 - File DateUtilsTest.java - Remaining files in queue: 168
2025-09-23 13:43:53,428 - Knowledge - INFO - Found code_base: <app.utils.kg_build.knowledge.KnowledgeCodeBase object at 0x7f19d0023dd0>
2025-09-23 13:43:53,576 - Knowledge - INFO - Found code_base: <app.utils.kg_build.knowledge.KnowledgeCodeBase object at 0x7f19d0023dd0>
2025-09-23 13:43:55,358 - Knowledge - INFO - persist ingested knowledge for /app/data/kaviademo4200/1656/b70881y/book-project-1656/backend/email-service/src/main/java/com/karankumar/bookproject/book/service/EmailService.java
2025-09-23 13:43:53,847 - Knowledge - INFO - persist ingested knowledge for /app/data/kaviademo4200/1656/b70881y/book-project-1656/backend/email-service/src/test/java/com/karankumar/bookproject/book/service/EmailServiceTest.java
2025-09-23 13:43:53,973 - Knowledge - INFO - persist ingested knowledge for /app/data/kaviademo4200/1656/b70881y/book-project-1656/backend/email-service/pom.xml
2025-09-23 13:43:54,191 - Knowledge - INFO - persist ingested knowledge for /app/data/kaviademo4200/1656/b70881y/book-project-1656/backend/email-service/src/main/java/com/karankumar/bookproject/template/EmailTemplate.java
2025-09-23 13:43:54,310 - Knowledge - INFO - process ingested knowledge for /app/data/kaviademo4200/1656/b70881y/book-project-1656/backend/book-app/src/test/java/com/karankumar/bookproject/integration/JwtTokenVerifierIntegrationTest.java
2025-09-23 13:43:54,450 - Knowledge - INFO - worker kw12 pull /app/data/kaviademo4200/1656/b70881y/book-project-1656/backend/book-app/src/test/java/com/karankumar/bookproject/annotations/IntegrationTest.java from ingest queue
2025-09-23 13:43:54,460 - Knowledge - INFO - Found code-base-name: https://github.com/kavia-common/book-project-1656.git:kavia-main
2025-09-23 13:43:54,504 - Knowledge - INFO - worker kw15 pull /app/data/kaviademo4200/1656/b70881y/book-project-1656/backend/book-app/src/test/java/com/karankumar/bookproject/account/controller/UserControllerTest.java from ingest queue
2025-09-23 13:43:54,513 - Knowledge - INFO - worker kw9 pull /app/data/kaviademo4200/1656/b70881y/book-project-1656/backend/book-app/src/test/java/com/karankumar/bookproject/account/auth/service/DatabaseUserDetailsServiceTest.java from ingest queue
2025-09-23 13:43:54,514 - Knowledge - INFO - Found code-base-name: https://github.com/kavia-common/book-project-1656.git:kavia-main
2025-09-23 13:43:54,604 - Knowledge - INFO - persist ingested knowledge for /app/data/kaviademo4200/1656/b70881y/book-project-1656/frontend/public/manifest.json
2025-09-23 13:43:54,741 - Knowledge - INFO - start ingest for /app/data/kaviademo4200/1656/b70881y/book-project-1656/backend/book-app/src/test/java/com/karankumar/bookproject/bookimport/ImportServiceTest.java
2025-09-23 13:43:54,852 - Knowledge - INFO - process ingested knowledge for /app/data/kaviademo4200/1656/b70881y/book-project-1656/backend/book-app/src/test/java/com/karankumar/bookproject/util/SecurityTestUtils.java
2025-09-23 13:43:54,955 - Knowledge - INFO - persist ingested knowledge for /app/data/kaviademo4200/1656/b70881y/book-project-1656/backend/email-service/src/main/java/com/karankumar/bookproject/configuration/ThymeleafConfiguration.java
2025-09-23 13:43:55,096 - Knowledge - INFO - start ingest for /app/data/kaviademo4200/1656/b70881y/book-project-1656/backend/book-app/src/test/java/com/karankumar/bookproject/util/DateUtilsTest.java
2025-09-23 13:43:55,111 - Knowledge - INFO - persist search terms embedding for backend/email-service/src/main/java/com/karankumar/bookproject/constant/EmailConstant.java
2025-09-23 13:43:55,220 - Knowledge - INFO - persist ingested knowledge for /app/data/kaviademo4200/1656/b70881y/book-project-1656/backend/email-service/src/main/resources/templates/template-thymeleaf.html
2025-09-23 13:43:53,760 - Knowledge - INFO - Thread kw11 - File CustomAuthenticationProviderTest.java - Remaining files in queue: 168
2025-09-23 13:43:56,020 - Knowledge - INFO - Thread kw12 - File IntegrationTest.java - Remaining files in queue: 165
2025-09-23 13:43:56,145 - Knowledge - INFO - Found code_base: <app.utils.kg_build.knowledge.KnowledgeCodeBase object at 0x7f19d0023dd0>
2025-09-23 13:43:56,266 - Knowledge - INFO - Thread kw15 - File UserControllerTest.java - Remaining files in queue: 165
2025-09-23 13:43:56,360 - Knowledge - INFO - Thread kw9 - File DatabaseUserDetailsServiceTest.java - Remaining files in queue: 165
2025-09-23 13:43:56,475 - Knowledge - INFO - Found code_base: <app.utils.kg_build.knowledge.KnowledgeCodeBase object at 0x7f19d0023dd0>
2025-09-23 13:43:57,144 - Knowledge - INFO - Found code-base-name: https://github.com/kavia-common/book-project-1656.git:kavia-main
2025-09-23 13:43:57,144 - Knowledge - INFO - worker kw20 pull /app/data/kaviademo4200/1656/b70881y/book-project-1656/backend/book-app/src/test/java/com/karankumar/bookproject/util/CsvUtilsTest.java from ingest queue
2025-09-23 13:43:57,145 - Knowledge - INFO - worker kw13 pull /app/data/kaviademo4200/1656/b70881y/book-project-1656/backend/book-app/src/test/java/com/karankumar/bookproject/account/constraint/PasswordStrengthTest.java from ingest queue
2025-09-23 13:43:57,328 - Knowledge - INFO - start ingest for /app/data/kaviademo4200/1656/b70881y/book-project-1656/backend/book-app/src/test/java/com/karankumar/bookproject/account/auth/CustomAuthenticationProviderTest.java
2025-09-23 13:43:57,418 - Knowledge - INFO - start ingest for /app/data/kaviademo4200/1656/b70881y/book-project-1656/backend/book-app/src/test/java/com/karankumar/bookproject/annotations/IntegrationTest.java
2025-09-23 13:43:57,508 - Knowledge - INFO - persist ingested knowledge for /app/data/kaviademo4200/1656/b70881y/book-project-1656/backend/email-service/src/main/java/com/karankumar/bookproject/EmailService.java
2025-09-23 13:43:57,612 - Knowledge - INFO - start ingest for /app/data/kaviademo4200/1656/b70881y/book-project-1656/backend/book-app/src/test/java/com/karankumar/bookproject/account/controller/UserControllerTest.java
2025-09-23 13:43:57,633 - Knowledge - INFO - persist search terms embedding for backend/email-service/src/main/java/com/karankumar/bookproject/book/service/EmailService.java
2025-09-23 13:43:57,743 - Knowledge - INFO - start ingest for /app/data/kaviademo4200/1656/b70881y/book-project-1656/backend/book-app/src/test/java/com/karankumar/bookproject/account/auth/service/DatabaseUserDetailsServiceTest.java
2025-09-23 13:43:57,864 - Knowledge - INFO - persist ingested knowledge for /app/data/kaviademo4200/1656/b70881y/book-project-1656/backend/email-service/src/test/java/com/karankumar/bookproject/mock/MockEmailTemplate.java
2025-09-23 13:43:57,987 - Knowledge - INFO - Found code_base: <app.utils.kg_build.knowledge.KnowledgeCodeBase object at 0x7f19d0023dd0>
2025-09-23 13:43:58,086 - Knowledge - INFO - Thread kw20 - File CsvUtilsTest.java - Remaining files in queue: 163
2025-09-23 13:43:58,178 - Knowledge - INFO - Thread kw13 - File PasswordStrengthTest.java - Remaining files in queue: 163
2025-09-23 13:43:58,300 - Knowledge - INFO - done ingest for /app/data/kaviademo4200/1656/b70881y/book-project-1656/backend/book-app/src/test/java/com/karankumar/bookproject/bookimport/mapper/LibraryThingMapperTest.java
2025-09-23 13:43:59,223 - Knowledge - INFO - persist ingested knowledge for /app/data/kaviademo4200/1656/b70881y/book-project-1656/backend/email-service/src/main/java/com/karankumar/bookproject/book/service/EmailServiceImpl.java
2025-09-23 13:43:59,339 - Knowledge - INFO - start ingest for /app/data/kaviademo4200/1656/b70881y/book-project-1656/backend/book-app/src/test/java/com/karankumar/bookproject/util/CsvUtilsTest.java
2025-09-23 13:43:59,410 - Knowledge - INFO - persist search terms embedding for backend/email-service/src/test/java/com/karankumar/bookproject/book/service/EmailServiceTest.java
2025-09-23 13:43:59,437 - Knowledge - INFO - start ingest for /app/data/kaviademo4200/1656/b70881y/book-project-1656/backend/book-app/src/test/java/com/karankumar/bookproject/account/constraint/PasswordStrengthTest.java
2025-09-23 13:43:59,536 - Knowledge - INFO - process ingested knowledge for /app/data/kaviademo4200/1656/b70881y/book-project-1656/backend/book-app/src/test/java/com/karankumar/bookproject/bookimport/mapper/LibraryThingMapperTest.java
2025-09-23 13:44:00,120 - Knowledge - INFO - done ingest for /app/data/kaviademo4200/1656/b70881y/book-project-1656/backend/book-app/src/test/java/com/karankumar/bookproject/util/ReadingGoalTestUtils.java
2025-09-23 13:44:00,210 - Knowledge - INFO - process ingested knowledge for /app/data/kaviademo4200/1656/b70881y/book-project-1656/backend/book-app/src/test/java/com/karankumar/bookproject/util/ReadingGoalTestUtils.java
2025-09-23 13:44:00,584 - Knowledge - INFO - persist search terms embedding for backend/email-service/src/main/java/com/karankumar/bookproject/template/EmailTemplate.java
2025-09-23 13:44:00,677 - Knowledge - INFO - Found code-base-name: https://github.com/kavia-common/book-project-1656.git:kavia-main
2025-09-23 13:44:00,814 - Knowledge - INFO - Found code_base: <app.utils.kg_build.knowledge.KnowledgeCodeBase object at 0x7f19d0023dd0>
2025-09-23 13:44:00,920 - Knowledge - INFO - Found code-base-name: https://github.com/kavia-common/book-project-1656.git:kavia-main
2025-09-23 13:44:00,949 - Knowledge - INFO - done ingest for /app/data/kaviademo4200/1656/b70881y/book-project-1656/backend/book-app/src/test/java/com/karankumar/bookproject/integration/UserControllerIntegrationTest.java
2025-09-23 13:44:00,958 - Knowledge - INFO - persist ingested knowledge for /app/data/kaviademo4200/1656/b70881y/book-project-1656/backend/book-app/src/test/java/com/karankumar/bookproject/integration/JwtTokenVerifierIntegrationTest.java
2025-09-23 13:44:01,066 - Knowledge - INFO - Found code_base: <app.utils.kg_build.knowledge.KnowledgeCodeBase object at 0x7f19d0023dd0>
2025-09-23 13:44:01,166 - Knowledge - INFO - process ingested knowledge for /app/data/kaviademo4200/1656/b70881y/book-project-1656/backend/book-app/src/test/java/com/karankumar/bookproject/integration/UserControllerIntegrationTest.java
2025-09-23 13:44:01,377 - Knowledge - INFO - persist ingested knowledge for /app/data/kaviademo4200/1656/b70881y/book-project-1656/backend/book-app/src/test/java/com/karankumar/bookproject/util/SecurityTestUtils.java
2025-09-23 13:44:01,435 - Knowledge - INFO - persist search terms embedding for backend/email-service/src/main/java/com/karankumar/bookproject/configuration/ThymeleafConfiguration.java
2025-09-23 13:44:01,683 - Knowledge - INFO - worker kw10 pull /app/data/kaviademo4200/1656/b70881y/book-project-1656/backend/book-app/src/test/java/com/karankumar/bookproject/util/StringUtilsTest.java from ingest queue
2025-09-23 13:44:01,811 - Knowledge - INFO - Thread kw10 - File StringUtilsTest.java - Remaining files in queue: 162
2025-09-23 13:44:01,921 - Knowledge - INFO - start ingest for /app/data/kaviademo4200/1656/b70881y/book-project-1656/backend/book-app/src/test/java/com/karankumar/bookproject/util/StringUtilsTest.java
2025-09-23 13:44:02,244 - Knowledge - INFO - persist search terms embedding for backend/email-service/src/main/java/com/karankumar/bookproject/configuration/EmailConfiguration.java
2025-09-23 13:44:02,282 - Knowledge - INFO - done ingest for /app/data/kaviademo4200/1656/b70881y/book-project-1656/backend/book-app/src/test/java/com/karankumar/bookproject/util/BookUtilsTest.java
2025-09-23 13:44:02,427 - Knowledge - INFO - process ingested knowledge for /app/data/kaviademo4200/1656/b70881y/book-project-1656/backend/book-app/src/test/java/com/karankumar/bookproject/util/BookUtilsTest.java
2025-09-23 13:44:03,080 - Knowledge - INFO - done ingest for /app/data/kaviademo4200/1656/b70881y/book-project-1656/backend/email-service/src/main/java/com/karankumar/bookproject/book/service/FakeEmailService.java
2025-09-23 13:44:03,164 - Knowledge - INFO - persist search terms embedding for backend/email-service/src/main/java/com/karankumar/bookproject/EmailService.java
2025-09-23 13:44:03,170 - Knowledge - INFO - process ingested knowledge for /app/data/kaviademo4200/1656/b70881y/book-project-1656/backend/email-service/src/main/java/com/karankumar/bookproject/book/service/FakeEmailService.java
2025-09-23 13:44:03,345 - Knowledge - INFO - worker kw23 pull /app/data/kaviademo4200/1656/b70881y/book-project-1656/backend/book-app/src/test/java/com/karankumar/bookproject/bookexport/BookExportServiceTest.java from ingest queue
2025-09-23 13:44:03,821 - Knowledge - INFO - Thread kw23 - File BookExportServiceTest.java - Remaining files in queue: 161
2025-09-23 13:44:03,907 - Knowledge - INFO - persist search terms embedding for backend/email-service/src/test/java/com/karankumar/bookproject/mock/MockEmailTemplate.java
2025-09-23 13:44:03,910 - Knowledge - INFO - start ingest for /app/data/kaviademo4200/1656/b70881y/book-project-1656/backend/book-app/src/test/java/com/karankumar/bookproject/bookexport/BookExportServiceTest.java
2025-09-23 13:44:04,001 - Knowledge - INFO - worker kw26 pull /app/data/kaviademo4200/1656/b70881y/book-project-1656/backend/book-app/src/test/java/com/karankumar/bookproject/goal/ReadingGoalCalculatorTest.java from ingest queue
2025-09-23 13:44:04,012 - Knowledge - INFO - Found code-base-name: https://github.com/kavia-common/book-project-1656.git:kavia-main
2025-09-23 13:44:04,016 - Knowledge - INFO - Found code-base-name: https://github.com/kavia-common/book-project-1656.git:kavia-main
2025-09-23 13:44:04,026 - Knowledge - INFO - worker kw27 pull /app/data/kaviademo4200/1656/b70881y/book-project-1656/backend/book-app/src/test/java/com/karankumar/bookproject/statistics/PageStatisticsTest.java from ingest queue
2025-09-23 13:44:04,239 - Knowledge - INFO - Thread kw26 - File ReadingGoalCalculatorTest.java - Remaining files in queue: 159
2025-09-23 13:44:04,379 - Knowledge - INFO - Found code_base: <app.utils.kg_build.knowledge.KnowledgeCodeBase object at 0x7f19d0023dd0>
2025-09-23 13:44:04,503 - Knowledge - INFO - Found code_base: <app.utils.kg_build.knowledge.KnowledgeCodeBase object at 0x7f19d0023dd0>
2025-09-23 13:44:04,593 - Knowledge - INFO - Thread kw27 - File PageStatisticsTest.java - Remaining files in queue: 159
2025-09-23 13:44:04,693 - Knowledge - INFO - start ingest for /app/data/kaviademo4200/1656/b70881y/book-project-1656/backend/book-app/src/test/java/com/karankumar/bookproject/goal/ReadingGoalCalculatorTest.java
2025-09-23 13:44:04,760 - Knowledge - INFO - persist search terms embedding for backend/book-app/src/test/java/com/karankumar/bookproject/integration/JwtTokenVerifierIntegrationTest.java
2025-09-23 13:44:04,823 - Knowledge - INFO - persist ingested knowledge for /app/data/kaviademo4200/1656/b70881y/book-project-1656/backend/book-app/src/test/java/com/karankumar/bookproject/bookimport/mapper/LibraryThingMapperTest.java
2025-09-23 13:44:04,956 - Knowledge - INFO - persist ingested knowledge for /app/data/kaviademo4200/1656/b70881y/book-project-1656/backend/book-app/src/test/java/com/karankumar/bookproject/util/ReadingGoalTestUtils.java
2025-09-23 13:44:05,064 - Knowledge - INFO - start ingest for /app/data/kaviademo4200/1656/b70881y/book-project-1656/backend/book-app/src/test/java/com/karankumar/bookproject/statistics/PageStatisticsTest.java
2025-09-23 13:44:05,306 - Knowledge - INFO - Found code-base-name: https://github.com/kavia-common/book-project-1656.git:kavia-main
2025-09-23 13:44:05,667 - Knowledge - INFO - Found code_base: <app.utils.kg_build.knowledge.KnowledgeCodeBase object at 0x7f19d0023dd0>
2025-09-23 13:44:05,755 - Knowledge - INFO - persist ingested knowledge for /app/data/kaviademo4200/1656/b70881y/book-project-1656/backend/book-app/src/test/java/com/karankumar/bookproject/integration/UserControllerIntegrationTest.java
2025-09-23 13:44:05,876 - Knowledge - INFO - persist search terms embedding for backend/book-app/src/test/java/com/karankumar/bookproject/util/SecurityTestUtils.java
2025-09-23 13:44:06,003 - Knowledge - INFO - worker kw25 pull /app/data/kaviademo4200/1656/b70881y/book-project-1656/backend/book-app/src/test/java/com/karankumar/bookproject/annotations/DataJpaIntegrationTest.java from ingest queue
2025-09-23 13:44:06,006 - Knowledge - INFO - worker kw3 pull /app/data/kaviademo4200/1656/b70881y/book-project-1656/backend/book-app/src/test/java/com/karankumar/bookproject/statistics/GenreStatisticsTest.java from ingest queue
2025-09-23 13:44:06,006 - Knowledge - INFO - worker kw18 pull /app/data/kaviademo4200/1656/b70881y/book-project-1656/backend/book-app/src/test/java/com/karankumar/bookproject/account/auth/service/DatabaseUserDetailsPasswordServiceTest.java from ingest queue
2025-09-23 13:44:06,010 - Knowledge - INFO - worker kw2 pull /app/data/kaviademo4200/1656/b70881y/book-project-1656/backend/book-app/src/test/java/com/karankumar/bookproject/book/controller/ShelfControllerTest.java from ingest queue
2025-09-23 13:44:06,011 - Knowledge - INFO - worker kw6 pull /app/data/kaviademo4200/1656/b70881y/book-project-1656/backend/book-app/src/test/java/com/karankumar/bookproject/statistics/RatingStatisticsTest.java from ingest queue
2025-09-23 13:44:06,016 - Knowledge - INFO - worker kw8 pull /app/data/kaviademo4200/1656/b70881y/book-project-1656/backend/book-app/src/test/java/com/karankumar/bookproject/statistics/util/StatisticTestUtils.java from ingest queue
2025-09-23 13:44:06,114 - Knowledge - INFO - Thread kw25 - File DataJpaIntegrationTest.java - Remaining files in queue: 153
2025-09-23 13:44:06,239 - Knowledge - INFO - Thread kw3 - File GenreStatisticsTest.java - Remaining files in queue: 153
2025-09-23 13:44:06,350 - Knowledge - INFO - Thread kw18 - File DatabaseUserDetailsPasswordServiceTest.java - Remaining files in queue: 153
2025-09-23 13:44:06,460 - Knowledge - INFO - Thread kw2 - File ShelfControllerTest.java - Remaining files in queue: 153
2025-09-23 13:44:06,583 - Knowledge - INFO - Thread kw6 - File RatingStatisticsTest.java - Remaining files in queue: 153
2025-09-23 13:44:06,677 - Knowledge - INFO - Thread kw8 - File StatisticTestUtils.java - Remaining files in queue: 153
2025-09-23 13:44:06,706 - Knowledge - INFO - persist search terms embedding for backend/book-app/src/test/java/com/karankumar/bookproject/bookimport/mapper/LibraryThingMapperTest.java
2025-09-23 13:44:06,763 - Knowledge - INFO - start ingest for /app/data/kaviademo4200/1656/b70881y/book-project-1656/backend/book-app/src/test/java/com/karankumar/bookproject/annotations/DataJpaIntegrationTest.java
2025-09-23 13:44:06,876 - Knowledge - INFO - start ingest for /app/data/kaviademo4200/1656/b70881y/book-project-1656/backend/book-app/src/test/java/com/karankumar/bookproject/statistics/GenreStatisticsTest.java
2025-09-23 13:44:06,978 - Knowledge - INFO - start ingest for /app/data/kaviademo4200/1656/b70881y/book-project-1656/backend/book-app/src/test/java/com/karankumar/bookproject/account/auth/service/DatabaseUserDetailsPasswordServiceTest.java
2025-09-23 13:44:07,067 - Knowledge - INFO - start ingest for /app/data/kaviademo4200/1656/b70881y/book-project-1656/backend/book-app/src/test/java/com/karankumar/bookproject/book/controller/ShelfControllerTest.java
2025-09-23 13:44:07,176 - Knowledge - INFO - start ingest for /app/data/kaviademo4200/1656/b70881y/book-project-1656/backend/book-app/src/test/java/com/karankumar/bookproject/statistics/RatingStatisticsTest.java
2025-09-23 13:44:07,257 - Knowledge - INFO - start ingest for /app/data/kaviademo4200/1656/b70881y/book-project-1656/backend/book-app/src/test/java/com/karankumar/bookproject/statistics/util/StatisticTestUtils.java
2025-09-23 13:44:07,914 - Knowledge - INFO - persist search terms embedding for backend/book-app/src/test/java/com/karankumar/bookproject/util/ReadingGoalTestUtils.java
2025-09-23 13:44:08,016 - Knowledge - INFO - done ingest for /app/data/kaviademo4200/1656/b70881y/book-project-1656/backend/book-app/src/test/java/com/karankumar/bookproject/integration/ReadingGoalControllerIntegrationTest.java
2025-09-23 13:44:08,352 - Knowledge - INFO - process ingested knowledge for /app/data/kaviademo4200/1656/b70881y/book-project-1656/backend/book-app/src/test/java/com/karankumar/bookproject/integration/ReadingGoalControllerIntegrationTest.java
2025-09-23 13:44:09,680 - Knowledge - INFO - done ingest for /app/data/kaviademo4200/1656/b70881y/book-project-1656/backend/book-app/src/test/java/com/karankumar/bookproject/util/CsvUtilsTest.java
2025-09-23 13:44:09,797 - Knowledge - INFO - process ingested knowledge for /app/data/kaviademo4200/1656/b70881y/book-project-1656/backend/book-app/src/test/java/com/karankumar/bookproject/util/CsvUtilsTest.java
2025-09-23 13:44:10,136 - Knowledge - INFO - done ingest for /app/data/kaviademo4200/1656/b70881y/book-project-1656/backend/book-app/src/test/java/com/karankumar/bookproject/account/constraint/PasswordStrengthTest.java
2025-09-23 13:44:10,229 - Knowledge - INFO - process ingested knowledge for /app/data/kaviademo4200/1656/b70881y/book-project-1656/backend/book-app/src/test/java/com/karankumar/bookproject/account/constraint/PasswordStrengthTest.java
2025-09-23 13:44:10,509 - Knowledge - INFO - done ingest for /app/data/kaviademo4200/1656/b70881y/book-project-1656/backend/book-app/src/test/java/com/karankumar/bookproject/annotations/IntegrationTest.java
2025-09-23 13:44:10,576 - Knowledge - INFO - persist search terms embedding for backend/book-app/src/test/java/com/karankumar/bookproject/integration/UserControllerIntegrationTest.java
2025-09-23 13:44:10,633 - Knowledge - INFO - process ingested knowledge for /app/data/kaviademo4200/1656/b70881y/book-project-1656/backend/book-app/src/test/java/com/karankumar/bookproject/annotations/IntegrationTest.java
2025-09-23 13:44:10,731 - Knowledge - INFO - worker kw7 pull /app/data/kaviademo4200/1656/b70881y/book-project-1656/backend/book-app/src/test/java/com/karankumar/bookproject/book/repository/UserCreatedShelfRepositoryTest.java from ingest queue
2025-09-23 13:44:10,938 - Knowledge - INFO - Thread kw7 - File UserCreatedShelfRepositoryTest.java - Remaining files in queue: 152
2025-09-23 13:44:11,065 - Knowledge - INFO - start ingest for /app/data/kaviademo4200/1656/b70881y/book-project-1656/backend/book-app/src/test/java/com/karankumar/bookproject/book/repository/UserCreatedShelfRepositoryTest.java
2025-09-23 13:44:11,833 - Knowledge - INFO - persist search terms embedding for backend/email-service/src/main/java/com/karankumar/bookproject/book/service/EmailServiceImpl.java
2025-09-23 13:44:11,938 - Knowledge - INFO - Found code-base-name: https://github.com/kavia-common/book-project-1656.git:kavia-main
2025-09-23 13:44:11,939 - Knowledge - INFO - worker kw14 pull /app/data/kaviademo4200/1656/b70881y/book-project-1656/backend/book-app/src/test/java/com/karankumar/bookproject/book/repository/AuthorRepositoryTest.java from ingest queue
2025-09-23 13:44:11,943 - Knowledge - INFO - worker kw21 pull /app/data/kaviademo4200/1656/b70881y/book-project-1656/backend/book-app/src/test/java/com/karankumar/bookproject/book/repository/BookRepositoryTest.java from ingest queue
2025-09-23 13:44:11,946 - Knowledge - INFO - worker kw28 pull /app/data/kaviademo4200/1656/b70881y/book-project-1656/backend/book-app/src/test/java/com/karankumar/bookproject/book/controller/ReadingGoalControllerTest.java from ingest queue
2025-09-23 13:44:11,950 - Knowledge - INFO - Found code-base-name: https://github.com/kavia-common/book-project-1656.git:kavia-main
2025-09-23 13:44:11,956 - Knowledge - INFO - Found code-base-name: https://github.com/kavia-common/book-project-1656.git:kavia-main
2025-09-23 13:44:11,963 - Knowledge - INFO - Found code-base-name: https://github.com/kavia-common/book-project-1656.git:kavia-main
2025-09-23 13:44:11,963 - Knowledge - INFO - worker kw30 pull /app/data/kaviademo4200/1656/b70881y/book-project-1656/backend/book-app/src/test/java/com/karankumar/bookproject/book/controller/BookControllerTest.java from ingest queue
2025-09-23 13:44:11,966 - Knowledge - INFO - worker kw4 pull /app/data/kaviademo4200/1656/b70881y/book-project-1656/backend/book-app/src/test/java/com/karankumar/bookproject/book/json/LocalDateSerializerTest.java from ingest queue
2025-09-23 13:44:11,970 - Knowledge - INFO - worker kw1 pull /app/data/kaviademo4200/1656/b70881y/book-project-1656/backend/book-app/src/test/java/com/karankumar/bookproject/book/service/BookServiceTest.java from ingest queue
2025-09-23 13:44:11,975 - Knowledge - INFO - Found code-base-name: https://github.com/kavia-common/book-project-1656.git:kavia-main
2025-09-23 13:44:11,975 - Knowledge - INFO - worker kw5 pull /app/data/kaviademo4200/1656/b70881y/book-project-1656/backend/book-app/src/test/java/com/karankumar/bookproject/statistics/YearStatisticsTest.java from ingest queue
2025-09-23 13:44:11,981 - Knowledge - INFO - Found code-base-name: https://github.com/kavia-common/book-project-1656.git:kavia-main
2025-09-23 13:44:12,025 - Knowledge - INFO - Found code_base: <app.utils.kg_build.knowledge.KnowledgeCodeBase object at 0x7f19d0023dd0>
2025-09-23 13:44:12,124 - Knowledge - INFO - Thread kw14 - File AuthorRepositoryTest.java - Remaining files in queue: 145
2025-09-23 13:44:12,169 - Knowledge - INFO - done ingest for /app/data/kaviademo4200/1656/b70881y/book-project-1656/backend/book-app/src/test/java/com/karankumar/bookproject/util/StringUtilsTest.java
2025-09-23 13:44:12,243 - Knowledge - INFO - Thread kw21 - File BookRepositoryTest.java - Remaining files in queue: 145
2025-09-23 13:44:12,348 - Knowledge - INFO - Thread kw28 - File ReadingGoalControllerTest.java - Remaining files in queue: 145
2025-09-23 13:44:12,456 - Knowledge - INFO - Found code_base: <app.utils.kg_build.knowledge.KnowledgeCodeBase object at 0x7f19d0023dd0>
2025-09-23 13:44:14,125 - Knowledge - INFO - persist ingested knowledge for /app/data/kaviademo4200/1656/b70881y/book-project-1656/backend/book-app/src/test/java/com/karankumar/bookproject/util/CsvUtilsTest.java
2025-09-23 13:44:12,688 - Knowledge - INFO - Found code_base: <app.utils.kg_build.knowledge.KnowledgeCodeBase object at 0x7f19d0023dd0>
2025-09-23 13:44:12,787 - Knowledge - INFO - Thread kw30 - File BookControllerTest.java - Remaining files in queue: 145
2025-09-23 13:44:12,916 - Knowledge - INFO - Thread kw4 - File LocalDateSerializerTest.java - Remaining files in queue: 145
2025-09-23 13:44:13,025 - Knowledge - INFO - done ingest for /app/data/kaviademo4200/1656/b70881y/book-project-1656/backend/book-app/src/test/java/com/karankumar/bookproject/bookimport/ImportServiceTest.java
2025-09-23 13:44:13,053 - Knowledge - INFO - Thread kw1 - File BookServiceTest.java - Remaining files in queue: 145
2025-09-23 13:44:13,168 - Knowledge - INFO - Found code_base: <app.utils.kg_build.knowledge.KnowledgeCodeBase object at 0x7f19d0023dd0>
2025-09-23 13:44:13,325 - Knowledge - INFO - Thread kw5 - File YearStatisticsTest.java - Remaining files in queue: 145
2025-09-23 13:44:13,340 - Knowledge - INFO - done ingest for /app/data/kaviademo4200/1656/b70881y/book-project-1656/backend/book-app/src/test/java/com/karankumar/bookproject/util/UserCreatedShelfUtilsTest.java
2025-09-23 13:44:13,447 - Knowledge - INFO - Found code_base: <app.utils.kg_build.knowledge.KnowledgeCodeBase object at 0x7f19d0023dd0>
2025-09-23 13:44:13,536 - Knowledge - INFO - persist ingested knowledge for /app/data/kaviademo4200/1656/b70881y/book-project-1656/backend/email-service/src/main/java/com/karankumar/bookproject/book/service/FakeEmailService.java
2025-09-23 13:44:13,636 - Knowledge - INFO - start ingest for /app/data/kaviademo4200/1656/b70881y/book-project-1656/backend/book-app/src/test/java/com/karankumar/bookproject/book/repository/AuthorRepositoryTest.java
2025-09-23 13:44:13,745 - Knowledge - INFO - process ingested knowledge for /app/data/kaviademo4200/1656/b70881y/book-project-1656/backend/book-app/src/test/java/com/karankumar/bookproject/util/StringUtilsTest.java
2025-09-23 13:44:13,856 - Knowledge - INFO - start ingest for /app/data/kaviademo4200/1656/b70881y/book-project-1656/backend/book-app/src/test/java/com/karankumar/bookproject/book/repository/BookRepositoryTest.java
2025-09-23 13:44:13,989 - Knowledge - INFO - start ingest for /app/data/kaviademo4200/1656/b70881y/book-project-1656/backend/book-app/src/test/java/com/karankumar/bookproject/book/controller/ReadingGoalControllerTest.java
2025-09-23 13:44:12,551 - Knowledge - INFO - Found code_base: <app.utils.kg_build.knowledge.KnowledgeCodeBase object at 0x7f19d0023dd0>
2025-09-23 13:44:14,330 - Knowledge - INFO - persist ingested knowledge for /app/data/kaviademo4200/1656/b70881y/book-project-1656/backend/book-app/src/test/java/com/karankumar/bookproject/util/BookUtilsTest.java
2025-09-23 13:44:14,423 - Knowledge - INFO - worker kw20 pull /app/data/kaviademo4200/1656/b70881y/book-project-1656/backend/book-app/src/test/java/com/karankumar/bookproject/book/service/UserCreatedShelfServiceTest.java from ingest queue
2025-09-23 13:44:14,446 - Knowledge - INFO - start ingest for /app/data/kaviademo4200/1656/b70881y/book-project-1656/backend/book-app/src/test/java/com/karankumar/bookproject/book/controller/BookControllerTest.java
2025-09-23 13:44:14,554 - Knowledge - INFO - start ingest for /app/data/kaviademo4200/1656/b70881y/book-project-1656/backend/book-app/src/test/java/com/karankumar/bookproject/book/json/LocalDateSerializerTest.java
2025-09-23 13:44:14,679 - Knowledge - INFO - process ingested knowledge for /app/data/kaviademo4200/1656/b70881y/book-project-1656/backend/book-app/src/test/java/com/karankumar/bookproject/bookimport/ImportServiceTest.java
2025-09-23 13:44:14,802 - Knowledge - INFO - start ingest for /app/data/kaviademo4200/1656/b70881y/book-project-1656/backend/book-app/src/test/java/com/karankumar/bookproject/book/service/BookServiceTest.java
2025-09-23 13:44:14,891 - Knowledge - INFO - persist ingested knowledge for /app/data/kaviademo4200/1656/b70881y/book-project-1656/backend/book-app/src/test/java/com/karankumar/bookproject/annotations/IntegrationTest.java
2025-09-23 13:44:14,981 - Knowledge - INFO - start ingest for /app/data/kaviademo4200/1656/b70881y/book-project-1656/backend/book-app/src/test/java/com/karankumar/bookproject/statistics/YearStatisticsTest.java
2025-09-23 13:44:15,090 - Knowledge - INFO - process ingested knowledge for /app/data/kaviademo4200/1656/b70881y/book-project-1656/backend/book-app/src/test/java/com/karankumar/bookproject/util/UserCreatedShelfUtilsTest.java
2025-09-23 13:44:15,173 - Knowledge - INFO - persist ingested knowledge for /app/data/kaviademo4200/1656/b70881y/book-project-1656/backend/book-app/src/test/java/com/karankumar/bookproject/integration/ReadingGoalControllerIntegrationTest.java
2025-09-23 13:44:15,755 - Knowledge - INFO - persist ingested knowledge for /app/data/kaviademo4200/1656/b70881y/book-project-1656/backend/book-app/src/test/java/com/karankumar/bookproject/account/constraint/PasswordStrengthTest.java
2025-09-23 13:44:15,810 - Knowledge - INFO - done ingest for /app/data/kaviademo4200/1656/b70881y/book-project-1656/backend/book-app/src/test/java/com/karankumar/bookproject/account/auth/service/DatabaseUserDetailsServiceTest.java
2025-09-23 13:44:15,918 - Knowledge - INFO - persist search terms embedding for backend/email-service/src/main/java/com/karankumar/bookproject/book/service/FakeEmailService.java
2025-09-23 13:44:15,925 - Knowledge - INFO - done ingest for /app/data/kaviademo4200/1656/b70881y/book-project-1656/backend/book-app/src/test/java/com/karankumar/bookproject/util/DateUtilsTest.java
2025-09-23 13:44:16,046 - Knowledge - INFO - Thread kw20 - File UserCreatedShelfServiceTest.java - Remaining files in queue: 144
2025-09-23 13:44:16,128 - Knowledge - INFO - done ingest for /app/data/kaviademo4200/1656/b70881y/book-project-1656/backend/book-app/src/test/java/com/karankumar/bookproject/account/auth/CustomAuthenticationProviderTest.java
2025-09-23 13:44:17,311 - Knowledge - INFO - process ingested knowledge for /app/data/kaviademo4200/1656/b70881y/book-project-1656/backend/book-app/src/test/java/com/karankumar/bookproject/account/auth/service/DatabaseUserDetailsServiceTest.java
2025-09-23 13:44:17,479 - Knowledge - INFO - Found code-base-name: https://github.com/kavia-common/book-project-1656.git:kavia-main
2025-09-23 13:44:17,590 - Knowledge - INFO - process ingested knowledge for /app/data/kaviademo4200/1656/b70881y/book-project-1656/backend/book-app/src/test/java/com/karankumar/bookproject/util/DateUtilsTest.java
2025-09-23 13:44:17,699 - Knowledge - INFO - start ingest for /app/data/kaviademo4200/1656/b70881y/book-project-1656/backend/book-app/src/test/java/com/karankumar/bookproject/book/service/UserCreatedShelfServiceTest.java
2025-09-23 13:44:17,782 - Knowledge - INFO - process ingested knowledge for /app/data/kaviademo4200/1656/b70881y/book-project-1656/backend/book-app/src/test/java/com/karankumar/bookproject/account/auth/CustomAuthenticationProviderTest.java
2025-09-23 13:44:18,014 - Knowledge - INFO - Found code_base: <app.utils.kg_build.knowledge.KnowledgeCodeBase object at 0x7f19d0023dd0>
2025-09-23 13:44:18,027 - Knowledge - INFO - persist search terms embedding for backend/book-app/src/test/java/com/karankumar/bookproject/util/BookUtilsTest.java
2025-09-23 13:44:18,457 - Knowledge - INFO - persist ingested knowledge for /app/data/kaviademo4200/1656/b70881y/book-project-1656/backend/book-app/src/test/java/com/karankumar/bookproject/util/StringUtilsTest.java
2025-09-23 13:44:18,557 - Knowledge - INFO - Found code-base-name: https://github.com/kavia-common/book-project-1656.git:kavia-main
2025-09-23 13:44:18,806 - Knowledge - INFO - Found code_base: <app.utils.kg_build.knowledge.KnowledgeCodeBase object at 0x7f19d0023dd0>
2025-09-23 13:44:18,909 - Knowledge - INFO - persist ingested knowledge for /app/data/kaviademo4200/1656/b70881y/book-project-1656/backend/book-app/src/test/java/com/karankumar/bookproject/bookimport/ImportServiceTest.java
2025-09-23 13:44:19,072 - Knowledge - INFO - persist search terms embedding for backend/book-app/src/test/java/com/karankumar/bookproject/annotations/IntegrationTest.java
2025-09-23 13:44:19,153 - Knowledge - INFO - Found code-base-name: https://github.com/kavia-common/book-project-1656.git:kavia-main
2025-09-23 13:44:19,300 - Knowledge - INFO - Found code_base: <app.utils.kg_build.knowledge.KnowledgeCodeBase object at 0x7f19d0023dd0>
2025-09-23 13:44:19,395 - Knowledge - INFO - persist ingested knowledge for /app/data/kaviademo4200/1656/b70881y/book-project-1656/backend/book-app/src/test/java/com/karankumar/bookproject/util/UserCreatedShelfUtilsTest.java
2025-09-23 13:44:19,714 - Knowledge - INFO - persist search terms embedding for backend/book-app/src/test/java/com/karankumar/bookproject/integration/ReadingGoalControllerIntegrationTest.java
2025-09-23 13:44:20,030 - Knowledge - INFO - worker kw29 pull /app/data/kaviademo4200/1656/b70881y/book-project-1656/backend/book-app/src/test/java/com/karankumar/bookproject/book/repository/PredefinedShelfRepositoryTest.java from ingest queue
2025-09-23 13:44:20,033 - Knowledge - INFO - Found code-base-name: https://github.com/kavia-common/book-project-1656.git:kavia-main
2025-09-23 13:44:20,033 - Knowledge - INFO - Found code-base-name: https://github.com/kavia-common/book-project-1656.git:kavia-main
2025-09-23 13:44:20,034 - Knowledge - INFO - worker kw16 pull /app/data/kaviademo4200/1656/b70881y/book-project-1656/backend/book-app/src/test/java/com/karankumar/bookproject/book/service/ReadingGoalServiceTest.java from ingest queue
2025-09-23 13:44:20,164 - Knowledge - INFO - Thread kw29 - File PredefinedShelfRepositoryTest.java - Remaining files in queue: 142
2025-09-23 13:44:20,260 - Knowledge - INFO - worker kw12 pull /app/data/kaviademo4200/1656/b70881y/book-project-1656/backend/book-app/src/test/java/com/karankumar/bookproject/book/controller/BookImportControllerTest.java from ingest queue
2025-09-23 13:44:20,287 - Knowledge - INFO - Found code_base: <app.utils.kg_build.knowledge.KnowledgeCodeBase object at 0x7f19d0023dd0>
2025-09-23 13:44:20,429 - Knowledge - INFO - Found code_base: <app.utils.kg_build.knowledge.KnowledgeCodeBase object at 0x7f19d0023dd0>
2025-09-23 13:44:20,549 - Knowledge - INFO - Thread kw16 - File ReadingGoalServiceTest.java - Remaining files in queue: 141
2025-09-23 13:44:20,662 - Knowledge - INFO - start ingest for /app/data/kaviademo4200/1656/b70881y/book-project-1656/backend/book-app/src/test/java/com/karankumar/bookproject/book/repository/PredefinedShelfRepositoryTest.java
2025-09-23 13:44:20,748 - Knowledge - INFO - persist search terms embedding for backend/book-app/src/test/java/com/karankumar/bookproject/util/UserCreatedShelfUtilsTest.java
2025-09-23 13:44:20,769 - Knowledge - INFO - Thread kw12 - File BookImportControllerTest.java - Remaining files in queue: 141
2025-09-23 13:44:20,854 - Knowledge - INFO - persist ingested knowledge for /app/data/kaviademo4200/1656/b70881y/book-project-1656/backend/book-app/src/test/java/com/karankumar/bookproject/account/auth/service/DatabaseUserDetailsServiceTest.java
2025-09-23 13:44:21,001 - Knowledge - INFO - persist ingested knowledge for /app/data/kaviademo4200/1656/b70881y/book-project-1656/backend/book-app/src/test/java/com/karankumar/bookproject/account/auth/CustomAuthenticationProviderTest.java
2025-09-23 13:44:21,127 - Knowledge - INFO - done ingest for /app/data/kaviademo4200/1656/b70881y/book-project-1656/backend/book-app/src/test/java/com/karankumar/bookproject/bookexport/BookExportServiceTest.java
2025-09-23 13:44:21,166 - Knowledge - INFO - start ingest for /app/data/kaviademo4200/1656/b70881y/book-project-1656/backend/book-app/src/test/java/com/karankumar/bookproject/book/service/ReadingGoalServiceTest.java
2025-09-23 13:44:21,394 - Knowledge - INFO - worker kw13 pull /app/data/kaviademo4200/1656/b70881y/book-project-1656/backend/book-app/src/test/java/com/karankumar/bookproject/book/service/UserServiceTest.java from ingest queue
2025-09-23 13:44:21,397 - Knowledge - INFO - Found code-base-name: https://github.com/kavia-common/book-project-1656.git:kavia-main
2025-09-23 13:44:21,400 - Knowledge - INFO - worker kw19 pull /app/data/kaviademo4200/1656/b70881y/book-project-1656/backend/book-app/src/test/java/com/karankumar/bookproject/book/service/TagServiceTest.java from ingest queue
2025-09-23 13:44:21,498 - Knowledge - INFO - start ingest for /app/data/kaviademo4200/1656/b70881y/book-project-1656/backend/book-app/src/test/java/com/karankumar/bookproject/book/controller/BookImportControllerTest.java
2025-09-23 13:44:21,834 - Knowledge - INFO - persist search terms embedding for backend/book-app/src/test/java/com/karankumar/bookproject/bookimport/ImportServiceTest.java
2025-09-23 13:44:21,865 - Knowledge - INFO - process ingested knowledge for /app/data/kaviademo4200/1656/b70881y/book-project-1656/backend/book-app/src/test/java/com/karankumar/bookproject/bookexport/BookExportServiceTest.java
2025-09-23 13:44:22,094 - Knowledge - INFO - Thread kw13 - File UserServiceTest.java - Remaining files in queue: 139
2025-09-23 13:44:22,217 - Knowledge - INFO - Found code_base: <app.utils.kg_build.knowledge.KnowledgeCodeBase object at 0x7f19d0023dd0>
2025-09-23 13:44:22,329 - Knowledge - INFO - Thread kw19 - File TagServiceTest.java - Remaining files in queue: 139
2025-09-23 13:44:22,561 - Knowledge - INFO - worker kw10 pull /app/data/kaviademo4200/1656/b70881y/book-project-1656/backend/book-app/src/test/java/com/karankumar/bookproject/bookexport/BookExportControllerTest.java from ingest queue
2025-09-23 13:44:22,757 - Knowledge - INFO - start ingest for /app/data/kaviademo4200/1656/b70881y/book-project-1656/backend/book-app/src/test/java/com/karankumar/bookproject/book/service/UserServiceTest.java
2025-09-23 13:44:22,850 - Knowledge - INFO - persist ingested knowledge for /app/data/kaviademo4200/1656/b70881y/book-project-1656/backend/book-app/src/test/java/com/karankumar/bookproject/util/DateUtilsTest.java
2025-09-23 13:44:22,975 - Knowledge - INFO - start ingest for /app/data/kaviademo4200/1656/b70881y/book-project-1656/backend/book-app/src/test/java/com/karankumar/bookproject/book/service/TagServiceTest.java
2025-09-23 13:44:23,097 - Knowledge - INFO - Thread kw10 - File BookExportControllerTest.java - Remaining files in queue: 138
2025-09-23 13:44:23,111 - Knowledge - INFO - persist search terms embedding for backend/book-app/src/test/java/com/karankumar/bookproject/account/auth/service/DatabaseUserDetailsServiceTest.java
2025-09-23 13:44:23,574 - Knowledge - INFO - start ingest for /app/data/kaviademo4200/1656/b70881y/book-project-1656/backend/book-app/src/test/java/com/karankumar/bookproject/bookexport/BookExportControllerTest.java
2025-09-23 13:44:24,214 - Knowledge - INFO - persist search terms embedding for backend/book-app/src/test/java/com/karankumar/bookproject/account/auth/CustomAuthenticationProviderTest.java
2025-09-23 13:44:24,317 - Knowledge - INFO - worker kw24 pull /app/data/kaviademo4200/1656/b70881y/book-project-1656/backend/book-app/src/test/java/com/karankumar/bookproject/book/service/IncorrectPasswordException.java from ingest queue
2025-09-23 13:44:24,340 - Knowledge - INFO - Found code-base-name: https://github.com/kavia-common/book-project-1656.git:kavia-main
2025-09-23 13:44:24,465 - Knowledge - INFO - Thread kw24 - File IncorrectPasswordException.java - Remaining files in queue: 137
2025-09-23 13:44:24,571 - Knowledge - INFO - done ingest for /app/data/kaviademo4200/1656/b70881y/book-project-1656/backend/book-app/src/test/java/com/karankumar/bookproject/account/controller/UserControllerTest.java
2025-09-23 13:44:24,574 - Knowledge - INFO - Found code_base: <app.utils.kg_build.knowledge.KnowledgeCodeBase object at 0x7f19d0023dd0>
2025-09-23 13:44:24,693 - Knowledge - INFO - start ingest for /app/data/kaviademo4200/1656/b70881y/book-project-1656/backend/book-app/src/test/java/com/karankumar/bookproject/book/service/IncorrectPasswordException.java
2025-09-23 13:44:24,816 - Knowledge - INFO - process ingested knowledge for /app/data/kaviademo4200/1656/b70881y/book-project-1656/backend/book-app/src/test/java/com/karankumar/bookproject/account/controller/UserControllerTest.java
2025-09-23 13:44:24,918 - Knowledge - INFO - persist ingested knowledge for /app/data/kaviademo4200/1656/b70881y/book-project-1656/backend/book-app/src/test/java/com/karankumar/bookproject/bookexport/BookExportServiceTest.java
2025-09-23 13:44:25,018 - Knowledge - INFO - persist search terms embedding for backend/book-app/src/test/java/com/karankumar/bookproject/util/DateUtilsTest.java
2025-09-23 13:44:25,371 - Knowledge - INFO - worker kw9 pull /app/data/kaviademo4200/1656/b70881y/book-project-1656/backend/book-app/src/test/java/com/karankumar/bookproject/book/dto/GoodreadsBookImportTest.java from ingest queue
2025-09-23 13:44:25,372 - Knowledge - INFO - worker kw22 pull /app/data/kaviademo4200/1656/b70881y/book-project-1656/backend/book-app/src/test/resources/exportedBooksSample.json from ingest queue
2025-09-23 13:44:25,462 - Knowledge - INFO - Thread kw9 - File GoodreadsBookImportTest.java - Remaining files in queue: 135
2025-09-23 13:44:25,566 - Knowledge - INFO - Thread kw22 - File exportedBooksSample.json - Remaining files in queue: 135
2025-09-23 13:44:25,694 - Knowledge - INFO - start ingest for /app/data/kaviademo4200/1656/b70881y/book-project-1656/backend/book-app/src/test/java/com/karankumar/bookproject/book/dto/GoodreadsBookImportTest.java
2025-09-23 13:44:25,818 - Knowledge - INFO - start ingest for /app/data/kaviademo4200/1656/b70881y/book-project-1656/backend/book-app/src/test/resources/exportedBooksSample.json
2025-09-23 13:44:25,901 - Knowledge - INFO - done ingest for /app/data/kaviademo4200/1656/b70881y/book-project-1656/backend/book-app/src/test/java/com/karankumar/bookproject/annotations/DataJpaIntegrationTest.java
2025-09-23 13:44:25,970 - Knowledge - INFO - persist search terms embedding for backend/book-app/src/test/java/com/karankumar/bookproject/bookexport/BookExportServiceTest.java
2025-09-23 13:44:26,014 - Knowledge - INFO - Fast-track processing for simple file: /app/data/kaviademo4200/1656/b70881y/book-project-1656/backend/book-app/src/test/resources/exportedBooksSample.json
2025-09-23 13:44:26,111 - Knowledge - INFO - process ingested knowledge for /app/data/kaviademo4200/1656/b70881y/book-project-1656/backend/book-app/src/test/java/com/karankumar/bookproject/annotations/DataJpaIntegrationTest.java
2025-09-23 13:44:26,218 - Knowledge - INFO - worker kw17 pull /app/data/kaviademo4200/1656/b70881y/book-project-1656/backend/book-app/src/main/java/com/karankumar/bookproject/security/SecurityConfiguration.java from ingest queue
2025-09-23 13:44:26,220 - Knowledge - INFO - Found code-base-name: https://github.com/kavia-common/book-project-1656.git:kavia-main
2025-09-23 13:44:26,222 - Knowledge - INFO - worker kw23 pull /app/data/kaviademo4200/1656/b70881y/book-project-1656/backend/book-app/src/test/java/com/karankumar/bookproject/book/service/PredefinedShelfServiceTest.java from ingest queue
2025-09-23 13:44:26,224 - Knowledge - INFO - worker kw11 pull /app/data/kaviademo4200/1656/b70881y/book-project-1656/backend/book-app/src/test/java/com/karankumar/bookproject/book/service/PublisherServiceTest.java from ingest queue
2025-09-23 13:44:26,344 - Knowledge - INFO - done fast ingest for /app/data/kaviademo4200/1656/b70881y/book-project-1656/backend/book-app/src/test/resources/exportedBooksSample.json
2025-09-23 13:44:26,458 - Knowledge - INFO - Found code-base-name: https://github.com/kavia-common/book-project-1656.git:kavia-main
2025-09-23 13:44:26,561 - Knowledge - INFO - Thread kw17 - File SecurityConfiguration.java - Remaining files in queue: 132
2025-09-23 13:44:26,678 - Knowledge - INFO - Found code_base: <app.utils.kg_build.knowledge.KnowledgeCodeBase object at 0x7f19d0023dd0>
2025-09-23 13:44:26,812 - Knowledge - INFO - Thread kw23 - File PredefinedShelfServiceTest.java - Remaining files in queue: 132
2025-09-23 13:44:26,926 - Knowledge - INFO - Thread kw11 - File PublisherServiceTest.java - Remaining files in queue: 132
2025-09-23 13:44:27,019 - Knowledge - INFO - process ingested knowledge for /app/data/kaviademo4200/1656/b70881y/book-project-1656/backend/book-app/src/test/resources/exportedBooksSample.json
2025-09-23 13:44:27,156 - Knowledge - INFO - Found code_base: <app.utils.kg_build.knowledge.KnowledgeCodeBase object at 0x7f19d0023dd0>
2025-09-23 13:44:27,309 - Knowledge - INFO - start ingest for /app/data/kaviademo4200/1656/b70881y/book-project-1656/backend/book-app/src/main/java/com/karankumar/bookproject/security/SecurityConfiguration.java
2025-09-23 13:44:27,445 - Knowledge - INFO - persist ingested knowledge for /app/data/kaviademo4200/1656/b70881y/book-project-1656/backend/book-app/src/test/java/com/karankumar/bookproject/account/controller/UserControllerTest.java
2025-09-23 13:44:27,572 - Knowledge - INFO - start ingest for /app/data/kaviademo4200/1656/b70881y/book-project-1656/backend/book-app/src/test/java/com/karankumar/bookproject/book/service/PredefinedShelfServiceTest.java
2025-09-23 13:44:27,675 - Knowledge - INFO - start ingest for /app/data/kaviademo4200/1656/b70881y/book-project-1656/backend/book-app/src/test/java/com/karankumar/bookproject/book/service/PublisherServiceTest.java
2025-09-23 13:44:27,758 - Knowledge - INFO - Found code-base-name: https://github.com/kavia-common/book-project-1656.git:kavia-main
2025-09-23 13:44:27,881 - Knowledge - INFO - persist ingested knowledge for /app/data/kaviademo4200/1656/b70881y/book-project-1656/backend/book-app/src/test/java/com/karankumar/bookproject/annotations/DataJpaIntegrationTest.java
2025-09-23 13:44:28,402 - Knowledge - INFO - Found code_base: <app.utils.kg_build.knowledge.KnowledgeCodeBase object at 0x7f19d0023dd0>
2025-09-23 13:44:28,587 - Knowledge - INFO - persist ingested knowledge for /app/data/kaviademo4200/1656/b70881y/book-project-1656/backend/book-app/src/test/resources/exportedBooksSample.json
2025-09-23 13:44:28,644 - Knowledge - INFO - persist search terms embedding for backend/book-app/src/test/java/com/karankumar/bookproject/account/controller/UserControllerTest.java
2025-09-23 13:44:29,336 - Knowledge - INFO - persist search terms embedding for backend/book-app/src/test/java/com/karankumar/bookproject/annotations/DataJpaIntegrationTest.java
2025-09-23 13:44:29,650 - Knowledge - INFO - worker kw15 pull /app/data/kaviademo4200/1656/b70881y/book-project-1656/backend/book-app/src/main/java/com/karankumar/bookproject/security/jwt/JwtUsernamePasswordAuthFilter.java from ingest queue
2025-09-23 13:44:29,651 - Knowledge - INFO - worker kw25 pull /app/data/kaviademo4200/1656/b70881y/book-project-1656/backend/book-app/src/main/java/com/karankumar/bookproject/security/jwt/JwtSecretKey.java from ingest queue
2025-09-23 13:44:29,652 - Knowledge - INFO - worker kw22 pull /app/data/kaviademo4200/1656/b70881y/book-project-1656/backend/book-app/src/main/java/com/karankumar/bookproject/security/jwt/UsernamePasswordAuthRequest.java from ingest queue
2025-09-23 13:44:29,734 - Knowledge - INFO - Thread kw15 - File JwtUsernamePasswordAuthFilter.java - Remaining files in queue: 129
2025-09-23 13:44:29,853 - Knowledge - INFO - Thread kw25 - File JwtSecretKey.java - Remaining files in queue: 129
2025-09-23 13:44:29,973 - Knowledge - INFO - Thread kw22 - File UsernamePasswordAuthRequest.java - Remaining files in queue: 129
2025-09-23 13:44:30,077 - Knowledge - INFO - start ingest for /app/data/kaviademo4200/1656/b70881y/book-project-1656/backend/book-app/src/main/java/com/karankumar/bookproject/security/jwt/JwtUsernamePasswordAuthFilter.java
2025-09-23 13:44:30,172 - Knowledge - INFO - start ingest for /app/data/kaviademo4200/1656/b70881y/book-project-1656/backend/book-app/src/main/java/com/karankumar/bookproject/security/jwt/JwtSecretKey.java
2025-09-23 13:44:30,281 - Knowledge - INFO - start ingest for /app/data/kaviademo4200/1656/b70881y/book-project-1656/backend/book-app/src/main/java/com/karankumar/bookproject/security/jwt/UsernamePasswordAuthRequest.java
2025-09-23 13:44:31,137 - Knowledge - INFO - done ingest for /app/data/kaviademo4200/1656/b70881y/book-project-1656/backend/book-app/src/test/java/com/karankumar/bookproject/account/auth/service/DatabaseUserDetailsPasswordServiceTest.java
2025-09-23 13:44:31,218 - Knowledge - INFO - process ingested knowledge for /app/data/kaviademo4200/1656/b70881y/book-project-1656/backend/book-app/src/test/java/com/karankumar/bookproject/account/auth/service/DatabaseUserDetailsPasswordServiceTest.java
2025-09-23 13:44:31,356 - Knowledge - INFO - Found code-base-name: https://github.com/kavia-common/book-project-1656.git:kavia-main
2025-09-23 13:44:31,455 - Knowledge - INFO - Found code_base: <app.utils.kg_build.knowledge.KnowledgeCodeBase object at 0x7f19d0023dd0>
2025-09-23 13:44:31,535 - Knowledge - INFO - persist ingested knowledge for /app/data/kaviademo4200/1656/b70881y/book-project-1656/backend/book-app/src/test/java/com/karankumar/bookproject/account/auth/service/DatabaseUserDetailsPasswordServiceTest.java
2025-09-23 13:44:32,183 - Knowledge - INFO - persist search terms embedding for backend/book-app/src/test/java/com/karankumar/bookproject/account/auth/service/DatabaseUserDetailsPasswordServiceTest.java
2025-09-23 13:44:32,298 - Knowledge - INFO - worker kw18 pull /app/data/kaviademo4200/1656/b70881y/book-project-1656/backend/book-app/src/test/resources/data.sql from ingest queue
2025-09-23 13:44:32,401 - Knowledge - INFO - Thread kw18 - File data.sql - Remaining files in queue: 128
2025-09-23 13:44:32,498 - Knowledge - INFO - start ingest for /app/data/kaviademo4200/1656/b70881y/book-project-1656/backend/book-app/src/test/resources/data.sql
2025-09-23 13:44:32,614 - Knowledge - INFO - Fast-track processing for simple file: /app/data/kaviademo4200/1656/b70881y/book-project-1656/backend/book-app/src/test/resources/data.sql
2025-09-23 13:44:32,740 - Knowledge - INFO - done fast ingest for /app/data/kaviademo4200/1656/b70881y/book-project-1656/backend/book-app/src/test/resources/data.sql
2025-09-23 13:44:32,874 - Knowledge - INFO - process ingested knowledge for /app/data/kaviademo4200/1656/b70881y/book-project-1656/backend/book-app/src/test/resources/data.sql
2025-09-23 13:44:32,969 - Knowledge - INFO - Found code-base-name: https://github.com/kavia-common/book-project-1656.git:kavia-main
2025-09-23 13:44:33,072 - Knowledge - INFO - Found code_base: <app.utils.kg_build.knowledge.KnowledgeCodeBase object at 0x7f19d0023dd0>
2025-09-23 13:44:33,199 - Knowledge - INFO - persist ingested knowledge for /app/data/kaviademo4200/1656/b70881y/book-project-1656/backend/book-app/src/test/resources/data.sql
2025-09-23 13:44:33,378 - Knowledge - INFO - done ingest for /app/data/kaviademo4200/1656/b70881y/book-project-1656/backend/book-app/src/test/java/com/karankumar/bookproject/statistics/PageStatisticsTest.java
2025-09-23 13:44:33,480 - Knowledge - INFO - process ingested knowledge for /app/data/kaviademo4200/1656/b70881y/book-project-1656/backend/book-app/src/test/java/com/karankumar/bookproject/statistics/PageStatisticsTest.java
2025-09-23 13:44:33,509 - Knowledge - INFO - worker kw18 pull /app/data/kaviademo4200/1656/b70881y/book-project-1656/backend/book-app/src/main/java/com/karankumar/bookproject/security/jwt/exceptionhandler/ErrorResponse.java from ingest queue
2025-09-23 13:44:33,609 - Knowledge - INFO - Found code-base-name: https://github.com/kavia-common/book-project-1656.git:kavia-main
2025-09-23 13:44:33,734 - Knowledge - INFO - Thread kw18 - File ErrorResponse.java - Remaining files in queue: 127
2025-09-23 13:44:33,832 - Knowledge - INFO - Found code_base: <app.utils.kg_build.knowledge.KnowledgeCodeBase object at 0x7f19d0023dd0>
2025-09-23 13:44:33,960 - Knowledge - INFO - start ingest for /app/data/kaviademo4200/1656/b70881y/book-project-1656/backend/book-app/src/main/java/com/karankumar/bookproject/security/jwt/exceptionhandler/ErrorResponse.java
2025-09-23 13:44:34,055 - Knowledge - INFO - persist ingested knowledge for /app/data/kaviademo4200/1656/b70881y/book-project-1656/backend/book-app/src/test/java/com/karankumar/bookproject/statistics/PageStatisticsTest.java
2025-09-23 13:44:34,684 - Knowledge - INFO - persist search terms embedding for backend/book-app/src/test/java/com/karankumar/bookproject/statistics/PageStatisticsTest.java
2025-09-23 13:44:34,791 - Knowledge - INFO - worker kw27 pull /app/data/kaviademo4200/1656/b70881y/book-project-1656/backend/book-app/src/test/resources/libraryThingImportSample.json from ingest queue
2025-09-23 13:44:34,906 - Knowledge - INFO - Thread kw27 - File libraryThingImportSample.json - Remaining files in queue: 126
2025-09-23 13:44:34,992 - Knowledge - INFO - start ingest for /app/data/kaviademo4200/1656/b70881y/book-project-1656/backend/book-app/src/test/resources/libraryThingImportSample.json
2025-09-23 13:44:35,103 - Knowledge - INFO - Fast-track processing for simple file: /app/data/kaviademo4200/1656/b70881y/book-project-1656/backend/book-app/src/test/resources/libraryThingImportSample.json
2025-09-23 13:44:35,190 - Knowledge - INFO - done fast ingest for /app/data/kaviademo4200/1656/b70881y/book-project-1656/backend/book-app/src/test/resources/libraryThingImportSample.json
2025-09-23 13:44:35,280 - Knowledge - INFO - process ingested knowledge for /app/data/kaviademo4200/1656/b70881y/book-project-1656/backend/book-app/src/test/resources/libraryThingImportSample.json
2025-09-23 13:44:35,424 - Knowledge - INFO - Found code-base-name: https://github.com/kavia-common/book-project-1656.git:kavia-main
2025-09-23 13:44:35,540 - Knowledge - INFO - Found code_base: <app.utils.kg_build.knowledge.KnowledgeCodeBase object at 0x7f19d0023dd0>
2025-09-23 13:44:35,624 - Knowledge - INFO - persist ingested knowledge for /app/data/kaviademo4200/1656/b70881y/book-project-1656/backend/book-app/src/test/resources/libraryThingImportSample.json
2025-09-23 13:44:35,912 - Knowledge - INFO - worker kw27 pull /app/data/kaviademo4200/1656/b70881y/book-project-1656/backend/book-app/src/main/java/com/karankumar/bookproject/security/jwt/exceptionhandler/ApiExceptionHandler.java from ingest queue
2025-09-23 13:44:35,993 - Knowledge - INFO - Thread kw27 - File ApiExceptionHandler.java - Remaining files in queue: 125
2025-09-23 13:44:36,104 - Knowledge - INFO - start ingest for /app/data/kaviademo4200/1656/b70881y/book-project-1656/backend/book-app/src/main/java/com/karankumar/bookproject/security/jwt/exceptionhandler/ApiExceptionHandler.java
2025-09-23 13:44:37,977 - Knowledge - INFO - done ingest for /app/data/kaviademo4200/1656/b70881y/book-project-1656/backend/book-app/src/test/java/com/karankumar/bookproject/statistics/GenreStatisticsTest.java
2025-09-23 13:44:38,096 - Knowledge - INFO - process ingested knowledge for /app/data/kaviademo4200/1656/b70881y/book-project-1656/backend/book-app/src/test/java/com/karankumar/bookproject/statistics/GenreStatisticsTest.java
2025-09-23 13:44:38,200 - Knowledge - INFO - Found code-base-name: https://github.com/kavia-common/book-project-1656.git:kavia-main
2025-09-23 13:44:38,332 - Knowledge - INFO - Found code_base: <app.utils.kg_build.knowledge.KnowledgeCodeBase object at 0x7f19d0023dd0>
2025-09-23 13:44:38,431 - Knowledge - INFO - persist ingested knowledge for /app/data/kaviademo4200/1656/b70881y/book-project-1656/backend/book-app/src/test/java/com/karankumar/bookproject/statistics/GenreStatisticsTest.java
2025-09-23 13:44:39,064 - Knowledge - INFO - persist search terms embedding for backend/book-app/src/test/java/com/karankumar/bookproject/statistics/GenreStatisticsTest.java
2025-09-23 13:44:39,161 - Knowledge - INFO - worker kw3 pull /app/data/kaviademo4200/1656/b70881y/book-project-1656/backend/book-app/src/main/java/com/karankumar/bookproject/shelf/repository/UserCreatedShelfRepository.java from ingest queue
2025-09-23 13:44:39,290 - Knowledge - INFO - Thread kw3 - File UserCreatedShelfRepository.java - Remaining files in queue: 124
2025-09-23 13:44:39,412 - Knowledge - INFO - start ingest for /app/data/kaviademo4200/1656/b70881y/book-project-1656/backend/book-app/src/main/java/com/karankumar/bookproject/shelf/repository/UserCreatedShelfRepository.java
2025-09-23 13:44:49,810 - Knowledge - INFO - done ingest for /app/data/kaviademo4200/1656/b70881y/book-project-1656/backend/book-app/src/test/java/com/karankumar/bookproject/statistics/RatingStatisticsTest.java
2025-09-23 13:44:49,886 - Knowledge - INFO - process ingested knowledge for /app/data/kaviademo4200/1656/b70881y/book-project-1656/backend/book-app/src/test/java/com/karankumar/bookproject/statistics/RatingStatisticsTest.java
2025-09-23 13:44:49,987 - Knowledge - INFO - Found code-base-name: https://github.com/kavia-common/book-project-1656.git:kavia-main
2025-09-23 13:44:50,079 - Knowledge - INFO - Found code_base: <app.utils.kg_build.knowledge.KnowledgeCodeBase object at 0x7f19d0023dd0>
2025-09-23 13:44:50,164 - Knowledge - INFO - persist ingested knowledge for /app/data/kaviademo4200/1656/b70881y/book-project-1656/backend/book-app/src/test/java/com/karankumar/bookproject/statistics/RatingStatisticsTest.java
2025-09-23 13:44:50,800 - Knowledge - INFO - persist search terms embedding for backend/book-app/src/test/java/com/karankumar/bookproject/statistics/RatingStatisticsTest.java
2025-09-23 13:44:50,892 - Knowledge - INFO - worker kw6 pull /app/data/kaviademo4200/1656/b70881y/book-project-1656/backend/book-app/src/main/java/com/karankumar/bookproject/security/jwt/JwtTokenVerifier.java from ingest queue
2025-09-23 13:44:50,991 - Knowledge - INFO - Thread kw6 - File JwtTokenVerifier.java - Remaining files in queue: 123
2025-09-23 13:44:51,130 - Knowledge - INFO - start ingest for /app/data/kaviademo4200/1656/b70881y/book-project-1656/backend/book-app/src/main/java/com/karankumar/bookproject/security/jwt/JwtTokenVerifier.java
2025-09-23 13:44:56,738 - Knowledge - INFO - done ingest for /app/data/kaviademo4200/1656/b70881y/book-project-1656/backend/book-app/src/test/java/com/karankumar/bookproject/book/repository/UserCreatedShelfRepositoryTest.java
2025-09-23 13:44:56,778 - Knowledge - INFO - done ingest for /app/data/kaviademo4200/1656/b70881y/book-project-1656/backend/book-app/src/test/java/com/karankumar/bookproject/book/json/LocalDateSerializerTest.java
2025-09-23 13:44:56,848 - Knowledge - INFO - process ingested knowledge for /app/data/kaviademo4200/1656/b70881y/book-project-1656/backend/book-app/src/test/java/com/karankumar/bookproject/book/repository/UserCreatedShelfRepositoryTest.java
2025-09-23 13:44:56,950 - Knowledge - INFO - process ingested knowledge for /app/data/kaviademo4200/1656/b70881y/book-project-1656/backend/book-app/src/test/java/com/karankumar/bookproject/book/json/LocalDateSerializerTest.java
2025-09-23 13:44:57,055 - Knowledge - INFO - Found code-base-name: https://github.com/kavia-common/book-project-1656.git:kavia-main
2025-09-23 13:44:57,137 - Knowledge - INFO - Found code-base-name: https://github.com/kavia-common/book-project-1656.git:kavia-main
2025-09-23 13:44:57,246 - Knowledge - INFO - Found code_base: <app.utils.kg_build.knowledge.KnowledgeCodeBase object at 0x7f19d0023dd0>
2025-09-23 13:44:57,364 - Knowledge - INFO - Found code_base: <app.utils.kg_build.knowledge.KnowledgeCodeBase object at 0x7f19d0023dd0>
2025-09-23 13:44:57,473 - Knowledge - INFO - persist ingested knowledge for /app/data/kaviademo4200/1656/b70881y/book-project-1656/backend/book-app/src/test/java/com/karankumar/bookproject/book/repository/UserCreatedShelfRepositoryTest.java
2025-09-23 13:44:57,583 - Knowledge - INFO - persist ingested knowledge for /app/data/kaviademo4200/1656/b70881y/book-project-1656/backend/book-app/src/test/java/com/karankumar/bookproject/book/json/LocalDateSerializerTest.java
2025-09-23 13:44:58,233 - Knowledge - INFO - persist search terms embedding for backend/book-app/src/test/java/com/karankumar/bookproject/book/repository/UserCreatedShelfRepositoryTest.java
2025-09-23 13:44:58,746 - Knowledge - INFO - persist search terms embedding for backend/book-app/src/test/java/com/karankumar/bookproject/book/json/LocalDateSerializerTest.java
2025-09-23 13:44:58,844 - Knowledge - INFO - worker kw7 pull /app/data/kaviademo4200/1656/b70881y/book-project-1656/backend/book-app/src/main/java/com/karankumar/bookproject/shelf/ShelfNameExistsException.java from ingest queue
2025-09-23 13:44:58,847 - Knowledge - INFO - worker kw4 pull /app/data/kaviademo4200/1656/b70881y/book-project-1656/backend/book-app/src/main/java/com/karankumar/bookproject/shelf/service/UserCreatedShelfService.java from ingest queue
2025-09-23 13:44:58,976 - Knowledge - INFO - Thread kw7 - File ShelfNameExistsException.java - Remaining files in queue: 121
2025-09-23 13:44:59,068 - Knowledge - INFO - Thread kw4 - File UserCreatedShelfService.java - Remaining files in queue: 121
2025-09-23 13:44:59,161 - Knowledge - INFO - start ingest for /app/data/kaviademo4200/1656/b70881y/book-project-1656/backend/book-app/src/main/java/com/karankumar/bookproject/shelf/ShelfNameExistsException.java
2025-09-23 13:44:59,275 - Knowledge - INFO - start ingest for /app/data/kaviademo4200/1656/b70881y/book-project-1656/backend/book-app/src/main/java/com/karankumar/bookproject/shelf/service/UserCreatedShelfService.java
2025-09-23 13:44:59,690 - Knowledge - INFO - done ingest for /app/data/kaviademo4200/1656/b70881y/book-project-1656/backend/book-app/src/test/java/com/karankumar/bookproject/book/service/IncorrectPasswordException.java
2025-09-23 13:44:59,785 - Knowledge - INFO - process ingested knowledge for /app/data/kaviademo4200/1656/b70881y/book-project-1656/backend/book-app/src/test/java/com/karankumar/bookproject/book/service/IncorrectPasswordException.java
2025-09-23 13:44:59,883 - Knowledge - INFO - Found code-base-name: https://github.com/kavia-common/book-project-1656.git:kavia-main
2025-09-23 13:44:59,990 - Knowledge - INFO - Found code_base: <app.utils.kg_build.knowledge.KnowledgeCodeBase object at 0x7f19d0023dd0>
2025-09-23 13:45:00,111 - Knowledge - INFO - persist ingested knowledge for /app/data/kaviademo4200/1656/b70881y/book-project-1656/backend/book-app/src/test/java/com/karankumar/bookproject/book/service/IncorrectPasswordException.java
2025-09-23 13:45:00,690 - Knowledge - INFO - persist search terms embedding for backend/book-app/src/test/java/com/karankumar/bookproject/book/service/IncorrectPasswordException.java
2025-09-23 13:45:00,816 - Knowledge - INFO - worker kw24 pull /app/data/kaviademo4200/1656/b70881y/book-project-1656/backend/book-app/src/main/java/com/karankumar/bookproject/shelf/service/PredefinedShelfService.java from ingest queue
2025-09-23 13:45:00,911 - Knowledge - INFO - Thread kw24 - File PredefinedShelfService.java - Remaining files in queue: 120
2025-09-23 13:45:01,035 - Knowledge - INFO - start ingest for /app/data/kaviademo4200/1656/b70881y/book-project-1656/backend/book-app/src/main/java/com/karankumar/bookproject/shelf/service/PredefinedShelfService.java
2025-09-23 13:45:04,922 - Knowledge - INFO - done ingest for /app/data/kaviademo4200/1656/b70881y/book-project-1656/backend/book-app/src/test/java/com/karankumar/bookproject/book/repository/AuthorRepositoryTest.java
2025-09-23 13:45:05,005 - Knowledge - INFO - process ingested knowledge for /app/data/kaviademo4200/1656/b70881y/book-project-1656/backend/book-app/src/test/java/com/karankumar/bookproject/book/repository/AuthorRepositoryTest.java
2025-09-23 13:45:05,141 - Knowledge - INFO - Found code-base-name: https://github.com/kavia-common/book-project-1656.git:kavia-main
2025-09-23 13:45:05,224 - Knowledge - INFO - Found code_base: <app.utils.kg_build.knowledge.KnowledgeCodeBase object at 0x7f19d0023dd0>
2025-09-23 13:45:05,337 - Knowledge - INFO - persist ingested knowledge for /app/data/kaviademo4200/1656/b70881y/book-project-1656/backend/book-app/src/test/java/com/karankumar/bookproject/book/repository/AuthorRepositoryTest.java
2025-09-23 13:45:06,052 - Knowledge - INFO - persist search terms embedding for backend/book-app/src/test/java/com/karankumar/bookproject/book/repository/AuthorRepositoryTest.java
2025-09-23 13:45:06,166 - Knowledge - INFO - worker kw14 pull /app/data/kaviademo4200/1656/b70881y/book-project-1656/backend/book-app/src/test/java/com/karankumar/bookproject/book/service/AuthorServiceTest.java from ingest queue
2025-09-23 13:45:06,264 - Knowledge - INFO - Thread kw14 - File AuthorServiceTest.java - Remaining files in queue: 119
2025-09-23 13:45:06,381 - Knowledge - INFO - start ingest for /app/data/kaviademo4200/1656/b70881y/book-project-1656/backend/book-app/src/test/java/com/karankumar/bookproject/book/service/AuthorServiceTest.java
2025-09-23 13:45:07,405 - Knowledge - INFO - done ingest for /app/data/kaviademo4200/1656/b70881y/book-project-1656/backend/book-app/src/test/java/com/karankumar/bookproject/book/controller/ShelfControllerTest.java
2025-09-23 13:45:07,497 - Knowledge - INFO - process ingested knowledge for /app/data/kaviademo4200/1656/b70881y/book-project-1656/backend/book-app/src/test/java/com/karankumar/bookproject/book/controller/ShelfControllerTest.java
2025-09-23 13:45:07,584 - Knowledge - INFO - Found code-base-name: https://github.com/kavia-common/book-project-1656.git:kavia-main
2025-09-23 13:45:07,705 - Knowledge - INFO - Found code_base: <app.utils.kg_build.knowledge.KnowledgeCodeBase object at 0x7f19d0023dd0>
2025-09-23 13:45:07,851 - Knowledge - INFO - persist ingested knowledge for /app/data/kaviademo4200/1656/b70881y/book-project-1656/backend/book-app/src/test/java/com/karankumar/bookproject/book/controller/ShelfControllerTest.java
2025-09-23 13:45:08,503 - Knowledge - INFO - persist search terms embedding for backend/book-app/src/test/java/com/karankumar/bookproject/book/controller/ShelfControllerTest.java
2025-09-23 13:45:08,600 - Knowledge - INFO - worker kw2 pull /app/data/kaviademo4200/1656/b70881y/book-project-1656/backend/book-app/src/main/java/com/karankumar/bookproject/shelf/model/PredefinedShelf.java from ingest queue
2025-09-23 13:45:08,726 - Knowledge - INFO - Thread kw2 - File PredefinedShelf.java - Remaining files in queue: 118
2025-09-23 13:45:08,823 - Knowledge - INFO - start ingest for /app/data/kaviademo4200/1656/b70881y/book-project-1656/backend/book-app/src/main/java/com/karankumar/bookproject/shelf/model/PredefinedShelf.java
2025-09-23 13:45:09,441 - Knowledge - INFO - done ingest for /app/data/kaviademo4200/1656/b70881y/book-project-1656/backend/book-app/src/main/java/com/karankumar/bookproject/security/jwt/UsernamePasswordAuthRequest.java
2025-09-23 13:45:09,526 - Knowledge - INFO - process ingested knowledge for /app/data/kaviademo4200/1656/b70881y/book-project-1656/backend/book-app/src/main/java/com/karankumar/bookproject/security/jwt/UsernamePasswordAuthRequest.java
2025-09-23 13:45:09,613 - Knowledge - INFO - Found code-base-name: https://github.com/kavia-common/book-project-1656.git:kavia-main
2025-09-23 13:45:09,748 - Knowledge - INFO - Found code_base: <app.utils.kg_build.knowledge.KnowledgeCodeBase object at 0x7f19d0023dd0>
2025-09-23 13:45:09,832 - Knowledge - INFO - persist ingested knowledge for /app/data/kaviademo4200/1656/b70881y/book-project-1656/backend/book-app/src/main/java/com/karankumar/bookproject/security/jwt/UsernamePasswordAuthRequest.java
2025-09-23 13:45:10,421 - Knowledge - INFO - persist search terms embedding for backend/book-app/src/main/java/com/karankumar/bookproject/security/jwt/UsernamePasswordAuthRequest.java
2025-09-23 13:45:10,569 - Knowledge - INFO - worker kw22 pull /app/data/kaviademo4200/1656/b70881y/book-project-1656/backend/book-app/src/main/java/com/karankumar/bookproject/security/jwt/JwtConfig.java from ingest queue
2025-09-23 13:45:10,709 - Knowledge - INFO - Thread kw22 - File JwtConfig.java - Remaining files in queue: 117
2025-09-23 13:45:10,800 - Knowledge - INFO - start ingest for /app/data/kaviademo4200/1656/b70881y/book-project-1656/backend/book-app/src/main/java/com/karankumar/bookproject/security/jwt/JwtConfig.java
2025-09-23 13:45:10,820 - Knowledge - INFO - done ingest for /app/data/kaviademo4200/1656/b70881y/book-project-1656/backend/book-app/src/test/java/com/karankumar/bookproject/statistics/util/StatisticTestUtils.java
2025-09-23 13:45:11,058 - Knowledge - INFO - process ingested knowledge for /app/data/kaviademo4200/1656/b70881y/book-project-1656/backend/book-app/src/test/java/com/karankumar/bookproject/statistics/util/StatisticTestUtils.java
2025-09-23 13:45:11,148 - Knowledge - INFO - Found code-base-name: https://github.com/kavia-common/book-project-1656.git:kavia-main
2025-09-23 13:45:11,233 - Knowledge - INFO - Found code_base: <app.utils.kg_build.knowledge.KnowledgeCodeBase object at 0x7f19d0023dd0>
2025-09-23 13:45:11,319 - Knowledge - INFO - persist ingested knowledge for /app/data/kaviademo4200/1656/b70881y/book-project-1656/backend/book-app/src/test/java/com/karankumar/bookproject/statistics/util/StatisticTestUtils.java
2025-09-23 13:45:11,777 - Knowledge - INFO - done ingest for /app/data/kaviademo4200/1656/b70881y/book-project-1656/backend/book-app/src/test/java/com/karankumar/bookproject/book/dto/GoodreadsBookImportTest.java
2025-09-23 13:45:11,857 - Knowledge - INFO - done ingest for /app/data/kaviademo4200/1656/b70881y/book-project-1656/backend/book-app/src/test/java/com/karankumar/bookproject/book/controller/BookImportControllerTest.java
2025-09-23 13:45:11,880 - Knowledge - INFO - process ingested knowledge for /app/data/kaviademo4200/1656/b70881y/book-project-1656/backend/book-app/src/test/java/com/karankumar/bookproject/book/dto/GoodreadsBookImportTest.java
2025-09-23 13:45:11,992 - Knowledge - INFO - process ingested knowledge for /app/data/kaviademo4200/1656/b70881y/book-project-1656/backend/book-app/src/test/java/com/karankumar/bookproject/book/controller/BookImportControllerTest.java
2025-09-23 13:45:12,032 - Knowledge - INFO - persist search terms embedding for backend/book-app/src/test/java/com/karankumar/bookproject/statistics/util/StatisticTestUtils.java
2025-09-23 13:45:12,341 - Knowledge - INFO - Found code-base-name: https://github.com/kavia-common/book-project-1656.git:kavia-main
2025-09-23 13:45:12,343 - Knowledge - INFO - Found code-base-name: https://github.com/kavia-common/book-project-1656.git:kavia-main
2025-09-23 13:45:12,349 - Knowledge - INFO - worker kw8 pull /app/data/kaviademo4200/1656/b70881y/book-project-1656/backend/book-app/src/main/java/com/karankumar/bookproject/shelf/repository/PredefinedShelfRepository.java from ingest queue
2025-09-23 13:45:12,483 - Knowledge - INFO - Found code_base: <app.utils.kg_build.knowledge.KnowledgeCodeBase object at 0x7f19d0023dd0>
2025-09-23 13:45:12,498 - Knowledge - INFO - done ingest for /app/data/kaviademo4200/1656/b70881y/book-project-1656/backend/book-app/src/main/java/com/karankumar/bookproject/security/jwt/JwtSecretKey.java
2025-09-23 13:45:12,608 - Knowledge - INFO - Found code_base: <app.utils.kg_build.knowledge.KnowledgeCodeBase object at 0x7f19d0023dd0>
2025-09-23 13:45:12,713 - Knowledge - INFO - Thread kw8 - File PredefinedShelfRepository.java - Remaining files in queue: 116
2025-09-23 13:45:12,805 - Knowledge - INFO - persist ingested knowledge for /app/data/kaviademo4200/1656/b70881y/book-project-1656/backend/book-app/src/test/java/com/karankumar/bookproject/book/dto/GoodreadsBookImportTest.java
2025-09-23 13:45:12,937 - Knowledge - INFO - process ingested knowledge for /app/data/kaviademo4200/1656/b70881y/book-project-1656/backend/book-app/src/main/java/com/karankumar/bookproject/security/jwt/JwtSecretKey.java
2025-09-23 13:45:13,030 - Knowledge - INFO - persist ingested knowledge for /app/data/kaviademo4200/1656/b70881y/book-project-1656/backend/book-app/src/test/java/com/karankumar/bookproject/book/controller/BookImportControllerTest.java
2025-09-23 13:45:13,156 - Knowledge - INFO - start ingest for /app/data/kaviademo4200/1656/b70881y/book-project-1656/backend/book-app/src/main/java/com/karankumar/bookproject/shelf/repository/PredefinedShelfRepository.java
2025-09-23 13:45:13,791 - Knowledge - INFO - persist search terms embedding for backend/book-app/src/test/java/com/karankumar/bookproject/book/dto/GoodreadsBookImportTest.java
2025-09-23 13:45:13,886 - Knowledge - INFO - Found code-base-name: https://github.com/kavia-common/book-project-1656.git:kavia-main
2025-09-23 13:45:13,966 - Knowledge - INFO - Found code_base: <app.utils.kg_build.knowledge.KnowledgeCodeBase object at 0x7f19d0023dd0>
2025-09-23 13:45:14,070 - Knowledge - INFO - persist ingested knowledge for /app/data/kaviademo4200/1656/b70881y/book-project-1656/backend/book-app/src/main/java/com/karankumar/bookproject/security/jwt/JwtSecretKey.java
2025-09-23 13:45:14,863 - Knowledge - INFO - persist search terms embedding for backend/book-app/src/test/java/com/karankumar/bookproject/book/controller/BookImportControllerTest.java
2025-09-23 13:45:14,967 - Knowledge - INFO - worker kw9 pull /app/data/kaviademo4200/1656/b70881y/book-project-1656/backend/book-app/src/main/java/com/karankumar/bookproject/shelf/model/Shelf.java from ingest queue
2025-09-23 13:45:15,082 - Knowledge - INFO - Thread kw9 - File Shelf.java - Remaining files in queue: 115
2025-09-23 13:45:15,178 - Knowledge - INFO - start ingest for /app/data/kaviademo4200/1656/b70881y/book-project-1656/backend/book-app/src/main/java/com/karankumar/bookproject/shelf/model/Shelf.java
2025-09-23 13:45:15,561 - Knowledge - INFO - persist search terms embedding for backend/book-app/src/main/java/com/karankumar/bookproject/security/jwt/JwtSecretKey.java
2025-09-23 13:45:15,569 - Knowledge - INFO - done ingest for /app/data/kaviademo4200/1656/b70881y/book-project-1656/backend/book-app/src/test/java/com/karankumar/bookproject/bookexport/BookExportControllerTest.java
2025-09-23 13:45:15,689 - Knowledge - INFO - worker kw12 pull /app/data/kaviademo4200/1656/b70881y/book-project-1656/backend/book-app/src/main/java/com/karankumar/bookproject/shelf/controller/ShelfController.java from ingest queue
2025-09-23 13:45:15,690 - Knowledge - INFO - worker kw25 pull /app/data/kaviademo4200/1656/b70881y/book-project-1656/backend/book-app/src/main/java/com/karankumar/bookproject/bookimport/BookImportController.java from ingest queue
2025-09-23 13:45:15,785 - Knowledge - INFO - process ingested knowledge for /app/data/kaviademo4200/1656/b70881y/book-project-1656/backend/book-app/src/test/java/com/karankumar/bookproject/bookexport/BookExportControllerTest.java
2025-09-23 13:45:15,873 - Knowledge - INFO - Thread kw12 - File ShelfController.java - Remaining files in queue: 113
2025-09-23 13:45:15,965 - Knowledge - INFO - Thread kw25 - File BookImportController.java - Remaining files in queue: 113
2025-09-23 13:45:16,063 - Knowledge - INFO - Found code-base-name: https://github.com/kavia-common/book-project-1656.git:kavia-main
2025-09-23 13:45:16,161 - Knowledge - INFO - start ingest for /app/data/kaviademo4200/1656/b70881y/book-project-1656/backend/book-app/src/main/java/com/karankumar/bookproject/shelf/controller/ShelfController.java
2025-09-23 13:45:16,265 - Knowledge - INFO - start ingest for /app/data/kaviademo4200/1656/b70881y/book-project-1656/backend/book-app/src/main/java/com/karankumar/bookproject/bookimport/BookImportController.java
2025-09-23 13:45:16,395 - Knowledge - INFO - Found code_base: <app.utils.kg_build.knowledge.KnowledgeCodeBase object at 0x7f19d0023dd0>
2025-09-23 13:45:16,742 - Knowledge - INFO - persist ingested knowledge for /app/data/kaviademo4200/1656/b70881y/book-project-1656/backend/book-app/src/test/java/com/karankumar/bookproject/bookexport/BookExportControllerTest.java
2025-09-23 13:45:16,943 - Knowledge - INFO - done ingest for /app/data/kaviademo4200/1656/b70881y/book-project-1656/backend/book-app/src/main/java/com/karankumar/bookproject/security/jwt/exceptionhandler/ErrorResponse.java
2025-09-23 13:45:17,082 - Knowledge - INFO - process ingested knowledge for /app/data/kaviademo4200/1656/b70881y/book-project-1656/backend/book-app/src/main/java/com/karankumar/bookproject/security/jwt/exceptionhandler/ErrorResponse.java
2025-09-23 13:45:17,382 - Knowledge - INFO - persist search terms embedding for backend/book-app/src/test/java/com/karankumar/bookproject/bookexport/BookExportControllerTest.java
2025-09-23 13:45:17,479 - Knowledge - INFO - worker kw10 pull /app/data/kaviademo4200/1656/b70881y/book-project-1656/backend/book-app/src/main/java/com/karankumar/bookproject/bookimport/LibraryThingBookImportService.java from ingest queue
2025-09-23 13:45:17,482 - Knowledge - INFO - Found code-base-name: https://github.com/kavia-common/book-project-1656.git:kavia-main
2025-09-23 13:45:17,578 - Knowledge - INFO - Thread kw10 - File LibraryThingBookImportService.java - Remaining files in queue: 112
2025-09-23 13:45:17,680 - Knowledge - INFO - Found code_base: <app.utils.kg_build.knowledge.KnowledgeCodeBase object at 0x7f19d0023dd0>
2025-09-23 13:45:17,770 - Knowledge - INFO - start ingest for /app/data/kaviademo4200/1656/b70881y/book-project-1656/backend/book-app/src/main/java/com/karankumar/bookproject/bookimport/LibraryThingBookImportService.java
2025-09-23 13:45:17,874 - Knowledge - INFO - persist ingested knowledge for /app/data/kaviademo4200/1656/b70881y/book-project-1656/backend/book-app/src/main/java/com/karankumar/bookproject/security/jwt/exceptionhandler/ErrorResponse.java
2025-09-23 13:45:18,772 - Knowledge - INFO - persist search terms embedding for backend/book-app/src/main/java/com/karankumar/bookproject/security/jwt/exceptionhandler/ErrorResponse.java
2025-09-23 13:45:18,902 - Knowledge - INFO - worker kw18 pull /app/data/kaviademo4200/1656/b70881y/book-project-1656/backend/book-app/src/main/java/com/karankumar/bookproject/shelf/controller/PredefinedShelfController.java from ingest queue
2025-09-23 13:45:19,001 - Knowledge - INFO - Thread kw18 - File PredefinedShelfController.java - Remaining files in queue: 111
2025-09-23 13:45:19,089 - Knowledge - INFO - start ingest for /app/data/kaviademo4200/1656/b70881y/book-project-1656/backend/book-app/src/main/java/com/karankumar/bookproject/shelf/controller/PredefinedShelfController.java
2025-09-23 13:45:21,866 - Knowledge - INFO - done ingest for /app/data/kaviademo4200/1656/b70881y/book-project-1656/backend/book-app/src/test/java/com/karankumar/bookproject/goal/ReadingGoalCalculatorTest.java
2025-09-23 13:45:22,014 - Knowledge - INFO - process ingested knowledge for /app/data/kaviademo4200/1656/b70881y/book-project-1656/backend/book-app/src/test/java/com/karankumar/bookproject/goal/ReadingGoalCalculatorTest.java
2025-09-23 13:45:22,089 - Knowledge - INFO - done ingest for /app/data/kaviademo4200/1656/b70881y/book-project-1656/backend/book-app/src/main/java/com/karankumar/bookproject/shelf/ShelfNameExistsException.java
2025-09-23 13:45:22,102 - Knowledge - INFO - Found code-base-name: https://github.com/kavia-common/book-project-1656.git:kavia-main
2025-09-23 13:45:22,247 - Knowledge - INFO - process ingested knowledge for /app/data/kaviademo4200/1656/b70881y/book-project-1656/backend/book-app/src/main/java/com/karankumar/bookproject/shelf/ShelfNameExistsException.java
2025-09-23 13:45:22,354 - Knowledge - INFO - Found code_base: <app.utils.kg_build.knowledge.KnowledgeCodeBase object at 0x7f19d0023dd0>
2025-09-23 13:45:22,473 - Knowledge - INFO - Found code-base-name: https://github.com/kavia-common/book-project-1656.git:kavia-main
2025-09-23 13:45:22,623 - Knowledge - INFO - persist ingested knowledge for /app/data/kaviademo4200/1656/b70881y/book-project-1656/backend/book-app/src/test/java/com/karankumar/bookproject/goal/ReadingGoalCalculatorTest.java
2025-09-23 13:45:22,717 - Knowledge - INFO - Found code_base: <app.utils.kg_build.knowledge.KnowledgeCodeBase object at 0x7f19d0023dd0>
2025-09-23 13:45:22,937 - Knowledge - INFO - persist ingested knowledge for /app/data/kaviademo4200/1656/b70881y/book-project-1656/backend/book-app/src/main/java/com/karankumar/bookproject/shelf/ShelfNameExistsException.java
2025-09-23 13:45:23,319 - Knowledge - INFO - persist search terms embedding for backend/book-app/src/test/java/com/karankumar/bookproject/goal/ReadingGoalCalculatorTest.java
2025-09-23 13:45:23,849 - Knowledge - INFO - persist search terms embedding for backend/book-app/src/main/java/com/karankumar/bookproject/shelf/ShelfNameExistsException.java
2025-09-23 13:45:23,966 - Knowledge - INFO - worker kw26 pull /app/data/kaviademo4200/1656/b70881y/book-project-1656/backend/book-app/src/main/java/com/karankumar/bookproject/shelf/model/UserCreatedShelf.java from ingest queue
2025-09-23 13:45:23,974 - Knowledge - INFO - worker kw7 pull /app/data/kaviademo4200/1656/b70881y/book-project-1656/backend/book-app/src/main/java/com/karankumar/bookproject/bookimport/ImportService.java from ingest queue
2025-09-23 13:45:24,066 - Knowledge - INFO - Thread kw26 - File UserCreatedShelf.java - Remaining files in queue: 109
2025-09-23 13:45:24,235 - Knowledge - INFO - Thread kw7 - File ImportService.java - Remaining files in queue: 109
2025-09-23 13:45:24,373 - Knowledge - INFO - start ingest for /app/data/kaviademo4200/1656/b70881y/book-project-1656/backend/book-app/src/main/java/com/karankumar/bookproject/shelf/model/UserCreatedShelf.java
2025-09-23 13:45:24,505 - Knowledge - INFO - start ingest for /app/data/kaviademo4200/1656/b70881y/book-project-1656/backend/book-app/src/main/java/com/karankumar/bookproject/bookimport/ImportService.java
2025-09-23 13:45:24,588 - Knowledge - INFO - done ingest for /app/data/kaviademo4200/1656/b70881y/book-project-1656/backend/book-app/src/main/java/com/karankumar/bookproject/security/jwt/exceptionhandler/ApiExceptionHandler.java
2025-09-23 13:45:24,824 - Knowledge - INFO - process ingested knowledge for /app/data/kaviademo4200/1656/b70881y/book-project-1656/backend/book-app/src/main/java/com/karankumar/bookproject/security/jwt/exceptionhandler/ApiExceptionHandler.java
2025-09-23 13:45:24,912 - Knowledge - INFO - Found code-base-name: https://github.com/kavia-common/book-project-1656.git:kavia-main
2025-09-23 13:45:25,007 - Knowledge - INFO - Found code_base: <app.utils.kg_build.knowledge.KnowledgeCodeBase object at 0x7f19d0023dd0>
2025-09-23 13:45:25,114 - Knowledge - INFO - persist ingested knowledge for /app/data/kaviademo4200/1656/b70881y/book-project-1656/backend/book-app/src/main/java/com/karankumar/bookproject/security/jwt/exceptionhandler/ApiExceptionHandler.java
2025-09-23 13:45:25,858 - Knowledge - INFO - persist search terms embedding for backend/book-app/src/main/java/com/karankumar/bookproject/security/jwt/exceptionhandler/ApiExceptionHandler.java
2025-09-23 13:45:25,984 - Knowledge - INFO - worker kw27 pull /app/data/kaviademo4200/1656/b70881y/book-project-1656/backend/book-app/src/main/java/com/karankumar/bookproject/bookimport/GoodreadsBookImport.java from ingest queue
2025-09-23 13:45:26,093 - Knowledge - INFO - Thread kw27 - File GoodreadsBookImport.java - Remaining files in queue: 108
2025-09-23 13:45:26,192 - Knowledge - INFO - start ingest for /app/data/kaviademo4200/1656/b70881y/book-project-1656/backend/book-app/src/main/java/com/karankumar/bookproject/bookimport/GoodreadsBookImport.java
2025-09-23 13:45:26,618 - Knowledge - INFO - done ingest for /app/data/kaviademo4200/1656/b70881y/book-project-1656/backend/book-app/src/test/java/com/karankumar/bookproject/book/repository/BookRepositoryTest.java
2025-09-23 13:45:26,727 - Knowledge - INFO - process ingested knowledge for /app/data/kaviademo4200/1656/b70881y/book-project-1656/backend/book-app/src/test/java/com/karankumar/bookproject/book/repository/BookRepositoryTest.java
2025-09-23 13:45:26,819 - Knowledge - INFO - Found code-base-name: https://github.com/kavia-common/book-project-1656.git:kavia-main
2025-09-23 13:45:26,919 - Knowledge - INFO - Found code_base: <app.utils.kg_build.knowledge.KnowledgeCodeBase object at 0x7f19d0023dd0>
2025-09-23 13:45:27,007 - Knowledge - INFO - persist ingested knowledge for /app/data/kaviademo4200/1656/b70881y/book-project-1656/backend/book-app/src/test/java/com/karankumar/bookproject/book/repository/BookRepositoryTest.java
2025-09-23 13:45:27,606 - Knowledge - INFO - persist search terms embedding for backend/book-app/src/test/java/com/karankumar/bookproject/book/repository/BookRepositoryTest.java
2025-09-23 13:45:27,701 - Knowledge - INFO - worker kw21 pull /app/data/kaviademo4200/1656/b70881y/book-project-1656/backend/book-app/src/main/java/com/karankumar/bookproject/bookimport/ImportServiceDelegate.java from ingest queue
2025-09-23 13:45:27,874 - Knowledge - INFO - Thread kw21 - File ImportServiceDelegate.java - Remaining files in queue: 107
2025-09-23 13:45:27,959 - Knowledge - INFO - start ingest for /app/data/kaviademo4200/1656/b70881y/book-project-1656/backend/book-app/src/main/java/com/karankumar/bookproject/bookimport/ImportServiceDelegate.java
2025-09-23 13:45:32,241 - Knowledge - INFO - done ingest for /app/data/kaviademo4200/1656/b70881y/book-project-1656/backend/book-app/src/test/java/com/karankumar/bookproject/statistics/YearStatisticsTest.java
2025-09-23 13:45:32,337 - Knowledge - INFO - process ingested knowledge for /app/data/kaviademo4200/1656/b70881y/book-project-1656/backend/book-app/src/test/java/com/karankumar/bookproject/statistics/YearStatisticsTest.java
2025-09-23 13:45:32,474 - Knowledge - INFO - Found code-base-name: https://github.com/kavia-common/book-project-1656.git:kavia-main
2025-09-23 13:45:32,574 - Knowledge - INFO - Found code_base: <app.utils.kg_build.knowledge.KnowledgeCodeBase object at 0x7f19d0023dd0>
2025-09-23 13:45:32,697 - Knowledge - INFO - persist ingested knowledge for /app/data/kaviademo4200/1656/b70881y/book-project-1656/backend/book-app/src/test/java/com/karankumar/bookproject/statistics/YearStatisticsTest.java
2025-09-23 13:45:33,346 - Knowledge - INFO - persist search terms embedding for backend/book-app/src/test/java/com/karankumar/bookproject/statistics/YearStatisticsTest.java
2025-09-23 13:45:33,452 - Knowledge - INFO - worker kw5 pull /app/data/kaviademo4200/1656/b70881y/book-project-1656/backend/book-app/src/main/java/com/karankumar/bookproject/bookimport/librarything/LibraryThingBookImport.java from ingest queue
2025-09-23 13:45:33,551 - Knowledge - INFO - Thread kw5 - File LibraryThingBookImport.java - Remaining files in queue: 106
2025-09-23 13:45:33,660 - Knowledge - INFO - start ingest for /app/data/kaviademo4200/1656/b70881y/book-project-1656/backend/book-app/src/main/java/com/karankumar/bookproject/bookimport/librarything/LibraryThingBookImport.java
2025-09-23 13:45:35,889 - Knowledge - INFO - done ingest for /app/data/kaviademo4200/1656/b70881y/book-project-1656/backend/book-app/src/test/java/com/karankumar/bookproject/book/controller/ReadingGoalControllerTest.java
2025-09-23 13:45:35,975 - Knowledge - INFO - process ingested knowledge for /app/data/kaviademo4200/1656/b70881y/book-project-1656/backend/book-app/src/test/java/com/karankumar/bookproject/book/controller/ReadingGoalControllerTest.java
2025-09-23 13:45:36,099 - Knowledge - INFO - Found code-base-name: https://github.com/kavia-common/book-project-1656.git:kavia-main
2025-09-23 13:45:36,192 - Knowledge - INFO - Found code_base: <app.utils.kg_build.knowledge.KnowledgeCodeBase object at 0x7f19d0023dd0>
2025-09-23 13:45:36,296 - Knowledge - INFO - persist ingested knowledge for /app/data/kaviademo4200/1656/b70881y/book-project-1656/backend/book-app/src/test/java/com/karankumar/bookproject/book/controller/ReadingGoalControllerTest.java
2025-09-23 13:45:36,969 - Knowledge - INFO - persist search terms embedding for backend/book-app/src/test/java/com/karankumar/bookproject/book/controller/ReadingGoalControllerTest.java
2025-09-23 13:45:37,079 - Knowledge - INFO - worker kw28 pull /app/data/kaviademo4200/1656/b70881y/book-project-1656/backend/book-app/src/main/java/com/karankumar/bookproject/bookimport/librarything/LibraryThingBookDataImport.java from ingest queue
2025-09-23 13:45:37,205 - Knowledge - INFO - Thread kw28 - File LibraryThingBookDataImport.java - Remaining files in queue: 105
2025-09-23 13:45:37,299 - Knowledge - INFO - start ingest for /app/data/kaviademo4200/1656/b70881y/book-project-1656/backend/book-app/src/main/java/com/karankumar/bookproject/bookimport/librarything/LibraryThingBookDataImport.java
2025-09-23 13:45:41,470 - Knowledge - INFO - done ingest for /app/data/kaviademo4200/1656/b70881y/book-project-1656/backend/book-app/src/main/java/com/karankumar/bookproject/shelf/repository/UserCreatedShelfRepository.java
2025-09-23 13:45:41,569 - Knowledge - INFO - process ingested knowledge for /app/data/kaviademo4200/1656/b70881y/book-project-1656/backend/book-app/src/main/java/com/karankumar/bookproject/shelf/repository/UserCreatedShelfRepository.java
2025-09-23 13:45:41,692 - Knowledge - INFO - Found code-base-name: https://github.com/kavia-common/book-project-1656.git:kavia-main
2025-09-23 13:45:41,790 - Knowledge - INFO - Found code_base: <app.utils.kg_build.knowledge.KnowledgeCodeBase object at 0x7f19d0023dd0>
2025-09-23 13:45:41,881 - Knowledge - INFO - persist ingested knowledge for /app/data/kaviademo4200/1656/b70881y/book-project-1656/backend/book-app/src/main/java/com/karankumar/bookproject/shelf/repository/UserCreatedShelfRepository.java
2025-09-23 13:45:42,070 - Knowledge - INFO - done ingest for /app/data/kaviademo4200/1656/b70881y/book-project-1656/backend/book-app/src/test/java/com/karankumar/bookproject/book/repository/PredefinedShelfRepositoryTest.java
2025-09-23 13:45:42,180 - Knowledge - INFO - process ingested knowledge for /app/data/kaviademo4200/1656/b70881y/book-project-1656/backend/book-app/src/test/java/com/karankumar/bookproject/book/repository/PredefinedShelfRepositoryTest.java
2025-09-23 13:45:42,634 - Knowledge - INFO - persist search terms embedding for backend/book-app/src/main/java/com/karankumar/bookproject/shelf/repository/UserCreatedShelfRepository.java
2025-09-23 13:45:42,753 - Knowledge - INFO - Found code-base-name: https://github.com/kavia-common/book-project-1656.git:kavia-main
2025-09-23 13:45:42,754 - Knowledge - INFO - worker kw3 pull /app/data/kaviademo4200/1656/b70881y/book-project-1656/backend/book-app/src/main/java/com/karankumar/bookproject/BookProjectApplication.java from ingest queue
2025-09-23 13:45:42,867 - Knowledge - INFO - Found code_base: <app.utils.kg_build.knowledge.KnowledgeCodeBase object at 0x7f19d0023dd0>
2025-09-23 13:45:42,984 - Knowledge - INFO - Thread kw3 - File BookProjectApplication.java - Remaining files in queue: 104
2025-09-23 13:45:43,117 - Knowledge - INFO - persist ingested knowledge for /app/data/kaviademo4200/1656/b70881y/book-project-1656/backend/book-app/src/test/java/com/karankumar/bookproject/book/repository/PredefinedShelfRepositoryTest.java
2025-09-23 13:45:43,238 - Knowledge - INFO - start ingest for /app/data/kaviademo4200/1656/b70881y/book-project-1656/backend/book-app/src/main/java/com/karankumar/bookproject/BookProjectApplication.java
2025-09-23 13:45:44,005 - Knowledge - INFO - persist search terms embedding for backend/book-app/src/test/java/com/karankumar/bookproject/book/repository/PredefinedShelfRepositoryTest.java
2025-09-23 13:45:44,099 - Knowledge - INFO - worker kw29 pull /app/data/kaviademo4200/1656/b70881y/book-project-1656/backend/book-app/src/main/java/com/karankumar/bookproject/util/StringUtils.java from ingest queue
2025-09-23 13:45:44,229 - Knowledge - INFO - Thread kw29 - File StringUtils.java - Remaining files in queue: 103
2025-09-23 13:45:44,328 - Knowledge - INFO - start ingest for /app/data/kaviademo4200/1656/b70881y/book-project-1656/backend/book-app/src/main/java/com/karankumar/bookproject/util/StringUtils.java
2025-09-23 13:45:44,557 - Knowledge - INFO - done ingest for /app/data/kaviademo4200/1656/b70881y/book-project-1656/backend/book-app/src/test/java/com/karankumar/bookproject/book/service/PublisherServiceTest.java
2025-09-23 13:45:44,649 - Knowledge - INFO - process ingested knowledge for /app/data/kaviademo4200/1656/b70881y/book-project-1656/backend/book-app/src/test/java/com/karankumar/bookproject/book/service/PublisherServiceTest.java
2025-09-23 13:45:44,741 - Knowledge - INFO - Found code-base-name: https://github.com/kavia-common/book-project-1656.git:kavia-main
2025-09-23 13:45:44,851 - Knowledge - INFO - Found code_base: <app.utils.kg_build.knowledge.KnowledgeCodeBase object at 0x7f19d0023dd0>
2025-09-23 13:45:44,973 - Knowledge - INFO - persist ingested knowledge for /app/data/kaviademo4200/1656/b70881y/book-project-1656/backend/book-app/src/test/java/com/karankumar/bookproject/book/service/PublisherServiceTest.java
2025-09-23 13:45:45,634 - Knowledge - INFO - persist search terms embedding for backend/book-app/src/test/java/com/karankumar/bookproject/book/service/PublisherServiceTest.java
2025-09-23 13:45:45,724 - Knowledge - INFO - worker kw11 pull /app/data/kaviademo4200/1656/b70881y/book-project-1656/backend/book-app/src/main/java/com/karankumar/bookproject/util/TestData.java from ingest queue
2025-09-23 13:45:45,831 - Knowledge - INFO - Thread kw11 - File TestData.java - Remaining files in queue: 102
2025-09-23 13:45:45,935 - Knowledge - INFO - start ingest for /app/data/kaviademo4200/1656/b70881y/book-project-1656/backend/book-app/src/main/java/com/karankumar/bookproject/util/TestData.java
2025-09-23 13:45:51,375 - Knowledge - INFO - done ingest for /app/data/kaviademo4200/1656/b70881y/book-project-1656/backend/book-app/src/main/java/com/karankumar/bookproject/security/jwt/JwtUsernamePasswordAuthFilter.java
2025-09-23 13:45:51,463 - Knowledge - INFO - process ingested knowledge for /app/data/kaviademo4200/1656/b70881y/book-project-1656/backend/book-app/src/main/java/com/karankumar/bookproject/security/jwt/JwtUsernamePasswordAuthFilter.java
2025-09-23 13:45:51,581 - Knowledge - INFO - Found code-base-name: https://github.com/kavia-common/book-project-1656.git:kavia-main
2025-09-23 13:45:51,676 - Knowledge - INFO - Found code_base: <app.utils.kg_build.knowledge.KnowledgeCodeBase object at 0x7f19d0023dd0>
2025-09-23 13:45:51,782 - Knowledge - INFO - persist ingested knowledge for /app/data/kaviademo4200/1656/b70881y/book-project-1656/backend/book-app/src/main/java/com/karankumar/bookproject/security/jwt/JwtUsernamePasswordAuthFilter.java
2025-09-23 13:45:52,437 - Knowledge - INFO - persist search terms embedding for backend/book-app/src/main/java/com/karankumar/bookproject/security/jwt/JwtUsernamePasswordAuthFilter.java
2025-09-23 13:45:52,555 - Knowledge - INFO - worker kw15 pull /app/data/kaviademo4200/1656/b70881y/book-project-1656/backend/book-app/src/main/java/com/karankumar/bookproject/util/CsvUtils.java from ingest queue
2025-09-23 13:45:52,653 - Knowledge - INFO - Thread kw15 - File CsvUtils.java - Remaining files in queue: 101
2025-09-23 13:45:52,747 - Knowledge - INFO - start ingest for /app/data/kaviademo4200/1656/b70881y/book-project-1656/backend/book-app/src/main/java/com/karankumar/bookproject/util/CsvUtils.java
2025-09-23 13:45:53,028 - Knowledge - INFO - done ingest for /app/data/kaviademo4200/1656/b70881y/book-project-1656/backend/book-app/src/test/java/com/karankumar/bookproject/book/service/BookServiceTest.java
2025-09-23 13:45:53,144 - Knowledge - INFO - process ingested knowledge for /app/data/kaviademo4200/1656/b70881y/book-project-1656/backend/book-app/src/test/java/com/karankumar/bookproject/book/service/BookServiceTest.java
2025-09-23 13:45:53,240 - Knowledge - INFO - Found code-base-name: https://github.com/kavia-common/book-project-1656.git:kavia-main
2025-09-23 13:45:53,313 - Knowledge - INFO - Found code_base: <app.utils.kg_build.knowledge.KnowledgeCodeBase object at 0x7f19d0023dd0>
2025-09-23 13:45:53,432 - Knowledge - INFO - persist ingested knowledge for /app/data/kaviademo4200/1656/b70881y/book-project-1656/backend/book-app/src/test/java/com/karankumar/bookproject/book/service/BookServiceTest.java
2025-09-23 13:45:53,607 - Knowledge - INFO - done ingest for /app/data/kaviademo4200/1656/b70881y/book-project-1656/backend/book-app/src/main/java/com/karankumar/bookproject/shelf/model/Shelf.java
2025-09-23 13:45:53,697 - Knowledge - INFO - process ingested knowledge for /app/data/kaviademo4200/1656/b70881y/book-project-1656/backend/book-app/src/main/java/com/karankumar/bookproject/shelf/model/Shelf.java
2025-09-23 13:45:54,018 - Knowledge - INFO - persist search terms embedding for backend/book-app/src/test/java/com/karankumar/bookproject/book/service/BookServiceTest.java
2025-09-23 13:45:54,122 - Knowledge - INFO - Found code-base-name: https://github.com/kavia-common/book-project-1656.git:kavia-main
2025-09-23 13:45:54,122 - Knowledge - INFO - worker kw1 pull /app/data/kaviademo4200/1656/b70881y/book-project-1656/backend/book-app/src/main/java/com/karankumar/bookproject/bookimport/mapper/LibraryThingMapper.java from ingest queue
2025-09-23 13:45:54,208 - Knowledge - INFO - Found code_base: <app.utils.kg_build.knowledge.KnowledgeCodeBase object at 0x7f19d0023dd0>
2025-09-23 13:45:54,328 - Knowledge - INFO - Thread kw1 - File LibraryThingMapper.java - Remaining files in queue: 100
2025-09-23 13:45:54,435 - Knowledge - INFO - persist ingested knowledge for /app/data/kaviademo4200/1656/b70881y/book-project-1656/backend/book-app/src/main/java/com/karankumar/bookproject/shelf/model/Shelf.java
2025-09-23 13:45:54,556 - Knowledge - INFO - done ingest for /app/data/kaviademo4200/1656/b70881y/book-project-1656/backend/book-app/src/main/java/com/karankumar/bookproject/bookimport/LibraryThingBookImportService.java
2025-09-23 13:45:54,592 - Knowledge - INFO - start ingest for /app/data/kaviademo4200/1656/b70881y/book-project-1656/backend/book-app/src/main/java/com/karankumar/bookproject/bookimport/mapper/LibraryThingMapper.java
2025-09-23 13:45:54,838 - Knowledge - INFO - process ingested knowledge for /app/data/kaviademo4200/1656/b70881y/book-project-1656/backend/book-app/src/main/java/com/karankumar/bookproject/bookimport/LibraryThingBookImportService.java
2025-09-23 13:45:55,129 - Knowledge - INFO - done ingest for /app/data/kaviademo4200/1656/b70881y/book-project-1656/backend/book-app/src/test/java/com/karankumar/bookproject/book/service/ReadingGoalServiceTest.java
2025-09-23 13:45:55,259 - Knowledge - INFO - process ingested knowledge for /app/data/kaviademo4200/1656/b70881y/book-project-1656/backend/book-app/src/test/java/com/karankumar/bookproject/book/service/ReadingGoalServiceTest.java
2025-09-23 13:45:55,368 - Knowledge - INFO - done ingest for /app/data/kaviademo4200/1656/b70881y/book-project-1656/backend/book-app/src/test/java/com/karankumar/bookproject/book/service/TagServiceTest.java
2025-09-23 13:45:55,416 - Knowledge - INFO - persist search terms embedding for backend/book-app/src/main/java/com/karankumar/bookproject/shelf/model/Shelf.java
2025-09-23 13:45:55,509 - Knowledge - INFO - process ingested knowledge for /app/data/kaviademo4200/1656/b70881y/book-project-1656/backend/book-app/src/test/java/com/karankumar/bookproject/book/service/TagServiceTest.java
2025-09-23 13:45:55,603 - Knowledge - INFO - Found code-base-name: https://github.com/kavia-common/book-project-1656.git:kavia-main
2025-09-23 13:45:55,613 - Knowledge - INFO - Found code-base-name: https://github.com/kavia-common/book-project-1656.git:kavia-main
2025-09-23 13:45:55,614 - Knowledge - INFO - worker kw9 pull /app/data/kaviademo4200/1656/b70881y/book-project-1656/backend/book-app/src/main/java/com/karankumar/bookproject/account/repository/UserRepository.java from ingest queue
2025-09-23 13:45:55,692 - Knowledge - INFO - Found code-base-name: https://github.com/kavia-common/book-project-1656.git:kavia-main
2025-09-23 13:45:55,817 - Knowledge - INFO - Found code_base: <app.utils.kg_build.knowledge.KnowledgeCodeBase object at 0x7f19d0023dd0>
2025-09-23 13:45:55,911 - Knowledge - INFO - Found code_base: <app.utils.kg_build.knowledge.KnowledgeCodeBase object at 0x7f19d0023dd0>
2025-09-23 13:45:56,017 - Knowledge - INFO - Thread kw9 - File UserRepository.java - Remaining files in queue: 99
2025-09-23 13:45:56,104 - Knowledge - INFO - Found code_base: <app.utils.kg_build.knowledge.KnowledgeCodeBase object at 0x7f19d0023dd0>
2025-09-23 13:45:56,207 - Knowledge - INFO - persist ingested knowledge for /app/data/kaviademo4200/1656/b70881y/book-project-1656/backend/book-app/src/main/java/com/karankumar/bookproject/bookimport/LibraryThingBookImportService.java
2025-09-23 13:45:56,331 - Knowledge - INFO - persist ingested knowledge for /app/data/kaviademo4200/1656/b70881y/book-project-1656/backend/book-app/src/test/java/com/karankumar/bookproject/book/service/ReadingGoalServiceTest.java
2025-09-23 13:45:56,439 - Knowledge - INFO - start ingest for /app/data/kaviademo4200/1656/b70881y/book-project-1656/backend/book-app/src/main/java/com/karankumar/bookproject/account/repository/UserRepository.java
2025-09-23 13:45:56,530 - Knowledge - INFO - persist ingested knowledge for /app/data/kaviademo4200/1656/b70881y/book-project-1656/backend/book-app/src/test/java/com/karankumar/bookproject/book/service/TagServiceTest.java
2025-09-23 13:45:57,206 - Knowledge - INFO - persist search terms embedding for backend/book-app/src/main/java/com/karankumar/bookproject/bookimport/LibraryThingBookImportService.java
2025-09-23 13:45:57,439 - Knowledge - INFO - done ingest for /app/data/kaviademo4200/1656/b70881y/book-project-1656/backend/book-app/src/main/java/com/karankumar/bookproject/bookimport/BookImportController.java
2025-09-23 13:45:57,541 - Knowledge - INFO - process ingested knowledge for /app/data/kaviademo4200/1656/b70881y/book-project-1656/backend/book-app/src/main/java/com/karankumar/bookproject/bookimport/BookImportController.java
2025-09-23 13:45:57,845 - Knowledge - INFO - persist search terms embedding for backend/book-app/src/test/java/com/karankumar/bookproject/book/service/ReadingGoalServiceTest.java
2025-09-23 13:45:58,559 - Knowledge - INFO - persist search terms embedding for backend/book-app/src/test/java/com/karankumar/bookproject/book/service/TagServiceTest.java
2025-09-23 13:45:58,659 - Knowledge - INFO - worker kw10 pull /app/data/kaviademo4200/1656/b70881y/book-project-1656/backend/book-app/src/main/java/com/karankumar/bookproject/account/auth/service/DatabaseUserDetailsService.java from ingest queue
2025-09-23 13:45:58,663 - Knowledge - INFO - Found code-base-name: https://github.com/kavia-common/book-project-1656.git:kavia-main
2025-09-23 13:45:58,665 - Knowledge - INFO - worker kw19 pull /app/data/kaviademo4200/1656/b70881y/book-project-1656/backend/book-app/src/main/java/com/karankumar/bookproject/util/DateUtils.java from ingest queue
2025-09-23 13:45:58,668 - Knowledge - INFO - worker kw16 pull /app/data/kaviademo4200/1656/b70881y/book-project-1656/backend/book-app/src/main/java/com/karankumar/bookproject/account/repository/RoleRepository.java from ingest queue
2025-09-23 13:45:58,764 - Knowledge - INFO - Thread kw10 - File DatabaseUserDetailsService.java - Remaining files in queue: 96
2025-09-23 13:45:58,854 - Knowledge - INFO - Found code_base: <app.utils.kg_build.knowledge.KnowledgeCodeBase object at 0x7f19d0023dd0>
2025-09-23 13:45:58,956 - Knowledge - INFO - Thread kw19 - File DateUtils.java - Remaining files in queue: 96
2025-09-23 13:45:59,054 - Knowledge - INFO - Thread kw16 - File RoleRepository.java - Remaining files in queue: 96
2025-09-23 13:45:59,146 - Knowledge - INFO - start ingest for /app/data/kaviademo4200/1656/b70881y/book-project-1656/backend/book-app/src/main/java/com/karankumar/bookproject/account/auth/service/DatabaseUserDetailsService.java
2025-09-23 13:45:59,255 - Knowledge - INFO - persist ingested knowledge for /app/data/kaviademo4200/1656/b70881y/book-project-1656/backend/book-app/src/main/java/com/karankumar/bookproject/bookimport/BookImportController.java
2025-09-23 13:45:59,351 - Knowledge - INFO - start ingest for /app/data/kaviademo4200/1656/b70881y/book-project-1656/backend/book-app/src/main/java/com/karankumar/bookproject/util/DateUtils.java
2025-09-23 13:45:59,441 - Knowledge - INFO - start ingest for /app/data/kaviademo4200/1656/b70881y/book-project-1656/backend/book-app/src/main/java/com/karankumar/bookproject/account/repository/RoleRepository.java
2025-09-23 13:46:00,246 - Knowledge - INFO - done ingest for /app/data/kaviademo4200/1656/b70881y/book-project-1656/backend/book-app/src/main/java/com/karankumar/bookproject/security/jwt/JwtTokenVerifier.java
2025-09-23 13:46:00,284 - Knowledge - INFO - persist search terms embedding for backend/book-app/src/main/java/com/karankumar/bookproject/bookimport/BookImportController.java
2025-09-23 13:46:00,338 - Knowledge - INFO - process ingested knowledge for /app/data/kaviademo4200/1656/b70881y/book-project-1656/backend/book-app/src/main/java/com/karankumar/bookproject/security/jwt/JwtTokenVerifier.java
2025-09-23 13:46:00,437 - Knowledge - INFO - worker kw25 pull /app/data/kaviademo4200/1656/b70881y/book-project-1656/backend/book-app/src/main/java/com/karankumar/bookproject/account/auth/service/DatabaseUserDetailsPasswordService.java from ingest queue
2025-09-23 13:46:00,570 - Knowledge - INFO - Found code-base-name: https://github.com/kavia-common/book-project-1656.git:kavia-main
2025-09-23 13:46:00,690 - Knowledge - INFO - Thread kw25 - File DatabaseUserDetailsPasswordService.java - Remaining files in queue: 95
2025-09-23 13:46:00,803 - Knowledge - INFO - Found code_base: <app.utils.kg_build.knowledge.KnowledgeCodeBase object at 0x7f19d0023dd0>
2025-09-23 13:46:00,901 - Knowledge - INFO - done ingest for /app/data/kaviademo4200/1656/b70881y/book-project-1656/backend/book-app/src/main/java/com/karankumar/bookproject/shelf/model/PredefinedShelf.java
2025-09-23 13:46:00,930 - Knowledge - INFO - start ingest for /app/data/kaviademo4200/1656/b70881y/book-project-1656/backend/book-app/src/main/java/com/karankumar/bookproject/account/auth/service/DatabaseUserDetailsPasswordService.java
2025-09-23 13:46:01,033 - Knowledge - INFO - persist ingested knowledge for /app/data/kaviademo4200/1656/b70881y/book-project-1656/backend/book-app/src/main/java/com/karankumar/bookproject/security/jwt/JwtTokenVerifier.java
2025-09-23 13:46:01,155 - Knowledge - INFO - process ingested knowledge for /app/data/kaviademo4200/1656/b70881y/book-project-1656/backend/book-app/src/main/java/com/karankumar/bookproject/shelf/model/PredefinedShelf.java
2025-09-23 13:46:01,198 - Knowledge - INFO - done ingest for /app/data/kaviademo4200/1656/b70881y/book-project-1656/backend/book-app/src/main/java/com/karankumar/bookproject/security/jwt/JwtConfig.java
2025-09-23 13:46:01,574 - Knowledge - INFO - process ingested knowledge for /app/data/kaviademo4200/1656/b70881y/book-project-1656/backend/book-app/src/main/java/com/karankumar/bookproject/security/jwt/JwtConfig.java
2025-09-23 13:46:01,692 - Knowledge - INFO - done ingest for /app/data/kaviademo4200/1656/b70881y/book-project-1656/backend/book-app/src/main/java/com/karankumar/bookproject/shelf/controller/PredefinedShelfController.java
2025-09-23 13:46:01,850 - Knowledge - INFO - process ingested knowledge for /app/data/kaviademo4200/1656/b70881y/book-project-1656/backend/book-app/src/main/java/com/karankumar/bookproject/shelf/controller/PredefinedShelfController.java
2025-09-23 13:46:02,007 - Knowledge - INFO - persist search terms embedding for backend/book-app/src/main/java/com/karankumar/bookproject/security/jwt/JwtTokenVerifier.java
2025-09-23 13:46:02,113 - Knowledge - INFO - Found code-base-name: https://github.com/kavia-common/book-project-1656.git:kavia-main
2025-09-23 13:46:02,118 - Knowledge - INFO - Found code-base-name: https://github.com/kavia-common/book-project-1656.git:kavia-main
2025-09-23 13:46:02,314 - Knowledge - INFO - Found code_base: <app.utils.kg_build.knowledge.KnowledgeCodeBase object at 0x7f19d0023dd0>
2025-09-23 13:46:02,423 - Knowledge - INFO - persist ingested knowledge for /app/data/kaviademo4200/1656/b70881y/book-project-1656/backend/book-app/src/main/java/com/karankumar/bookproject/security/jwt/JwtConfig.java
2025-09-23 13:46:02,144 - Knowledge - INFO - worker kw6 pull /app/data/kaviademo4200/1656/b70881y/book-project-1656/backend/book-app/src/main/java/com/karankumar/bookproject/account/model/RoleType.java from ingest queue
2025-09-23 13:46:02,212 - Knowledge - INFO - Found code_base: <app.utils.kg_build.knowledge.KnowledgeCodeBase object at 0x7f19d0023dd0>
2025-09-23 13:46:02,125 - Knowledge - INFO - done ingest for /app/data/kaviademo4200/1656/b70881y/book-project-1656/backend/book-app/src/main/java/com/karankumar/bookproject/bookimport/ImportServiceDelegate.java
2025-09-23 13:46:02,134 - Knowledge - INFO - Found code-base-name: https://github.com/kavia-common/book-project-1656.git:kavia-main
2025-09-23 13:46:02,611 - Knowledge - INFO - Thread kw6 - File RoleType.java - Remaining files in queue: 94
2025-09-23 13:46:02,736 - Knowledge - INFO - persist ingested knowledge for /app/data/kaviademo4200/1656/b70881y/book-project-1656/backend/book-app/src/main/java/com/karankumar/bookproject/shelf/model/PredefinedShelf.java
2025-09-23 13:46:02,838 - Knowledge - INFO - process ingested knowledge for /app/data/kaviademo4200/1656/b70881y/book-project-1656/backend/book-app/src/main/java/com/karankumar/bookproject/bookimport/ImportServiceDelegate.java
2025-09-23 13:46:02,960 - Knowledge - INFO - done ingest for /app/data/kaviademo4200/1656/b70881y/book-project-1656/backend/book-app/src/main/java/com/karankumar/bookproject/shelf/repository/PredefinedShelfRepository.java
2025-09-23 13:46:02,961 - Knowledge - INFO - Found code_base: <app.utils.kg_build.knowledge.KnowledgeCodeBase object at 0x7f19d0023dd0>
2025-09-23 13:46:03,080 - Knowledge - INFO - start ingest for /app/data/kaviademo4200/1656/b70881y/book-project-1656/backend/book-app/src/main/java/com/karankumar/bookproject/account/model/RoleType.java
2025-09-23 13:46:03,127 - Knowledge - INFO - persist search terms embedding for backend/book-app/src/main/java/com/karankumar/bookproject/security/jwt/JwtConfig.java
2025-09-23 13:46:03,477 - Knowledge - INFO - process ingested knowledge for /app/data/kaviademo4200/1656/b70881y/book-project-1656/backend/book-app/src/main/java/com/karankumar/bookproject/shelf/repository/PredefinedShelfRepository.java
2025-09-23 13:46:03,564 - Knowledge - INFO - persist ingested knowledge for /app/data/kaviademo4200/1656/b70881y/book-project-1656/backend/book-app/src/main/java/com/karankumar/bookproject/shelf/controller/PredefinedShelfController.java
2025-09-23 13:46:04,377 - Knowledge - INFO - persist search terms embedding for backend/book-app/src/main/java/com/karankumar/bookproject/shelf/model/PredefinedShelf.java
2025-09-23 13:46:04,526 - Knowledge - INFO - Found code-base-name: https://github.com/kavia-common/book-project-1656.git:kavia-main
2025-09-23 13:46:04,533 - Knowledge - INFO - worker kw22 pull /app/data/kaviademo4200/1656/b70881y/book-project-1656/backend/book-app/src/main/java/com/karankumar/bookproject/account/controller/UserController.java from ingest queue
2025-09-23 13:46:04,536 - Knowledge - INFO - Found code-base-name: https://github.com/kavia-common/book-project-1656.git:kavia-main
2025-09-23 13:46:04,536 - Knowledge - INFO - worker kw2 pull /app/data/kaviademo4200/1656/b70881y/book-project-1656/backend/book-app/src/main/java/com/karankumar/bookproject/account/model/User.java from ingest queue
2025-09-23 13:46:04,631 - Knowledge - INFO - Found code_base: <app.utils.kg_build.knowledge.KnowledgeCodeBase object at 0x7f19d0023dd0>
2025-09-23 13:46:04,740 - Knowledge - INFO - Thread kw22 - File UserController.java - Remaining files in queue: 92
2025-09-23 13:46:04,794 - Knowledge - INFO - done ingest for /app/data/kaviademo4200/1656/b70881y/book-project-1656/backend/book-app/src/main/java/com/karankumar/bookproject/util/StringUtils.java
2025-09-23 13:46:04,832 - Knowledge - INFO - Found code_base: <app.utils.kg_build.knowledge.KnowledgeCodeBase object at 0x7f19d0023dd0>
2025-09-23 13:46:04,928 - Knowledge - INFO - Thread kw2 - File User.java - Remaining files in queue: 92
2025-09-23 13:46:05,021 - Knowledge - INFO - persist ingested knowledge for /app/data/kaviademo4200/1656/b70881y/book-project-1656/backend/book-app/src/main/java/com/karankumar/bookproject/bookimport/ImportServiceDelegate.java
2025-09-23 13:46:05,116 - Knowledge - INFO - start ingest for /app/data/kaviademo4200/1656/b70881y/book-project-1656/backend/book-app/src/main/java/com/karankumar/bookproject/account/controller/UserController.java
2025-09-23 13:46:05,249 - Knowledge - INFO - process ingested knowledge for /app/data/kaviademo4200/1656/b70881y/book-project-1656/backend/book-app/src/main/java/com/karankumar/bookproject/util/StringUtils.java
2025-09-23 13:46:05,320 - Knowledge - INFO - persist search terms embedding for backend/book-app/src/main/java/com/karankumar/bookproject/shelf/controller/PredefinedShelfController.java
2025-09-23 13:46:05,355 - Knowledge - INFO - persist ingested knowledge for /app/data/kaviademo4200/1656/b70881y/book-project-1656/backend/book-app/src/main/java/com/karankumar/bookproject/shelf/repository/PredefinedShelfRepository.java
2025-09-23 13:46:05,489 - Knowledge - INFO - start ingest for /app/data/kaviademo4200/1656/b70881y/book-project-1656/backend/book-app/src/main/java/com/karankumar/bookproject/account/model/User.java
2025-09-23 13:46:05,713 - Knowledge - INFO - done ingest for /app/data/kaviademo4200/1656/b70881y/book-project-1656/backend/book-app/src/main/java/com/karankumar/bookproject/bookimport/GoodreadsBookImport.java
2025-09-23 13:46:06,283 - Knowledge - INFO - process ingested knowledge for /app/data/kaviademo4200/1656/b70881y/book-project-1656/backend/book-app/src/main/java/com/karankumar/bookproject/bookimport/GoodreadsBookImport.java
2025-09-23 13:46:06,541 - Knowledge - INFO - persist search terms embedding for backend/book-app/src/main/java/com/karankumar/bookproject/bookimport/ImportServiceDelegate.java
2025-09-23 13:46:06,634 - Knowledge - INFO - Found code-base-name: https://github.com/kavia-common/book-project-1656.git:kavia-main
2025-09-23 13:46:06,642 - Knowledge - INFO - worker kw18 pull /app/data/kaviademo4200/1656/b70881y/book-project-1656/backend/book-app/src/main/java/com/karankumar/bookproject/account/service/UserService.java from ingest queue
2025-09-23 13:46:06,737 - Knowledge - INFO - Found code_base: <app.utils.kg_build.knowledge.KnowledgeCodeBase object at 0x7f19d0023dd0>
2025-09-23 13:46:06,848 - Knowledge - INFO - Thread kw18 - File UserService.java - Remaining files in queue: 91
2025-09-23 13:46:06,922 - Knowledge - INFO - done ingest for /app/data/kaviademo4200/1656/b70881y/book-project-1656/backend/book-app/src/main/java/com/karankumar/bookproject/bookimport/librarything/LibraryThingBookImport.java
2025-09-23 13:46:06,942 - Knowledge - INFO - persist ingested knowledge for /app/data/kaviademo4200/1656/b70881y/book-project-1656/backend/book-app/src/main/java/com/karankumar/bookproject/util/StringUtils.java
2025-09-23 13:46:06,977 - Knowledge - INFO - done ingest for /app/data/kaviademo4200/1656/b70881y/book-project-1656/backend/book-app/src/main/java/com/karankumar/bookproject/bookimport/librarything/LibraryThingBookDataImport.java
2025-09-23 13:46:07,045 - Knowledge - INFO - start ingest for /app/data/kaviademo4200/1656/b70881y/book-project-1656/backend/book-app/src/main/java/com/karankumar/bookproject/account/service/UserService.java
2025-09-23 13:46:07,133 - Knowledge - INFO - process ingested knowledge for /app/data/kaviademo4200/1656/b70881y/book-project-1656/backend/book-app/src/main/java/com/karankumar/bookproject/bookimport/librarything/LibraryThingBookImport.java
2025-09-23 13:46:07,312 - Knowledge - INFO - persist search terms embedding for backend/book-app/src/main/java/com/karankumar/bookproject/shelf/repository/PredefinedShelfRepository.java
2025-09-23 13:46:07,377 - Knowledge - INFO - process ingested knowledge for /app/data/kaviademo4200/1656/b70881y/book-project-1656/backend/book-app/src/main/java/com/karankumar/bookproject/bookimport/librarything/LibraryThingBookDataImport.java
2025-09-23 13:46:07,716 - Knowledge - INFO - worker kw21 pull /app/data/kaviademo4200/1656/b70881y/book-project-1656/backend/book-app/src/main/java/com/karankumar/bookproject/account/auth/UserDetailsMapper.java from ingest queue
2025-09-23 13:46:07,961 - Knowledge - INFO - Thread kw21 - File UserDetailsMapper.java - Remaining files in queue: 90
2025-09-23 13:46:08,072 - Knowledge - INFO - start ingest for /app/data/kaviademo4200/1656/b70881y/book-project-1656/backend/book-app/src/main/java/com/karankumar/bookproject/account/auth/UserDetailsMapper.java
2025-09-23 13:46:08,379 - Knowledge - INFO - persist search terms embedding for backend/book-app/src/main/java/com/karankumar/bookproject/util/StringUtils.java
2025-09-23 13:46:08,480 - Knowledge - INFO - Found code-base-name: https://github.com/kavia-common/book-project-1656.git:kavia-main
2025-09-23 13:46:08,481 - Knowledge - INFO - Found code-base-name: https://github.com/kavia-common/book-project-1656.git:kavia-main
2025-09-23 13:46:08,484 - Knowledge - INFO - worker kw8 pull /app/data/kaviademo4200/1656/b70881y/book-project-1656/backend/book-app/src/main/java/com/karankumar/bookproject/account/auth/listener/AuthenticationSuccessListener.java from ingest queue
2025-09-23 13:46:08,487 - Knowledge - INFO - Found code-base-name: https://github.com/kavia-common/book-project-1656.git:kavia-main
2025-09-23 13:46:08,991 - Knowledge - INFO - Found code_base: <app.utils.kg_build.knowledge.KnowledgeCodeBase object at 0x7f19d0023dd0>
2025-09-23 13:46:08,623 - Knowledge - INFO - Found code_base: <app.utils.kg_build.knowledge.KnowledgeCodeBase object at 0x7f19d0023dd0>
2025-09-23 13:46:08,736 - Knowledge - INFO - Found code_base: <app.utils.kg_build.knowledge.KnowledgeCodeBase object at 0x7f19d0023dd0>
2025-09-23 13:46:08,842 - Knowledge - INFO - Thread kw8 - File AuthenticationSuccessListener.java - Remaining files in queue: 88
2025-09-23 13:46:09,503 - Knowledge - INFO - start ingest for /app/data/kaviademo4200/1656/b70881y/book-project-1656/backend/book-app/src/main/java/com/karankumar/bookproject/account/auth/listener/AuthenticationSuccessListener.java
2025-09-23 13:46:09,101 - Knowledge - INFO - persist ingested knowledge for /app/data/kaviademo4200/1656/b70881y/book-project-1656/backend/book-app/src/main/java/com/karankumar/bookproject/bookimport/librarything/LibraryThingBookDataImport.java
2025-09-23 13:46:09,279 - Knowledge - INFO - done ingest for /app/data/kaviademo4200/1656/b70881y/book-project-1656/backend/book-app/src/test/java/com/karankumar/bookproject/book/service/AuthorServiceTest.java
2025-09-23 13:46:09,282 - Knowledge - INFO - persist ingested knowledge for /app/data/kaviademo4200/1656/b70881y/book-project-1656/backend/book-app/src/main/java/com/karankumar/bookproject/bookimport/librarything/LibraryThingBookImport.java
2025-09-23 13:46:09,400 - Knowledge - INFO - persist ingested knowledge for /app/data/kaviademo4200/1656/b70881y/book-project-1656/backend/book-app/src/main/java/com/karankumar/bookproject/bookimport/GoodreadsBookImport.java
2025-09-23 13:46:08,491 - Knowledge - INFO - worker kw29 pull /app/data/kaviademo4200/1656/b70881y/book-project-1656/backend/book-app/src/main/java/com/karankumar/bookproject/account/model/Role.java from ingest queue
2025-09-23 13:46:09,527 - Knowledge - INFO - done ingest for /app/data/kaviademo4200/1656/b70881y/book-project-1656/backend/book-app/src/main/java/com/karankumar/bookproject/security/SecurityConfiguration.java
2025-09-23 13:46:09,818 - Knowledge - INFO - process ingested knowledge for /app/data/kaviademo4200/1656/b70881y/book-project-1656/backend/book-app/src/test/java/com/karankumar/bookproject/book/service/AuthorServiceTest.java
2025-09-23 13:46:10,122 - Knowledge - INFO - Thread kw29 - File Role.java - Remaining files in queue: 88
2025-09-23 13:46:10,221 - Knowledge - INFO - process ingested knowledge for /app/data/kaviademo4200/1656/b70881y/book-project-1656/backend/book-app/src/main/java/com/karankumar/bookproject/security/SecurityConfiguration.java
2025-09-23 13:46:10,415 - Knowledge - INFO - persist search terms embedding for backend/book-app/src/main/java/com/karankumar/bookproject/bookimport/librarything/LibraryThingBookDataImport.java
2025-09-23 13:46:10,438 - Knowledge - INFO - start ingest for /app/data/kaviademo4200/1656/b70881y/book-project-1656/backend/book-app/src/main/java/com/karankumar/bookproject/account/model/Role.java
2025-09-23 13:46:10,946 - Knowledge - INFO - done ingest for /app/data/kaviademo4200/1656/b70881y/book-project-1656/backend/book-app/src/test/java/com/karankumar/bookproject/book/controller/BookControllerTest.java
2025-09-23 13:46:11,039 - Knowledge - INFO - process ingested knowledge for /app/data/kaviademo4200/1656/b70881y/book-project-1656/backend/book-app/src/test/java/com/karankumar/bookproject/book/controller/BookControllerTest.java
2025-09-23 13:46:11,310 - Knowledge - INFO - persist search terms embedding for backend/book-app/src/main/java/com/karankumar/bookproject/bookimport/librarything/LibraryThingBookImport.java
2025-09-23 13:46:11,935 - Knowledge - INFO - persist search terms embedding for backend/book-app/src/main/java/com/karankumar/bookproject/bookimport/GoodreadsBookImport.java
2025-09-23 13:46:12,059 - Knowledge - INFO - Found code-base-name: https://github.com/kavia-common/book-project-1656.git:kavia-main
2025-09-23 13:46:12,060 - Knowledge - INFO - Found code-base-name: https://github.com/kavia-common/book-project-1656.git:kavia-main
2025-09-23 13:46:12,063 - Knowledge - INFO - worker kw28 pull /app/data/kaviademo4200/1656/b70881y/book-project-1656/backend/book-app/src/main/java/com/karankumar/bookproject/account/auth/CustomAuthenticationProvider.java from ingest queue
2025-09-23 13:46:12,065 - Knowledge - INFO - worker kw5 pull /app/data/kaviademo4200/1656/b70881y/book-project-1656/backend/book-app/src/main/java/com/karankumar/bookproject/account/constraint/PasswordStrengthValidator.java from ingest queue
2025-09-23 13:46:12,069 - Knowledge - INFO - Found code-base-name: https://github.com/kavia-common/book-project-1656.git:kavia-main
2025-09-23 13:46:12,072 - Knowledge - INFO - worker kw27 pull /app/data/kaviademo4200/1656/b70881y/book-project-1656/backend/book-app/src/main/java/com/karankumar/bookproject/account/auth/listener/AuthenticationBadCredentialsListener.java from ingest queue
2025-09-23 13:46:12,168 - Knowledge - INFO - Found code_base: <app.utils.kg_build.knowledge.KnowledgeCodeBase object at 0x7f19d0023dd0>
2025-09-23 13:46:12,277 - Knowledge - INFO - Found code_base: <app.utils.kg_build.knowledge.KnowledgeCodeBase object at 0x7f19d0023dd0>
2025-09-23 13:46:12,376 - Knowledge - INFO - Thread kw28 - File CustomAuthenticationProvider.java - Remaining files in queue: 85
2025-09-23 13:46:12,382 - Knowledge - INFO - done ingest for /app/data/kaviademo4200/1656/b70881y/book-project-1656/backend/book-app/src/main/java/com/karankumar/bookproject/shelf/controller/ShelfController.java
2025-09-23 13:46:12,497 - Knowledge - INFO - Thread kw5 - File PasswordStrengthValidator.java - Remaining files in queue: 85
2025-09-23 13:46:12,637 - Knowledge - INFO - Found code_base: <app.utils.kg_build.knowledge.KnowledgeCodeBase object at 0x7f19d0023dd0>
2025-09-23 13:46:12,771 - Knowledge - INFO - Thread kw27 - File AuthenticationBadCredentialsListener.java - Remaining files in queue: 85
2025-09-23 13:46:12,877 - Knowledge - INFO - persist ingested knowledge for /app/data/kaviademo4200/1656/b70881y/book-project-1656/backend/book-app/src/test/java/com/karankumar/bookproject/book/service/AuthorServiceTest.java
2025-09-23 13:46:12,983 - Knowledge - INFO - persist ingested knowledge for /app/data/kaviademo4200/1656/b70881y/book-project-1656/backend/book-app/src/main/java/com/karankumar/bookproject/security/SecurityConfiguration.java
2025-09-23 13:46:13,089 - Knowledge - INFO - start ingest for /app/data/kaviademo4200/1656/b70881y/book-project-1656/backend/book-app/src/main/java/com/karankumar/bookproject/account/auth/CustomAuthenticationProvider.java
2025-09-23 13:46:13,202 - Knowledge - INFO - process ingested knowledge for /app/data/kaviademo4200/1656/b70881y/book-project-1656/backend/book-app/src/main/java/com/karankumar/bookproject/shelf/controller/ShelfController.java
2025-09-23 13:46:13,289 - Knowledge - INFO - start ingest for /app/data/kaviademo4200/1656/b70881y/book-project-1656/backend/book-app/src/main/java/com/karankumar/bookproject/account/constraint/PasswordStrengthValidator.java
2025-09-23 13:46:13,379 - Knowledge - INFO - persist ingested knowledge for /app/data/kaviademo4200/1656/b70881y/book-project-1656/backend/book-app/src/test/java/com/karankumar/bookproject/book/controller/BookControllerTest.java
2025-09-23 13:46:13,508 - Knowledge - INFO - start ingest for /app/data/kaviademo4200/1656/b70881y/book-project-1656/backend/book-app/src/main/java/com/karankumar/bookproject/account/auth/listener/AuthenticationBadCredentialsListener.java
2025-09-23 13:46:14,107 - Knowledge - INFO - persist search terms embedding for backend/book-app/src/test/java/com/karankumar/bookproject/book/service/AuthorServiceTest.java
2025-09-23 13:46:14,936 - Knowledge - INFO - persist search terms embedding for backend/book-app/src/main/java/com/karankumar/bookproject/security/SecurityConfiguration.java
2025-09-23 13:46:15,034 - Knowledge - INFO - Found code-base-name: https://github.com/kavia-common/book-project-1656.git:kavia-main
2025-09-23 13:46:15,147 - Knowledge - INFO - Found code_base: <app.utils.kg_build.knowledge.KnowledgeCodeBase object at 0x7f19d0023dd0>
2025-09-23 13:46:15,257 - Knowledge - INFO - persist ingested knowledge for /app/data/kaviademo4200/1656/b70881y/book-project-1656/backend/book-app/src/main/java/com/karankumar/bookproject/shelf/controller/ShelfController.java
2025-09-23 13:46:15,473 - Knowledge - INFO - done ingest for /app/data/kaviademo4200/1656/b70881y/book-project-1656/backend/book-app/src/main/java/com/karankumar/bookproject/BookProjectApplication.java
2025-09-23 13:46:15,596 - Knowledge - INFO - process ingested knowledge for /app/data/kaviademo4200/1656/b70881y/book-project-1656/backend/book-app/src/main/java/com/karankumar/bookproject/BookProjectApplication.java
2025-09-23 13:46:15,618 - Knowledge - INFO - persist search terms embedding for backend/book-app/src/test/java/com/karankumar/bookproject/book/controller/BookControllerTest.java
2025-09-23 13:46:15,845 - Knowledge - INFO - worker kw14 pull /app/data/kaviademo4200/1656/b70881y/book-project-1656/backend/book-app/src/main/java/com/karankumar/bookproject/account/dto/UserToDeleteDto.java from ingest queue
2025-09-23 13:46:15,852 - Knowledge - INFO - worker kw17 pull /app/data/kaviademo4200/1656/b70881y/book-project-1656/backend/book-app/src/main/java/com/karankumar/bookproject/bookexport/BookExportService.java from ingest queue
2025-09-23 13:46:15,853 - Knowledge - INFO - worker kw30 pull /app/data/kaviademo4200/1656/b70881y/book-project-1656/backend/book-app/src/main/java/com/karankumar/bookproject/account/dto/UserToRegisterDto.java from ingest queue
2025-09-23 13:46:15,857 - Knowledge - INFO - Found code-base-name: https://github.com/kavia-common/book-project-1656.git:kavia-main
2025-09-23 13:46:15,977 - Knowledge - INFO - Thread kw14 - File UserToDeleteDto.java - Remaining files in queue: 82
2025-09-23 13:46:16,091 - Knowledge - INFO - Thread kw17 - File BookExportService.java - Remaining files in queue: 82
2025-09-23 13:46:16,185 - Knowledge - INFO - Thread kw30 - File UserToRegisterDto.java - Remaining files in queue: 82
2025-09-23 13:46:16,279 - Knowledge - INFO - Found code_base: <app.utils.kg_build.knowledge.KnowledgeCodeBase object at 0x7f19d0023dd0>
2025-09-23 13:46:16,397 - Knowledge - INFO - start ingest for /app/data/kaviademo4200/1656/b70881y/book-project-1656/backend/book-app/src/main/java/com/karankumar/bookproject/account/dto/UserToDeleteDto.java
2025-09-23 13:46:16,441 - Knowledge - INFO - persist search terms embedding for backend/book-app/src/main/java/com/karankumar/bookproject/shelf/controller/ShelfController.java
2025-09-23 13:46:16,490 - Knowledge - INFO - start ingest for /app/data/kaviademo4200/1656/b70881y/book-project-1656/backend/book-app/src/main/java/com/karankumar/bookproject/bookexport/BookExportService.java
2025-09-23 13:46:16,574 - Knowledge - INFO - start ingest for /app/data/kaviademo4200/1656/b70881y/book-project-1656/backend/book-app/src/main/java/com/karankumar/bookproject/account/dto/UserToRegisterDto.java
2025-09-23 13:46:16,664 - Knowledge - INFO - persist ingested knowledge for /app/data/kaviademo4200/1656/b70881y/book-project-1656/backend/book-app/src/main/java/com/karankumar/bookproject/BookProjectApplication.java
2025-09-23 13:46:16,860 - Knowledge - INFO - worker kw12 pull /app/data/kaviademo4200/1656/b70881y/book-project-1656/backend/book-app/src/main/java/com/karankumar/bookproject/account/exception/PasswordTooWeakException.java from ingest queue
2025-09-23 13:46:17,298 - Knowledge - INFO - Thread kw12 - File PasswordTooWeakException.java - Remaining files in queue: 81
2025-09-23 13:46:17,428 - Knowledge - INFO - start ingest for /app/data/kaviademo4200/1656/b70881y/book-project-1656/backend/book-app/src/main/java/com/karankumar/bookproject/account/exception/PasswordTooWeakException.java
2025-09-23 13:46:17,797 - Knowledge - INFO - persist search terms embedding for backend/book-app/src/main/java/com/karankumar/bookproject/BookProjectApplication.java
2025-09-23 13:46:17,921 - Knowledge - INFO - worker kw3 pull /app/data/kaviademo4200/1656/b70881y/book-project-1656/backend/book-app/src/main/java/com/karankumar/bookproject/account/constraint/PasswordStrength.java from ingest queue
2025-09-23 13:46:18,007 - Knowledge - INFO - Thread kw3 - File PasswordStrength.java - Remaining files in queue: 80
2025-09-23 13:46:18,137 - Knowledge - INFO - start ingest for /app/data/kaviademo4200/1656/b70881y/book-project-1656/backend/book-app/src/main/java/com/karankumar/bookproject/account/constraint/PasswordStrength.java
2025-09-23 13:46:21,136 - Knowledge - INFO - done ingest for /app/data/kaviademo4200/1656/b70881y/book-project-1656/backend/book-app/src/main/java/com/karankumar/bookproject/account/repository/UserRepository.java
2025-09-23 13:46:21,235 - Knowledge - INFO - process ingested knowledge for /app/data/kaviademo4200/1656/b70881y/book-project-1656/backend/book-app/src/main/java/com/karankumar/bookproject/account/repository/UserRepository.java
2025-09-23 13:46:21,358 - Knowledge - INFO - Found code-base-name: https://github.com/kavia-common/book-project-1656.git:kavia-main
2025-09-23 13:46:21,462 - Knowledge - INFO - Found code_base: <app.utils.kg_build.knowledge.KnowledgeCodeBase object at 0x7f19d0023dd0>
2025-09-23 13:46:21,564 - Knowledge - INFO - persist ingested knowledge for /app/data/kaviademo4200/1656/b70881y/book-project-1656/backend/book-app/src/main/java/com/karankumar/bookproject/account/repository/UserRepository.java
2025-09-23 13:46:22,162 - Knowledge - INFO - persist search terms embedding for backend/book-app/src/main/java/com/karankumar/bookproject/account/repository/UserRepository.java
2025-09-23 13:46:22,250 - Knowledge - INFO - worker kw9 pull /app/data/kaviademo4200/1656/b70881y/book-project-1656/backend/book-app/src/main/java/com/karankumar/bookproject/account/constraint/PasswordStrengthCheck.java from ingest queue
2025-09-23 13:46:22,341 - Knowledge - INFO - Thread kw9 - File PasswordStrengthCheck.java - Remaining files in queue: 79
2025-09-23 13:46:22,443 - Knowledge - INFO - start ingest for /app/data/kaviademo4200/1656/b70881y/book-project-1656/backend/book-app/src/main/java/com/karankumar/bookproject/account/constraint/PasswordStrengthCheck.java
2025-09-23 13:46:24,872 - Knowledge - INFO - done ingest for /app/data/kaviademo4200/1656/b70881y/book-project-1656/backend/book-app/src/main/java/com/karankumar/bookproject/util/CsvUtils.java
2025-09-23 13:46:24,966 - Knowledge - INFO - process ingested knowledge for /app/data/kaviademo4200/1656/b70881y/book-project-1656/backend/book-app/src/main/java/com/karankumar/bookproject/util/CsvUtils.java
2025-09-23 13:46:25,103 - Knowledge - INFO - Found code-base-name: https://github.com/kavia-common/book-project-1656.git:kavia-main
2025-09-23 13:46:25,207 - Knowledge - INFO - Found code_base: <app.utils.kg_build.knowledge.KnowledgeCodeBase object at 0x7f19d0023dd0>
2025-09-23 13:46:25,290 - Knowledge - INFO - persist ingested knowledge for /app/data/kaviademo4200/1656/b70881y/book-project-1656/backend/book-app/src/main/java/com/karankumar/bookproject/util/CsvUtils.java
2025-09-23 13:46:25,844 - Knowledge - INFO - persist search terms embedding for backend/book-app/src/main/java/com/karankumar/bookproject/util/CsvUtils.java
2025-09-23 13:46:25,949 - Knowledge - INFO - worker kw15 pull /app/data/kaviademo4200/1656/b70881y/book-project-1656/backend/book-app/src/main/java/com/karankumar/bookproject/account/exception/CurrentUserNotFoundException.java from ingest queue
2025-09-23 13:46:26,054 - Knowledge - INFO - Thread kw15 - File CurrentUserNotFoundException.java - Remaining files in queue: 78
2025-09-23 13:46:26,157 - Knowledge - INFO - start ingest for /app/data/kaviademo4200/1656/b70881y/book-project-1656/backend/book-app/src/main/java/com/karankumar/bookproject/account/exception/CurrentUserNotFoundException.java
2025-09-23 13:46:28,307 - Knowledge - INFO - done ingest for /app/data/kaviademo4200/1656/b70881y/book-project-1656/backend/book-app/src/main/java/com/karankumar/bookproject/shelf/model/UserCreatedShelf.java
2025-09-23 13:46:28,438 - Knowledge - INFO - process ingested knowledge for /app/data/kaviademo4200/1656/b70881y/book-project-1656/backend/book-app/src/main/java/com/karankumar/bookproject/shelf/model/UserCreatedShelf.java
2025-09-23 13:46:28,568 - Knowledge - INFO - Found code-base-name: https://github.com/kavia-common/book-project-1656.git:kavia-main
2025-09-23 13:46:28,673 - Knowledge - INFO - Found code_base: <app.utils.kg_build.knowledge.KnowledgeCodeBase object at 0x7f19d0023dd0>
2025-09-23 13:46:28,681 - Knowledge - INFO - done ingest for /app/data/kaviademo4200/1656/b70881y/book-project-1656/backend/book-app/src/main/java/com/karankumar/bookproject/account/repository/RoleRepository.java
2025-09-23 13:46:28,745 - Knowledge - INFO - persist ingested knowledge for /app/data/kaviademo4200/1656/b70881y/book-project-1656/backend/book-app/src/main/java/com/karankumar/bookproject/shelf/model/UserCreatedShelf.java
2025-09-23 13:46:28,807 - Knowledge - INFO - done ingest for /app/data/kaviademo4200/1656/b70881y/book-project-1656/backend/book-app/src/main/java/com/karankumar/bookproject/account/model/RoleType.java
2025-09-23 13:46:28,874 - Knowledge - INFO - process ingested knowledge for /app/data/kaviademo4200/1656/b70881y/book-project-1656/backend/book-app/src/main/java/com/karankumar/bookproject/account/repository/RoleRepository.java
2025-09-23 13:46:29,077 - Knowledge - INFO - process ingested knowledge for /app/data/kaviademo4200/1656/b70881y/book-project-1656/backend/book-app/src/main/java/com/karankumar/bookproject/account/model/RoleType.java
2025-09-23 13:46:30,064 - Knowledge - INFO - persist search terms embedding for backend/book-app/src/main/java/com/karankumar/bookproject/shelf/model/UserCreatedShelf.java
2025-09-23 13:46:30,191 - Knowledge - INFO - Found code-base-name: https://github.com/kavia-common/book-project-1656.git:kavia-main
2025-09-23 13:46:30,199 - Knowledge - INFO - Found code-base-name: https://github.com/kavia-common/book-project-1656.git:kavia-main
2025-09-23 13:46:30,202 - Knowledge - INFO - worker kw26 pull /app/data/kaviademo4200/1656/b70881y/book-project-1656/backend/book-app/src/main/java/com/karankumar/bookproject/bookexport/BookExportController.java from ingest queue
2025-09-23 13:46:30,320 - Knowledge - INFO - Found code_base: <app.utils.kg_build.knowledge.KnowledgeCodeBase object at 0x7f19d0023dd0>
2025-09-23 13:46:30,430 - Knowledge - INFO - Found code_base: <app.utils.kg_build.knowledge.KnowledgeCodeBase object at 0x7f19d0023dd0>
2025-09-23 13:46:30,538 - Knowledge - INFO - Thread kw26 - File BookExportController.java - Remaining files in queue: 77
2025-09-23 13:46:30,635 - Knowledge - INFO - persist ingested knowledge for /app/data/kaviademo4200/1656/b70881y/book-project-1656/backend/book-app/src/main/java/com/karankumar/bookproject/account/repository/RoleRepository.java
2025-09-23 13:46:30,720 - Knowledge - INFO - persist ingested knowledge for /app/data/kaviademo4200/1656/b70881y/book-project-1656/backend/book-app/src/main/java/com/karankumar/bookproject/account/model/RoleType.java
2025-09-23 13:46:30,823 - Knowledge - INFO - start ingest for /app/data/kaviademo4200/1656/b70881y/book-project-1656/backend/book-app/src/main/java/com/karankumar/bookproject/bookexport/BookExportController.java
2025-09-23 13:46:31,444 - Knowledge - INFO - persist search terms embedding for backend/book-app/src/main/java/com/karankumar/bookproject/account/repository/RoleRepository.java
2025-09-23 13:46:32,142 - Knowledge - INFO - persist search terms embedding for backend/book-app/src/main/java/com/karankumar/bookproject/account/model/RoleType.java
2025-09-23 13:46:32,249 - Knowledge - INFO - worker kw16 pull /app/data/kaviademo4200/1656/b70881y/book-project-1656/backend/book-app/src/main/java/com/karankumar/bookproject/bookexport/ExportDto.java from ingest queue
2025-09-23 13:46:32,252 - Knowledge - INFO - worker kw6 pull /app/data/kaviademo4200/1656/b70881y/book-project-1656/backend/book-app/src/main/java/com/karankumar/bookproject/goal/ReadingGoalController.java from ingest queue
2025-09-23 13:46:32,331 - Knowledge - INFO - Thread kw16 - File ExportDto.java - Remaining files in queue: 75
2025-09-23 13:46:32,468 - Knowledge - INFO - Thread kw6 - File ReadingGoalController.java - Remaining files in queue: 75
2025-09-23 13:46:32,548 - Knowledge - INFO - start ingest for /app/data/kaviademo4200/1656/b70881y/book-project-1656/backend/book-app/src/main/java/com/karankumar/bookproject/bookexport/ExportDto.java
2025-09-23 13:46:32,643 - Knowledge - INFO - start ingest for /app/data/kaviademo4200/1656/b70881y/book-project-1656/backend/book-app/src/main/java/com/karankumar/bookproject/goal/ReadingGoalController.java
2025-09-23 13:46:32,675 - Knowledge - INFO - done ingest for /app/data/kaviademo4200/1656/b70881y/book-project-1656/backend/book-app/src/main/java/com/karankumar/bookproject/bookimport/mapper/LibraryThingMapper.java
2025-09-23 13:46:32,930 - Knowledge - INFO - process ingested knowledge for /app/data/kaviademo4200/1656/b70881y/book-project-1656/backend/book-app/src/main/java/com/karankumar/bookproject/bookimport/mapper/LibraryThingMapper.java
2025-09-23 13:46:33,069 - Knowledge - INFO - Found code-base-name: https://github.com/kavia-common/book-project-1656.git:kavia-main
2025-09-23 13:46:33,208 - Knowledge - INFO - Found code_base: <app.utils.kg_build.knowledge.KnowledgeCodeBase object at 0x7f19d0023dd0>
2025-09-23 13:46:33,341 - Knowledge - INFO - persist ingested knowledge for /app/data/kaviademo4200/1656/b70881y/book-project-1656/backend/book-app/src/main/java/com/karankumar/bookproject/bookimport/mapper/LibraryThingMapper.java
2025-09-23 13:46:33,551 - Knowledge - INFO - done ingest for /app/data/kaviademo4200/1656/b70881y/book-project-1656/backend/book-app/src/main/java/com/karankumar/bookproject/bookimport/ImportService.java
2025-09-23 13:46:33,680 - Knowledge - INFO - process ingested knowledge for /app/data/kaviademo4200/1656/b70881y/book-project-1656/backend/book-app/src/main/java/com/karankumar/bookproject/bookimport/ImportService.java
2025-09-23 13:46:34,013 - Knowledge - INFO - persist search terms embedding for backend/book-app/src/main/java/com/karankumar/bookproject/bookimport/mapper/LibraryThingMapper.java
2025-09-23 13:46:34,111 - Knowledge - INFO - Found code-base-name: https://github.com/kavia-common/book-project-1656.git:kavia-main
2025-09-23 13:46:34,111 - Knowledge - INFO - worker kw1 pull /app/data/kaviademo4200/1656/b70881y/book-project-1656/backend/book-app/src/main/java/com/karankumar/bookproject/statistics/RatingStatistics.java from ingest queue
2025-09-23 13:46:34,237 - Knowledge - INFO - Found code_base: <app.utils.kg_build.knowledge.KnowledgeCodeBase object at 0x7f19d0023dd0>
2025-09-23 13:46:34,360 - Knowledge - INFO - Thread kw1 - File RatingStatistics.java - Remaining files in queue: 74
2025-09-23 13:46:34,496 - Knowledge - INFO - persist ingested knowledge for /app/data/kaviademo4200/1656/b70881y/book-project-1656/backend/book-app/src/main/java/com/karankumar/bookproject/bookimport/ImportService.java
2025-09-23 13:46:34,597 - Knowledge - INFO - start ingest for /app/data/kaviademo4200/1656/b70881y/book-project-1656/backend/book-app/src/main/java/com/karankumar/bookproject/statistics/RatingStatistics.java
2025-09-23 13:46:35,207 - Knowledge - INFO - persist search terms embedding for backend/book-app/src/main/java/com/karankumar/bookproject/bookimport/ImportService.java
2025-09-23 13:46:35,326 - Knowledge - INFO - worker kw7 pull /app/data/kaviademo4200/1656/b70881y/book-project-1656/backend/book-app/src/main/java/com/karankumar/bookproject/statistics/PageStatistics.java from ingest queue
2025-09-23 13:46:35,429 - Knowledge - INFO - Thread kw7 - File PageStatistics.java - Remaining files in queue: 73
2025-09-23 13:46:35,551 - Knowledge - INFO - start ingest for /app/data/kaviademo4200/1656/b70881y/book-project-1656/backend/book-app/src/main/java/com/karankumar/bookproject/statistics/PageStatistics.java
2025-09-23 13:46:36,466 - Knowledge - INFO - done ingest for /app/data/kaviademo4200/1656/b70881y/book-project-1656/backend/book-app/src/main/java/com/karankumar/bookproject/account/auth/service/DatabaseUserDetailsPasswordService.java
2025-09-23 13:46:36,579 - Knowledge - INFO - process ingested knowledge for /app/data/kaviademo4200/1656/b70881y/book-project-1656/backend/book-app/src/main/java/com/karankumar/bookproject/account/auth/service/DatabaseUserDetailsPasswordService.java
2025-09-23 13:46:36,692 - Knowledge - INFO - Found code-base-name: https://github.com/kavia-common/book-project-1656.git:kavia-main
2025-09-23 13:46:36,785 - Knowledge - INFO - Found code_base: <app.utils.kg_build.knowledge.KnowledgeCodeBase object at 0x7f19d0023dd0>
2025-09-23 13:46:36,912 - Knowledge - INFO - persist ingested knowledge for /app/data/kaviademo4200/1656/b70881y/book-project-1656/backend/book-app/src/main/java/com/karankumar/bookproject/account/auth/service/DatabaseUserDetailsPasswordService.java
2025-09-23 13:46:37,281 - Knowledge - INFO - done ingest for /app/data/kaviademo4200/1656/b70881y/book-project-1656/backend/book-app/src/main/java/com/karankumar/bookproject/account/auth/service/DatabaseUserDetailsService.java
2025-09-23 13:46:37,406 - Knowledge - INFO - process ingested knowledge for /app/data/kaviademo4200/1656/b70881y/book-project-1656/backend/book-app/src/main/java/com/karankumar/bookproject/account/auth/service/DatabaseUserDetailsService.java
2025-09-23 13:46:37,567 - Knowledge - INFO - persist search terms embedding for backend/book-app/src/main/java/com/karankumar/bookproject/account/auth/service/DatabaseUserDetailsPasswordService.java
2025-09-23 13:46:37,654 - Knowledge - INFO - Found code-base-name: https://github.com/kavia-common/book-project-1656.git:kavia-main
2025-09-23 13:46:37,656 - Knowledge - INFO - worker kw25 pull /app/data/kaviademo4200/1656/b70881y/book-project-1656/backend/book-app/src/main/java/com/karankumar/bookproject/goal/ReadingGoalService.java from ingest queue
2025-09-23 13:46:37,776 - Knowledge - INFO - Found code_base: <app.utils.kg_build.knowledge.KnowledgeCodeBase object at 0x7f19d0023dd0>
2025-09-23 13:46:37,879 - Knowledge - INFO - Thread kw25 - File ReadingGoalService.java - Remaining files in queue: 72
2025-09-23 13:46:38,005 - Knowledge - INFO - persist ingested knowledge for /app/data/kaviademo4200/1656/b70881y/book-project-1656/backend/book-app/src/main/java/com/karankumar/bookproject/account/auth/service/DatabaseUserDetailsService.java
2025-09-23 13:46:38,130 - Knowledge - INFO - start ingest for /app/data/kaviademo4200/1656/b70881y/book-project-1656/backend/book-app/src/main/java/com/karankumar/bookproject/goal/ReadingGoalService.java
2025-09-23 13:46:38,701 - Knowledge - INFO - done ingest for /app/data/kaviademo4200/1656/b70881y/book-project-1656/backend/book-app/src/main/java/com/karankumar/bookproject/account/model/User.java
2025-09-23 13:46:38,827 - Knowledge - INFO - process ingested knowledge for /app/data/kaviademo4200/1656/b70881y/book-project-1656/backend/book-app/src/main/java/com/karankumar/bookproject/account/model/User.java
2025-09-23 13:46:39,058 - Knowledge - INFO - persist search terms embedding for backend/book-app/src/main/java/com/karankumar/bookproject/account/auth/service/DatabaseUserDetailsService.java
2025-09-23 13:46:39,186 - Knowledge - INFO - Found code-base-name: https://github.com/kavia-common/book-project-1656.git:kavia-main
2025-09-23 13:46:39,187 - Knowledge - INFO - worker kw10 pull /app/data/kaviademo4200/1656/b70881y/book-project-1656/backend/book-app/src/main/java/com/karankumar/bookproject/goal/ReadingGoal.java from ingest queue
2025-09-23 13:46:39,294 - Knowledge - INFO - Found code_base: <app.utils.kg_build.knowledge.KnowledgeCodeBase object at 0x7f19d0023dd0>
2025-09-23 13:46:39,417 - Knowledge - INFO - Thread kw10 - File ReadingGoal.java - Remaining files in queue: 71
2025-09-23 13:46:39,519 - Knowledge - INFO - persist ingested knowledge for /app/data/kaviademo4200/1656/b70881y/book-project-1656/backend/book-app/src/main/java/com/karankumar/bookproject/account/model/User.java
2025-09-23 13:46:39,641 - Knowledge - INFO - start ingest for /app/data/kaviademo4200/1656/b70881y/book-project-1656/backend/book-app/src/main/java/com/karankumar/bookproject/goal/ReadingGoal.java
2025-09-23 13:46:40,123 - Knowledge - INFO - done ingest for /app/data/kaviademo4200/1656/b70881y/book-project-1656/backend/book-app/src/main/java/com/karankumar/bookproject/account/auth/UserDetailsMapper.java
2025-09-23 13:46:40,219 - Knowledge - INFO - process ingested knowledge for /app/data/kaviademo4200/1656/b70881y/book-project-1656/backend/book-app/src/main/java/com/karankumar/bookproject/account/auth/UserDetailsMapper.java
2025-09-23 13:46:40,372 - Knowledge - INFO - done ingest for /app/data/kaviademo4200/1656/b70881y/book-project-1656/backend/book-app/src/test/java/com/karankumar/bookproject/book/service/PredefinedShelfServiceTest.java
2025-09-23 13:46:40,457 - Knowledge - INFO - persist search terms embedding for backend/book-app/src/main/java/com/karankumar/bookproject/account/model/User.java
2025-09-23 13:46:40,473 - Knowledge - INFO - process ingested knowledge for /app/data/kaviademo4200/1656/b70881y/book-project-1656/backend/book-app/src/test/java/com/karankumar/bookproject/book/service/PredefinedShelfServiceTest.java
2025-09-23 13:46:40,575 - Knowledge - INFO - Found code-base-name: https://github.com/kavia-common/book-project-1656.git:kavia-main
2025-09-23 13:46:40,581 - Knowledge - INFO - worker kw2 pull /app/data/kaviademo4200/1656/b70881y/book-project-1656/backend/book-app/src/main/java/com/karankumar/bookproject/account/exception/IncorrectPasswordException.java from ingest queue
2025-09-23 13:46:40,716 - Knowledge - INFO - Found code-base-name: https://github.com/kavia-common/book-project-1656.git:kavia-main
2025-09-23 13:46:40,843 - Knowledge - INFO - Found code_base: <app.utils.kg_build.knowledge.KnowledgeCodeBase object at 0x7f19d0023dd0>
2025-09-23 13:46:41,000 - Knowledge - INFO - Thread kw2 - File IncorrectPasswordException.java - Remaining files in queue: 70
2025-09-23 13:46:41,115 - Knowledge - INFO - Found code_base: <app.utils.kg_build.knowledge.KnowledgeCodeBase object at 0x7f19d0023dd0>
2025-09-23 13:46:41,260 - Knowledge - INFO - done ingest for /app/data/kaviademo4200/1656/b70881y/book-project-1656/backend/book-app/src/test/java/com/karankumar/bookproject/book/service/UserServiceTest.java
2025-09-23 13:46:41,266 - Knowledge - INFO - persist ingested knowledge for /app/data/kaviademo4200/1656/b70881y/book-project-1656/backend/book-app/src/main/java/com/karankumar/bookproject/account/auth/UserDetailsMapper.java
2025-09-23 13:46:41,337 - Knowledge - INFO - done ingest for /app/data/kaviademo4200/1656/b70881y/book-project-1656/backend/book-app/src/test/java/com/karankumar/bookproject/book/service/UserCreatedShelfServiceTest.java
2025-09-23 13:46:41,360 - Knowledge - INFO - start ingest for /app/data/kaviademo4200/1656/b70881y/book-project-1656/backend/book-app/src/main/java/com/karankumar/bookproject/account/exception/IncorrectPasswordException.java
2025-09-23 13:46:41,479 - Knowledge - INFO - persist ingested knowledge for /app/data/kaviademo4200/1656/b70881y/book-project-1656/backend/book-app/src/test/java/com/karankumar/bookproject/book/service/PredefinedShelfServiceTest.java
2025-09-23 13:46:41,566 - Knowledge - INFO - process ingested knowledge for /app/data/kaviademo4200/1656/b70881y/book-project-1656/backend/book-app/src/test/java/com/karankumar/bookproject/book/service/UserServiceTest.java
2025-09-23 13:46:41,769 - Knowledge - INFO - process ingested knowledge for /app/data/kaviademo4200/1656/b70881y/book-project-1656/backend/book-app/src/test/java/com/karankumar/bookproject/book/service/UserCreatedShelfServiceTest.java
2025-09-23 13:46:42,255 - Knowledge - INFO - persist search terms embedding for backend/book-app/src/main/java/com/karankumar/bookproject/account/auth/UserDetailsMapper.java
2025-09-23 13:46:42,979 - Knowledge - INFO - persist search terms embedding for backend/book-app/src/test/java/com/karankumar/bookproject/book/service/PredefinedShelfServiceTest.java
2025-09-23 13:46:43,078 - Knowledge - INFO - Found code-base-name: https://github.com/kavia-common/book-project-1656.git:kavia-main
2025-09-23 13:46:43,084 - Knowledge - INFO - Found code-base-name: https://github.com/kavia-common/book-project-1656.git:kavia-main
2025-09-23 13:46:43,091 - Knowledge - INFO - worker kw21 pull /app/data/kaviademo4200/1656/b70881y/book-project-1656/backend/book-app/src/main/java/com/karankumar/bookproject/goal/ReadingGoalCalculator.java from ingest queue
2025-09-23 13:46:43,094 - Knowledge - INFO - worker kw23 pull /app/data/kaviademo4200/1656/b70881y/book-project-1656/backend/book-app/src/main/java/com/karankumar/bookproject/statistics/YearStatistics.java from ingest queue
2025-09-23 13:46:43,175 - Knowledge - INFO - Found code_base: <app.utils.kg_build.knowledge.KnowledgeCodeBase object at 0x7f19d0023dd0>
2025-09-23 13:46:43,300 - Knowledge - INFO - Found code_base: <app.utils.kg_build.knowledge.KnowledgeCodeBase object at 0x7f19d0023dd0>
2025-09-23 13:46:43,398 - Knowledge - INFO - Thread kw21 - File ReadingGoalCalculator.java - Remaining files in queue: 68
2025-09-23 13:46:43,510 - Knowledge - INFO - Thread kw23 - File YearStatistics.java - Remaining files in queue: 68
2025-09-23 13:46:43,634 - Knowledge - INFO - persist ingested knowledge for /app/data/kaviademo4200/1656/b70881y/book-project-1656/backend/book-app/src/test/java/com/karankumar/bookproject/book/service/UserServiceTest.java
2025-09-23 13:46:43,740 - Knowledge - INFO - persist ingested knowledge for /app/data/kaviademo4200/1656/b70881y/book-project-1656/backend/book-app/src/test/java/com/karankumar/bookproject/book/service/UserCreatedShelfServiceTest.java
2025-09-23 13:46:43,865 - Knowledge - INFO - start ingest for /app/data/kaviademo4200/1656/b70881y/book-project-1656/backend/book-app/src/main/java/com/karankumar/bookproject/goal/ReadingGoalCalculator.java
2025-09-23 13:46:43,980 - Knowledge - INFO - start ingest for /app/data/kaviademo4200/1656/b70881y/book-project-1656/backend/book-app/src/main/java/com/karankumar/bookproject/statistics/YearStatistics.java
2025-09-23 13:46:44,046 - Knowledge - INFO - done ingest for /app/data/kaviademo4200/1656/b70881y/book-project-1656/backend/book-app/src/main/java/com/karankumar/bookproject/account/model/Role.java
2025-09-23 13:46:44,533 - Knowledge - INFO - process ingested knowledge for /app/data/kaviademo4200/1656/b70881y/book-project-1656/backend/book-app/src/main/java/com/karankumar/bookproject/account/model/Role.java
2025-09-23 13:46:44,558 - Knowledge - INFO - persist search terms embedding for backend/book-app/src/test/java/com/karankumar/bookproject/book/service/UserServiceTest.java
2025-09-23 13:46:45,004 - Knowledge - INFO - done ingest for /app/data/kaviademo4200/1656/b70881y/book-project-1656/backend/book-app/src/main/java/com/karankumar/bookproject/util/DateUtils.java
2025-09-23 13:46:45,116 - Knowledge - INFO - process ingested knowledge for /app/data/kaviademo4200/1656/b70881y/book-project-1656/backend/book-app/src/main/java/com/karankumar/bookproject/util/DateUtils.java
2025-09-23 13:46:45,315 - Knowledge - INFO - persist search terms embedding for backend/book-app/src/test/java/com/karankumar/bookproject/book/service/UserCreatedShelfServiceTest.java
2025-09-23 13:46:45,435 - Knowledge - INFO - Found code-base-name: https://github.com/kavia-common/book-project-1656.git:kavia-main
2025-09-23 13:46:45,438 - Knowledge - INFO - worker kw13 pull /app/data/kaviademo4200/1656/b70881y/book-project-1656/backend/book-app/src/main/java/com/karankumar/bookproject/goal/ReadingGoalRepository.java from ingest queue
2025-09-23 13:46:45,443 - Knowledge - INFO - Found code-base-name: https://github.com/kavia-common/book-project-1656.git:kavia-main
2025-09-23 13:46:45,447 - Knowledge - INFO - worker kw20 pull /app/data/kaviademo4200/1656/b70881y/book-project-1656/backend/book-app/src/main/java/com/karankumar/bookproject/book/repository/PublisherRepository.java from ingest queue
2025-09-23 13:46:45,541 - Knowledge - INFO - Found code_base: <app.utils.kg_build.knowledge.KnowledgeCodeBase object at 0x7f19d0023dd0>
2025-09-23 13:46:45,610 - Knowledge - INFO - done ingest for /app/data/kaviademo4200/1656/b70881y/book-project-1656/backend/book-app/src/main/java/com/karankumar/bookproject/account/exception/PasswordTooWeakException.java
2025-09-23 13:46:45,634 - Knowledge - INFO - Thread kw13 - File ReadingGoalRepository.java - Remaining files in queue: 66
2025-09-23 13:46:45,773 - Knowledge - INFO - Found code_base: <app.utils.kg_build.knowledge.KnowledgeCodeBase object at 0x7f19d0023dd0>
2025-09-23 13:46:45,892 - Knowledge - INFO - Thread kw20 - File PublisherRepository.java - Remaining files in queue: 66
2025-09-23 13:46:45,976 - Knowledge - INFO - persist ingested knowledge for /app/data/kaviademo4200/1656/b70881y/book-project-1656/backend/book-app/src/main/java/com/karankumar/bookproject/account/model/Role.java
2025-09-23 13:46:46,065 - Knowledge - INFO - process ingested knowledge for /app/data/kaviademo4200/1656/b70881y/book-project-1656/backend/book-app/src/main/java/com/karankumar/bookproject/account/exception/PasswordTooWeakException.java
2025-09-23 13:46:46,190 - Knowledge - INFO - start ingest for /app/data/kaviademo4200/1656/b70881y/book-project-1656/backend/book-app/src/main/java/com/karankumar/bookproject/goal/ReadingGoalRepository.java
2025-09-23 13:46:46,338 - Knowledge - INFO - persist ingested knowledge for /app/data/kaviademo4200/1656/b70881y/book-project-1656/backend/book-app/src/main/java/com/karankumar/bookproject/util/DateUtils.java
2025-09-23 13:46:46,406 - Knowledge - INFO - done ingest for /app/data/kaviademo4200/1656/b70881y/book-project-1656/backend/book-app/src/main/java/com/karankumar/bookproject/account/constraint/PasswordStrengthValidator.java
2025-09-23 13:46:46,457 - Knowledge - INFO - start ingest for /app/data/kaviademo4200/1656/b70881y/book-project-1656/backend/book-app/src/main/java/com/karankumar/bookproject/book/repository/PublisherRepository.java
2025-09-23 13:46:47,011 - Knowledge - INFO - process ingested knowledge for /app/data/kaviademo4200/1656/b70881y/book-project-1656/backend/book-app/src/main/java/com/karankumar/bookproject/account/constraint/PasswordStrengthValidator.java
2025-09-23 13:46:47,117 - Knowledge - INFO - persist search terms embedding for backend/book-app/src/main/java/com/karankumar/bookproject/account/model/Role.java
2025-09-23 13:46:47,216 - Knowledge - INFO - done ingest for /app/data/kaviademo4200/1656/b70881y/book-project-1656/backend/book-app/src/main/java/com/karankumar/bookproject/account/auth/listener/AuthenticationSuccessListener.java
2025-09-23 13:46:47,392 - Knowledge - INFO - Found code-base-name: https://github.com/kavia-common/book-project-1656.git:kavia-main
2025-09-23 13:46:47,477 - Knowledge - INFO - process ingested knowledge for /app/data/kaviademo4200/1656/b70881y/book-project-1656/backend/book-app/src/main/java/com/karankumar/bookproject/account/auth/listener/AuthenticationSuccessListener.java
2025-09-23 13:46:47,575 - Knowledge - INFO - Found code_base: <app.utils.kg_build.knowledge.KnowledgeCodeBase object at 0x7f19d0023dd0>
2025-09-23 13:46:47,791 - Knowledge - INFO - persist ingested knowledge for /app/data/kaviademo4200/1656/b70881y/book-project-1656/backend/book-app/src/main/java/com/karankumar/bookproject/account/exception/PasswordTooWeakException.java
2025-09-23 13:46:47,963 - Knowledge - INFO - persist search terms embedding for backend/book-app/src/main/java/com/karankumar/bookproject/util/DateUtils.java
2025-09-23 13:46:48,070 - Knowledge - INFO - Found code-base-name: https://github.com/kavia-common/book-project-1656.git:kavia-main
2025-09-23 13:46:48,071 - Knowledge - INFO - worker kw29 pull /app/data/kaviademo4200/1656/b70881y/book-project-1656/backend/book-app/src/main/java/com/karankumar/bookproject/book/repository/AuthorRepository.java from ingest queue
2025-09-23 13:46:48,075 - Knowledge - INFO - Found code-base-name: https://github.com/kavia-common/book-project-1656.git:kavia-main
2025-09-23 13:46:48,078 - Knowledge - INFO - worker kw19 pull /app/data/kaviademo4200/1656/b70881y/book-project-1656/backend/book-app/src/main/java/com/karankumar/bookproject/book/repository/BookRepository.java from ingest queue
2025-09-23 13:46:48,173 - Knowledge - INFO - Found code_base: <app.utils.kg_build.knowledge.KnowledgeCodeBase object at 0x7f19d0023dd0>
2025-09-23 13:46:48,288 - Knowledge - INFO - Thread kw29 - File AuthorRepository.java - Remaining files in queue: 64
2025-09-23 13:46:48,382 - Knowledge - INFO - done ingest for /app/data/kaviademo4200/1656/b70881y/book-project-1656/backend/book-app/src/main/java/com/karankumar/bookproject/account/dto/UserToRegisterDto.java
2025-09-23 13:46:48,406 - Knowledge - INFO - Found code_base: <app.utils.kg_build.knowledge.KnowledgeCodeBase object at 0x7f19d0023dd0>
2025-09-23 13:46:48,411 - Knowledge - INFO - done ingest for /app/data/kaviademo4200/1656/b70881y/book-project-1656/backend/book-app/src/main/java/com/karankumar/bookproject/bookexport/BookExportService.java
2025-09-23 13:46:48,496 - Knowledge - INFO - Thread kw19 - File BookRepository.java - Remaining files in queue: 64
2025-09-23 13:46:48,586 - Knowledge - INFO - persist ingested knowledge for /app/data/kaviademo4200/1656/b70881y/book-project-1656/backend/book-app/src/main/java/com/karankumar/bookproject/account/constraint/PasswordStrengthValidator.java
2025-09-23 13:46:48,703 - Knowledge - INFO - start ingest for /app/data/kaviademo4200/1656/b70881y/book-project-1656/backend/book-app/src/main/java/com/karankumar/bookproject/book/repository/AuthorRepository.java
2025-09-23 13:46:48,708 - Knowledge - INFO - persist search terms embedding for backend/book-app/src/main/java/com/karankumar/bookproject/account/exception/PasswordTooWeakException.java
2025-09-23 13:46:48,818 - Knowledge - INFO - process ingested knowledge for /app/data/kaviademo4200/1656/b70881y/book-project-1656/backend/book-app/src/main/java/com/karankumar/bookproject/account/dto/UserToRegisterDto.java
2025-09-23 13:46:48,850 - Knowledge - INFO - done ingest for /app/data/kaviademo4200/1656/b70881y/book-project-1656/backend/book-app/src/main/java/com/karankumar/bookproject/account/constraint/PasswordStrengthCheck.java
2025-09-23 13:46:48,967 - Knowledge - INFO - persist ingested knowledge for /app/data/kaviademo4200/1656/b70881y/book-project-1656/backend/book-app/src/main/java/com/karankumar/bookproject/account/auth/listener/AuthenticationSuccessListener.java
2025-09-23 13:46:49,070 - Knowledge - INFO - process ingested knowledge for /app/data/kaviademo4200/1656/b70881y/book-project-1656/backend/book-app/src/main/java/com/karankumar/bookproject/bookexport/BookExportService.java
2025-09-23 13:46:49,169 - Knowledge - INFO - start ingest for /app/data/kaviademo4200/1656/b70881y/book-project-1656/backend/book-app/src/main/java/com/karankumar/bookproject/book/repository/BookRepository.java
2025-09-23 13:46:49,808 - Knowledge - INFO - process ingested knowledge for /app/data/kaviademo4200/1656/b70881y/book-project-1656/backend/book-app/src/main/java/com/karankumar/bookproject/account/constraint/PasswordStrengthCheck.java
2025-09-23 13:46:50,035 - Knowledge - INFO - done ingest for /app/data/kaviademo4200/1656/b70881y/book-project-1656/backend/book-app/src/main/java/com/karankumar/bookproject/account/exception/CurrentUserNotFoundException.java
2025-09-23 13:46:50,065 - Knowledge - INFO - persist search terms embedding for backend/book-app/src/main/java/com/karankumar/bookproject/account/constraint/PasswordStrengthValidator.java
2025-09-23 13:46:50,432 - Knowledge - INFO - process ingested knowledge for /app/data/kaviademo4200/1656/b70881y/book-project-1656/backend/book-app/src/main/java/com/karankumar/bookproject/account/exception/CurrentUserNotFoundException.java
2025-09-23 13:46:50,554 - Knowledge - INFO - worker kw12 pull /app/data/kaviademo4200/1656/b70881y/book-project-1656/backend/book-app/src/main/java/com/karankumar/bookproject/book/repository/TagRepository.java from ingest queue
2025-09-23 13:46:50,820 - Knowledge - INFO - Thread kw12 - File TagRepository.java - Remaining files in queue: 63
2025-09-23 13:46:50,905 - Knowledge - INFO - start ingest for /app/data/kaviademo4200/1656/b70881y/book-project-1656/backend/book-app/src/main/java/com/karankumar/bookproject/book/repository/TagRepository.java
2025-09-23 13:46:51,084 - Knowledge - INFO - persist search terms embedding for backend/book-app/src/main/java/com/karankumar/bookproject/account/auth/listener/AuthenticationSuccessListener.java
2025-09-23 13:46:51,191 - Knowledge - INFO - Found code-base-name: https://github.com/kavia-common/book-project-1656.git:kavia-main
2025-09-23 13:46:51,194 - Knowledge - INFO - Found code-base-name: https://github.com/kavia-common/book-project-1656.git:kavia-main
2025-09-23 13:46:51,205 - Knowledge - INFO - Found code-base-name: https://github.com/kavia-common/book-project-1656.git:kavia-main
2025-09-23 13:46:51,210 - Knowledge - INFO - worker kw5 pull /app/data/kaviademo4200/1656/b70881y/book-project-1656/backend/book-app/src/main/java/com/karankumar/bookproject/book/controller/BookController.java from ingest queue
2025-09-23 13:46:51,211 - Knowledge - INFO - Found code-base-name: https://github.com/kavia-common/book-project-1656.git:kavia-main
2025-09-23 13:46:51,223 - Knowledge - INFO - worker kw8 pull /app/data/kaviademo4200/1656/b70881y/book-project-1656/backend/book-app/src/main/java/com/karankumar/bookproject/book/json/LocalDateSerializer.java from ingest queue
2025-09-23 13:46:51,268 - Knowledge - INFO - done ingest for /app/data/kaviademo4200/1656/b70881y/book-project-1656/backend/book-app/src/main/java/com/karankumar/bookproject/account/constraint/PasswordStrength.java
2025-09-23 13:46:51,279 - Knowledge - INFO - Found code_base: <app.utils.kg_build.knowledge.KnowledgeCodeBase object at 0x7f19d0023dd0>
2025-09-23 13:46:51,391 - Knowledge - INFO - Found code_base: <app.utils.kg_build.knowledge.KnowledgeCodeBase object at 0x7f19d0023dd0>
2025-09-23 13:46:51,454 - Knowledge - INFO - done ingest for /app/data/kaviademo4200/1656/b70881y/book-project-1656/backend/book-app/src/main/java/com/karankumar/bookproject/account/dto/UserToDeleteDto.java
2025-09-23 13:46:51,490 - Knowledge - INFO - Found code_base: <app.utils.kg_build.knowledge.KnowledgeCodeBase object at 0x7f19d0023dd0>
2025-09-23 13:46:51,624 - Knowledge - INFO - Thread kw5 - File BookController.java - Remaining files in queue: 61
2025-09-23 13:46:51,763 - Knowledge - INFO - Found code_base: <app.utils.kg_build.knowledge.KnowledgeCodeBase object at 0x7f19d0023dd0>
2025-09-23 13:46:51,881 - Knowledge - INFO - Thread kw8 - File LocalDateSerializer.java - Remaining files in queue: 61
2025-09-23 13:46:52,004 - Knowledge - INFO - process ingested knowledge for /app/data/kaviademo4200/1656/b70881y/book-project-1656/backend/book-app/src/main/java/com/karankumar/bookproject/account/constraint/PasswordStrength.java
2025-09-23 13:46:52,388 - Knowledge - INFO - persist ingested knowledge for /app/data/kaviademo4200/1656/b70881y/book-project-1656/backend/book-app/src/main/java/com/karankumar/bookproject/bookexport/BookExportService.java
2025-09-23 13:46:52,544 - Knowledge - INFO - persist ingested knowledge for /app/data/kaviademo4200/1656/b70881y/book-project-1656/backend/book-app/src/main/java/com/karankumar/bookproject/account/constraint/PasswordStrengthCheck.java
2025-09-23 13:46:52,637 - Knowledge - INFO - process ingested knowledge for /app/data/kaviademo4200/1656/b70881y/book-project-1656/backend/book-app/src/main/java/com/karankumar/bookproject/account/dto/UserToDeleteDto.java
2025-09-23 13:46:52,773 - Knowledge - INFO - persist ingested knowledge for /app/data/kaviademo4200/1656/b70881y/book-project-1656/backend/book-app/src/main/java/com/karankumar/bookproject/account/dto/UserToRegisterDto.java
2025-09-23 13:46:52,890 - Knowledge - INFO - start ingest for /app/data/kaviademo4200/1656/b70881y/book-project-1656/backend/book-app/src/main/java/com/karankumar/bookproject/book/controller/BookController.java
2025-09-23 13:46:53,013 - Knowledge - INFO - persist ingested knowledge for /app/data/kaviademo4200/1656/b70881y/book-project-1656/backend/book-app/src/main/java/com/karankumar/bookproject/account/exception/CurrentUserNotFoundException.java
2025-09-23 13:46:53,117 - Knowledge - INFO - start ingest for /app/data/kaviademo4200/1656/b70881y/book-project-1656/backend/book-app/src/main/java/com/karankumar/bookproject/book/json/LocalDateSerializer.java
2025-09-23 13:46:53,220 - Knowledge - INFO - Found code-base-name: https://github.com/kavia-common/book-project-1656.git:kavia-main
2025-09-23 13:46:53,816 - Knowledge - INFO - done ingest for /app/data/kaviademo4200/1656/b70881y/book-project-1656/backend/book-app/src/main/java/com/karankumar/bookproject/account/auth/listener/AuthenticationBadCredentialsListener.java
2025-09-23 13:46:53,860 - Knowledge - INFO - done ingest for /app/data/kaviademo4200/1656/b70881y/book-project-1656/backend/book-app/src/main/java/com/karankumar/bookproject/bookexport/ExportDto.java
2025-09-23 13:46:53,882 - Knowledge - INFO - persist search terms embedding for backend/book-app/src/main/java/com/karankumar/bookproject/bookexport/BookExportService.java
2025-09-23 13:46:54,164 - Knowledge - INFO - Found code_base: <app.utils.kg_build.knowledge.KnowledgeCodeBase object at 0x7f19d0023dd0>
2025-09-23 13:46:54,263 - Knowledge - INFO - process ingested knowledge for /app/data/kaviademo4200/1656/b70881y/book-project-1656/backend/book-app/src/main/java/com/karankumar/bookproject/account/auth/listener/AuthenticationBadCredentialsListener.java
2025-09-23 13:46:54,388 - Knowledge - INFO - process ingested knowledge for /app/data/kaviademo4200/1656/b70881y/book-project-1656/backend/book-app/src/main/java/com/karankumar/bookproject/bookexport/ExportDto.java
2025-09-23 13:46:54,683 - Knowledge - INFO - persist ingested knowledge for /app/data/kaviademo4200/1656/b70881y/book-project-1656/backend/book-app/src/main/java/com/karankumar/bookproject/account/constraint/PasswordStrength.java
2025-09-23 13:46:54,776 - Knowledge - INFO - done ingest for /app/data/kaviademo4200/1656/b70881y/book-project-1656/backend/book-app/src/main/java/com/karankumar/bookproject/util/TestData.java
2025-09-23 13:46:55,071 - Knowledge - INFO - persist search terms embedding for backend/book-app/src/main/java/com/karankumar/bookproject/account/constraint/PasswordStrengthCheck.java
2025-09-23 13:46:55,157 - Knowledge - INFO - process ingested knowledge for /app/data/kaviademo4200/1656/b70881y/book-project-1656/backend/book-app/src/main/java/com/karankumar/bookproject/util/TestData.java
2025-09-23 13:46:55,345 - Knowledge - INFO - Found code-base-name: https://github.com/kavia-common/book-project-1656.git:kavia-main
2025-09-23 13:46:55,514 - Knowledge - INFO - Found code_base: <app.utils.kg_build.knowledge.KnowledgeCodeBase object at 0x7f19d0023dd0>
2025-09-23 13:46:55,639 - Knowledge - INFO - persist ingested knowledge for /app/data/kaviademo4200/1656/b70881y/book-project-1656/backend/book-app/src/main/java/com/karankumar/bookproject/account/dto/UserToDeleteDto.java
2025-09-23 13:46:55,880 - Knowledge - INFO - persist search terms embedding for backend/book-app/src/main/java/com/karankumar/bookproject/account/dto/UserToRegisterDto.java
2025-09-23 13:46:56,366 - Knowledge - INFO - done ingest for /app/data/kaviademo4200/1656/b70881y/book-project-1656/backend/book-app/src/main/java/com/karankumar/bookproject/account/auth/CustomAuthenticationProvider.java
2025-09-23 13:46:56,456 - Knowledge - INFO - process ingested knowledge for /app/data/kaviademo4200/1656/b70881y/book-project-1656/backend/book-app/src/main/java/com/karankumar/bookproject/account/auth/CustomAuthenticationProvider.java
2025-09-23 13:46:56,621 - Knowledge - INFO - persist search terms embedding for backend/book-app/src/main/java/com/karankumar/bookproject/account/exception/CurrentUserNotFoundException.java
2025-09-23 13:46:56,700 - Knowledge - INFO - worker kw17 pull /app/data/kaviademo4200/1656/b70881y/book-project-1656/backend/book-app/src/main/java/com/karankumar/bookproject/book/service/AuthorService.java from ingest queue
2025-09-23 13:46:56,701 - Knowledge - INFO - Found code-base-name: https://github.com/kavia-common/book-project-1656.git:kavia-main
2025-09-23 13:46:56,795 - Knowledge - INFO - Thread kw17 - File AuthorService.java - Remaining files in queue: 60
2025-09-23 13:46:56,891 - Knowledge - INFO - Found code_base: <app.utils.kg_build.knowledge.KnowledgeCodeBase object at 0x7f19d0023dd0>
2025-09-23 13:46:57,017 - Knowledge - INFO - start ingest for /app/data/kaviademo4200/1656/b70881y/book-project-1656/backend/book-app/src/main/java/com/karankumar/bookproject/book/service/AuthorService.java
2025-09-23 13:46:57,151 - Knowledge - INFO - persist ingested knowledge for /app/data/kaviademo4200/1656/b70881y/book-project-1656/backend/book-app/src/main/java/com/karankumar/bookproject/bookexport/ExportDto.java
2025-09-23 13:46:57,371 - Knowledge - INFO - persist search terms embedding for backend/book-app/src/main/java/com/karankumar/bookproject/account/constraint/PasswordStrength.java
2025-09-23 13:46:57,423 - Knowledge - INFO - done ingest for /app/data/kaviademo4200/1656/b70881y/book-project-1656/backend/book-app/src/main/java/com/karankumar/bookproject/shelf/service/UserCreatedShelfService.java
2025-09-23 13:46:57,508 - Knowledge - INFO - worker kw9 pull /app/data/kaviademo4200/1656/b70881y/book-project-1656/backend/book-app/src/main/java/com/karankumar/bookproject/book/service/BookService.java from ingest queue
2025-09-23 13:46:57,631 - Knowledge - INFO - process ingested knowledge for /app/data/kaviademo4200/1656/b70881y/book-project-1656/backend/book-app/src/main/java/com/karankumar/bookproject/shelf/service/UserCreatedShelfService.java
2025-09-23 13:46:57,721 - Knowledge - INFO - Thread kw9 - File BookService.java - Remaining files in queue: 59
2025-09-23 13:46:57,936 - Knowledge - INFO - start ingest for /app/data/kaviademo4200/1656/b70881y/book-project-1656/backend/book-app/src/main/java/com/karankumar/bookproject/book/service/BookService.java
2025-09-23 13:46:58,005 - Knowledge - INFO - persist search terms embedding for backend/book-app/src/main/java/com/karankumar/bookproject/account/dto/UserToDeleteDto.java
2025-09-23 13:46:58,146 - Knowledge - INFO - worker kw30 pull /app/data/kaviademo4200/1656/b70881y/book-project-1656/backend/book-app/src/main/java/com/karankumar/bookproject/book/service/PublisherService.java from ingest queue
2025-09-23 13:46:58,149 - Knowledge - INFO - Found code-base-name: https://github.com/kavia-common/book-project-1656.git:kavia-main
2025-09-23 13:46:58,162 - Knowledge - INFO - worker kw15 pull /app/data/kaviademo4200/1656/b70881y/book-project-1656/backend/book-app/src/main/java/com/karankumar/bookproject/account/exception/UserAlreadyRegisteredException.java from ingest queue
2025-09-23 13:46:58,248 - Knowledge - INFO - Thread kw30 - File PublisherService.java - Remaining files in queue: 57
2025-09-23 13:46:58,355 - Knowledge - INFO - Found code_base: <app.utils.kg_build.knowledge.KnowledgeCodeBase object at 0x7f19d0023dd0>
2025-09-23 13:46:58,450 - Knowledge - INFO - Thread kw15 - File UserAlreadyRegisteredException.java - Remaining files in queue: 57
2025-09-23 13:46:58,563 - Knowledge - INFO - start ingest for /app/data/kaviademo4200/1656/b70881y/book-project-1656/backend/book-app/src/main/java/com/karankumar/bookproject/book/service/PublisherService.java
2025-09-23 13:46:58,687 - Knowledge - INFO - persist ingested knowledge for /app/data/kaviademo4200/1656/b70881y/book-project-1656/backend/book-app/src/main/java/com/karankumar/bookproject/account/auth/CustomAuthenticationProvider.java
2025-09-23 13:46:58,743 - Knowledge - INFO - persist search terms embedding for backend/book-app/src/main/java/com/karankumar/bookproject/bookexport/ExportDto.java
2025-09-23 13:46:58,796 - Knowledge - INFO - start ingest for /app/data/kaviademo4200/1656/b70881y/book-project-1656/backend/book-app/src/main/java/com/karankumar/bookproject/account/exception/UserAlreadyRegisteredException.java
2025-09-23 13:46:59,123 - Knowledge - INFO - worker kw3 pull /app/data/kaviademo4200/1656/b70881y/book-project-1656/backend/book-app/src/main/java/com/karankumar/bookproject/statistics/Statistics.java from ingest queue
2025-09-23 13:46:59,132 - Knowledge - INFO - Found code-base-name: https://github.com/kavia-common/book-project-1656.git:kavia-main
2025-09-23 13:46:59,139 - Knowledge - INFO - worker kw14 pull /app/data/kaviademo4200/1656/b70881y/book-project-1656/backend/book-app/src/main/java/com/karankumar/bookproject/book/model/Tag.java from ingest queue
2025-09-23 13:46:59,150 - Knowledge - INFO - Found code-base-name: https://github.com/kavia-common/book-project-1656.git:kavia-main
2025-09-23 13:46:59,159 - Knowledge - INFO - Found code-base-name: https://github.com/kavia-common/book-project-1656.git:kavia-main
2025-09-23 13:46:59,161 - Knowledge - INFO - worker kw16 pull /app/data/kaviademo4200/1656/b70881y/book-project-1656/backend/book-app/src/main/java/com/karankumar/bookproject/book/service/TagService.java from ingest queue
2025-09-23 13:46:59,185 - Knowledge - INFO - done ingest for /app/data/kaviademo4200/1656/b70881y/book-project-1656/backend/book-app/src/main/java/com/karankumar/bookproject/bookexport/BookExportController.java
2025-09-23 13:46:59,371 - Knowledge - INFO - Thread kw3 - File Statistics.java - Remaining files in queue: 54
2025-09-23 13:46:59,458 - Knowledge - INFO - Found code_base: <app.utils.kg_build.knowledge.KnowledgeCodeBase object at 0x7f19d0023dd0>
2025-09-23 13:46:59,613 - Knowledge - INFO - Thread kw14 - File Tag.java - Remaining files in queue: 54
2025-09-23 13:46:59,630 - Knowledge - INFO - persist search terms embedding for backend/book-app/src/main/java/com/karankumar/bookproject/account/auth/CustomAuthenticationProvider.java
2025-09-23 13:46:59,703 - Knowledge - INFO - Found code_base: <app.utils.kg_build.knowledge.KnowledgeCodeBase object at 0x7f19d0023dd0>
2025-09-23 13:46:59,806 - Knowledge - INFO - Found code_base: <app.utils.kg_build.knowledge.KnowledgeCodeBase object at 0x7f19d0023dd0>
2025-09-23 13:46:59,939 - Knowledge - INFO - Thread kw16 - File TagService.java - Remaining files in queue: 54
2025-09-23 13:47:00,075 - Knowledge - INFO - process ingested knowledge for /app/data/kaviademo4200/1656/b70881y/book-project-1656/backend/book-app/src/main/java/com/karankumar/bookproject/bookexport/BookExportController.java
2025-09-23 13:47:00,155 - Knowledge - INFO - start ingest for /app/data/kaviademo4200/1656/b70881y/book-project-1656/backend/book-app/src/main/java/com/karankumar/bookproject/statistics/Statistics.java
2025-09-23 13:47:00,278 - Knowledge - INFO - persist ingested knowledge for /app/data/kaviademo4200/1656/b70881y/book-project-1656/backend/book-app/src/main/java/com/karankumar/bookproject/account/auth/listener/AuthenticationBadCredentialsListener.java
2025-09-23 13:47:00,396 - Knowledge - INFO - start ingest for /app/data/kaviademo4200/1656/b70881y/book-project-1656/backend/book-app/src/main/java/com/karankumar/bookproject/book/model/Tag.java
2025-09-23 13:47:00,435 - Knowledge - INFO - done ingest for /app/data/kaviademo4200/1656/b70881y/book-project-1656/backend/book-app/src/main/java/com/karankumar/bookproject/account/exception/IncorrectPasswordException.java
2025-09-23 13:47:00,526 - Knowledge - INFO - worker kw28 pull /app/data/kaviademo4200/1656/b70881y/book-project-1656/backend/book-app/src/main/java/com/karankumar/bookproject/statistics/GenreStatistics.java from ingest queue
2025-09-23 13:47:01,519 - Knowledge - INFO - Thread kw28 - File GenreStatistics.java - Remaining files in queue: 53
2025-09-23 13:47:00,739 - Knowledge - INFO - persist ingested knowledge for /app/data/kaviademo4200/1656/b70881y/book-project-1656/backend/book-app/src/main/java/com/karankumar/bookproject/shelf/service/UserCreatedShelfService.java
2025-09-23 13:47:00,818 - Knowledge - INFO - start ingest for /app/data/kaviademo4200/1656/b70881y/book-project-1656/backend/book-app/src/main/java/com/karankumar/bookproject/book/service/TagService.java
2025-09-23 13:47:00,930 - Knowledge - INFO - Found code-base-name: https://github.com/kavia-common/book-project-1656.git:kavia-main
2025-09-23 13:47:01,425 - Knowledge - INFO - process ingested knowledge for /app/data/kaviademo4200/1656/b70881y/book-project-1656/backend/book-app/src/main/java/com/karankumar/bookproject/account/exception/IncorrectPasswordException.java
2025-09-23 13:47:00,600 - Knowledge - INFO - persist ingested knowledge for /app/data/kaviademo4200/1656/b70881y/book-project-1656/backend/book-app/src/main/java/com/karankumar/bookproject/util/TestData.java
2025-09-23 13:47:01,652 - Knowledge - INFO - start ingest for /app/data/kaviademo4200/1656/b70881y/book-project-1656/backend/book-app/src/main/java/com/karankumar/bookproject/statistics/GenreStatistics.java
2025-09-23 13:47:01,836 - Knowledge - INFO - persist search terms embedding for backend/book-app/src/main/java/com/karankumar/bookproject/account/auth/listener/AuthenticationBadCredentialsListener.java
2025-09-23 13:47:01,999 - Knowledge - INFO - Found code_base: <app.utils.kg_build.knowledge.KnowledgeCodeBase object at 0x7f19d0023dd0>
2025-09-23 13:47:02,556 - Knowledge - INFO - persist ingested knowledge for /app/data/kaviademo4200/1656/b70881y/book-project-1656/backend/book-app/src/main/java/com/karankumar/bookproject/bookexport/BookExportController.java
2025-09-23 13:47:02,994 - Knowledge - INFO - persist search terms embedding for backend/book-app/src/main/java/com/karankumar/bookproject/shelf/service/UserCreatedShelfService.java
2025-09-23 13:47:03,100 - Knowledge - INFO - Found code-base-name: https://github.com/kavia-common/book-project-1656.git:kavia-main
2025-09-23 13:47:03,223 - Knowledge - INFO - Found code_base: <app.utils.kg_build.knowledge.KnowledgeCodeBase object at 0x7f19d0023dd0>
2025-09-23 13:47:03,312 - Knowledge - INFO - persist ingested knowledge for /app/data/kaviademo4200/1656/b70881y/book-project-1656/backend/book-app/src/main/java/com/karankumar/bookproject/account/exception/IncorrectPasswordException.java
2025-09-23 13:47:03,685 - Knowledge - INFO - persist search terms embedding for backend/book-app/src/main/java/com/karankumar/bookproject/util/TestData.java
2025-09-23 13:47:03,772 - Knowledge - INFO - worker kw27 pull /app/data/kaviademo4200/1656/b70881y/book-project-1656/backend/book-app/src/main/java/com/karankumar/bookproject/book/model/Publisher.java from ingest queue
2025-09-23 13:47:03,896 - Knowledge - INFO - Thread kw27 - File Publisher.java - Remaining files in queue: 52
2025-09-23 13:47:03,969 - Knowledge - INFO - start ingest for /app/data/kaviademo4200/1656/b70881y/book-project-1656/backend/book-app/src/main/java/com/karankumar/bookproject/book/model/Publisher.java
2025-09-23 13:47:04,310 - Knowledge - INFO - persist search terms embedding for backend/book-app/src/main/java/com/karankumar/bookproject/bookexport/BookExportController.java
2025-09-23 13:47:04,889 - Knowledge - INFO - done ingest for /app/data/kaviademo4200/1656/b70881y/book-project-1656/backend/book-app/src/main/java/com/karankumar/bookproject/goal/ReadingGoalRepository.java
2025-09-23 13:47:05,016 - Knowledge - INFO - process ingested knowledge for /app/data/kaviademo4200/1656/b70881y/book-project-1656/backend/book-app/src/main/java/com/karankumar/bookproject/goal/ReadingGoalRepository.java
2025-09-23 13:47:05,098 - Knowledge - INFO - persist search terms embedding for backend/book-app/src/main/java/com/karankumar/bookproject/account/exception/IncorrectPasswordException.java
2025-09-23 13:47:05,257 - Knowledge - INFO - worker kw4 pull /app/data/kaviademo4200/1656/b70881y/book-project-1656/backend/book-app/src/main/java/com/karankumar/bookproject/book/model/RatingScale.java from ingest queue
2025-09-23 13:47:05,265 - Knowledge - INFO - Found code-base-name: https://github.com/kavia-common/book-project-1656.git:kavia-main
2025-09-23 13:47:05,267 - Knowledge - INFO - worker kw2 pull /app/data/kaviademo4200/1656/b70881y/book-project-1656/backend/book-app/src/main/java/com/karankumar/bookproject/book/model/README.md from ingest queue
2025-09-23 13:47:05,270 - Knowledge - INFO - worker kw26 pull /app/data/kaviademo4200/1656/b70881y/book-project-1656/backend/book-app/src/main/java/com/karankumar/bookproject/book/BookUtils.java from ingest queue
2025-09-23 13:47:05,273 - Knowledge - INFO - worker kw11 pull /app/data/kaviademo4200/1656/b70881y/book-project-1656/backend/book-app/src/main/java/com/karankumar/bookproject/book/model/Book.java from ingest queue
2025-09-23 13:47:05,346 - Knowledge - INFO - Thread kw4 - File RatingScale.java - Remaining files in queue: 48
2025-09-23 13:47:05,445 - Knowledge - INFO - Found code_base: <app.utils.kg_build.knowledge.KnowledgeCodeBase object at 0x7f19d0023dd0>
2025-09-23 13:47:05,553 - Knowledge - INFO - Thread kw2 - File README.md - Remaining files in queue: 48
2025-09-23 13:47:05,698 - Knowledge - ERROR - _ingest_file had exception litellm.APIConnectionError: APIConnectionError: OpenAIException - peer closed connection without sending complete message body (incomplete chunked read) processing file /app/data/kaviademo4200/1656/b70881y/book-project-1656/backend/book-app/src/main/java/com/karankumar/bookproject/shelf/service/PredefinedShelfService.java
2025-09-23 13:47:05,701 - Knowledge - INFO - Thread kw26 - File BookUtils.java - Remaining files in queue: 48
2025-09-23 13:47:05,812 - Knowledge - INFO - Thread kw11 - File Book.java - Remaining files in queue: 48
2025-09-23 13:47:05,914 - Knowledge - INFO - start ingest for /app/data/kaviademo4200/1656/b70881y/book-project-1656/backend/book-app/src/main/java/com/karankumar/bookproject/book/model/RatingScale.java
2025-09-23 13:47:06,009 - Knowledge - INFO - persist ingested knowledge for /app/data/kaviademo4200/1656/b70881y/book-project-1656/backend/book-app/src/main/java/com/karankumar/bookproject/goal/ReadingGoalRepository.java
2025-09-23 13:47:06,126 - Knowledge - INFO - start ingest for /app/data/kaviademo4200/1656/b70881y/book-project-1656/backend/book-app/src/main/java/com/karankumar/bookproject/book/model/README.md
2025-09-23 13:47:06,217 - Knowledge - INFO - done ingest for /app/data/kaviademo4200/1656/b70881y/book-project-1656/backend/book-app/src/main/java/com/karankumar/bookproject/shelf/service/PredefinedShelfService.java
2025-09-23 13:47:06,338 - Knowledge - INFO - start ingest for /app/data/kaviademo4200/1656/b70881y/book-project-1656/backend/book-app/src/main/java/com/karankumar/bookproject/book/BookUtils.java
2025-09-23 13:47:06,413 - Knowledge - INFO - start ingest for /app/data/kaviademo4200/1656/b70881y/book-project-1656/backend/book-app/src/main/java/com/karankumar/bookproject/book/model/Book.java
2025-09-23 13:47:06,716 - Knowledge - INFO - Fast-track processing for simple file: /app/data/kaviademo4200/1656/b70881y/book-project-1656/backend/book-app/src/main/java/com/karankumar/bookproject/book/model/README.md
2025-09-23 13:47:06,798 - Knowledge - INFO - process ingested knowledge for /app/data/kaviademo4200/1656/b70881y/book-project-1656/backend/book-app/src/main/java/com/karankumar/bookproject/shelf/service/PredefinedShelfService.java
2025-09-23 13:47:07,096 - Knowledge - INFO - done fast ingest for /app/data/kaviademo4200/1656/b70881y/book-project-1656/backend/book-app/src/main/java/com/karankumar/bookproject/book/model/README.md
2025-09-23 13:47:07,318 - Knowledge - INFO - persist search terms embedding for backend/book-app/src/main/java/com/karankumar/bookproject/goal/ReadingGoalRepository.java
2025-09-23 13:47:07,328 - Knowledge - INFO - process ingested knowledge for /app/data/kaviademo4200/1656/b70881y/book-project-1656/backend/book-app/src/main/java/com/karankumar/bookproject/book/model/README.md
2025-09-23 13:47:07,440 - Knowledge - INFO - Found code-base-name: https://github.com/kavia-common/book-project-1656.git:kavia-main
2025-09-23 13:47:07,444 - Knowledge - INFO - worker kw13 pull /app/data/kaviademo4200/1656/b70881y/book-project-1656/backend/book-app/src/main/java/com/karankumar/bookproject/book/model/BookFormat.java from ingest queue
2025-09-23 13:47:07,549 - Knowledge - INFO - Found code-base-name: https://github.com/kavia-common/book-project-1656.git:kavia-main
2025-09-23 13:47:07,689 - Knowledge - INFO - Found code_base: <app.utils.kg_build.knowledge.KnowledgeCodeBase object at 0x7f19d0023dd0>
2025-09-23 13:47:08,260 - Knowledge - INFO - Thread kw13 - File BookFormat.java - Remaining files in queue: 47
2025-09-23 13:47:08,339 - Knowledge - INFO - Found code_base: <app.utils.kg_build.knowledge.KnowledgeCodeBase object at 0x7f19d0023dd0>
2025-09-23 13:47:08,427 - Knowledge - INFO - persist ingested knowledge for /app/data/kaviademo4200/1656/b70881y/book-project-1656/backend/book-app/src/main/java/com/karankumar/bookproject/shelf/service/PredefinedShelfService.java
2025-09-23 13:47:08,511 - Knowledge - INFO - done ingest for /app/data/kaviademo4200/1656/b70881y/book-project-1656/backend/book-app/src/main/java/com/karankumar/bookproject/statistics/PageStatistics.java
2025-09-23 13:47:08,532 - Knowledge - INFO - start ingest for /app/data/kaviademo4200/1656/b70881y/book-project-1656/backend/book-app/src/main/java/com/karankumar/bookproject/book/model/BookFormat.java
2025-09-23 13:47:08,621 - Knowledge - INFO - persist ingested knowledge for /app/data/kaviademo4200/1656/b70881y/book-project-1656/backend/book-app/src/main/java/com/karankumar/bookproject/book/model/README.md
2025-09-23 13:47:08,845 - Knowledge - INFO - process ingested knowledge for /app/data/kaviademo4200/1656/b70881y/book-project-1656/backend/book-app/src/main/java/com/karankumar/bookproject/statistics/PageStatistics.java
2025-09-23 13:47:08,965 - Knowledge - INFO - worker kw24 pull /app/data/kaviademo4200/1656/b70881y/book-project-1656/backend/book-app/src/main/java/com/karankumar/bookproject/book/dto/BookPatchDto.java from ingest queue
2025-09-23 13:47:09,262 - Knowledge - INFO - Thread kw24 - File BookPatchDto.java - Remaining files in queue: 46
2025-09-23 13:47:09,288 - Knowledge - INFO - Found code-base-name: https://github.com/kavia-common/book-project-1656.git:kavia-main
2025-09-23 13:47:09,289 - Knowledge - INFO - worker kw2 pull /app/data/kaviademo4200/1656/b70881y/book-project-1656/backend/book-app/src/main/java/com/karankumar/bookproject/book/model/BookGenre.java from ingest queue
2025-09-23 13:47:09,395 - Knowledge - INFO - start ingest for /app/data/kaviademo4200/1656/b70881y/book-project-1656/backend/book-app/src/main/java/com/karankumar/bookproject/book/dto/BookPatchDto.java
2025-09-23 13:47:09,523 - Knowledge - INFO - Found code_base: <app.utils.kg_build.knowledge.KnowledgeCodeBase object at 0x7f19d0023dd0>
2025-09-23 13:47:09,685 - Knowledge - INFO - Thread kw2 - File BookGenre.java - Remaining files in queue: 45
2025-09-23 13:47:09,974 - Knowledge - INFO - persist ingested knowledge for /app/data/kaviademo4200/1656/b70881y/book-project-1656/backend/book-app/src/main/java/com/karankumar/bookproject/statistics/PageStatistics.java
2025-09-23 13:47:10,127 - Knowledge - INFO - start ingest for /app/data/kaviademo4200/1656/b70881y/book-project-1656/backend/book-app/src/main/java/com/karankumar/bookproject/book/model/BookGenre.java
2025-09-23 13:47:10,797 - Knowledge - INFO - persist search terms embedding for backend/book-app/src/main/java/com/karankumar/bookproject/statistics/PageStatistics.java
2025-09-23 13:47:10,928 - Knowledge - INFO - worker kw7 pull /app/data/kaviademo4200/1656/b70881y/book-project-1656/backend/book-app/src/main/resources/db/init.sql from ingest queue
2025-09-23 13:47:11,022 - Knowledge - INFO - Thread kw7 - File init.sql - Remaining files in queue: 44
2025-09-23 13:47:11,145 - Knowledge - INFO - start ingest for /app/data/kaviademo4200/1656/b70881y/book-project-1656/backend/book-app/src/main/resources/db/init.sql
2025-09-23 13:47:11,265 - Knowledge - INFO - Fast-track processing for simple file: /app/data/kaviademo4200/1656/b70881y/book-project-1656/backend/book-app/src/main/resources/db/init.sql
2025-09-23 13:47:11,373 - Knowledge - INFO - done fast ingest for /app/data/kaviademo4200/1656/b70881y/book-project-1656/backend/book-app/src/main/resources/db/init.sql
2025-09-23 13:47:11,460 - Knowledge - INFO - process ingested knowledge for /app/data/kaviademo4200/1656/b70881y/book-project-1656/backend/book-app/src/main/resources/db/init.sql
2025-09-23 13:47:11,563 - Knowledge - INFO - Found code-base-name: https://github.com/kavia-common/book-project-1656.git:kavia-main
2025-09-23 13:47:11,659 - Knowledge - INFO - Found code_base: <app.utils.kg_build.knowledge.KnowledgeCodeBase object at 0x7f19d0023dd0>
2025-09-23 13:47:11,742 - Knowledge - INFO - persist ingested knowledge for /app/data/kaviademo4200/1656/b70881y/book-project-1656/backend/book-app/src/main/resources/db/init.sql
2025-09-23 13:47:12,012 - Knowledge - INFO - worker kw7 pull /app/data/kaviademo4200/1656/b70881y/book-project-1656/backend/book-app/src/main/resources/db/testdata/afterMigrate.sql from ingest queue
2025-09-23 13:47:12,112 - Knowledge - INFO - Thread kw7 - File afterMigrate.sql - Remaining files in queue: 43
2025-09-23 13:47:12,219 - Knowledge - INFO - start ingest for /app/data/kaviademo4200/1656/b70881y/book-project-1656/backend/book-app/src/main/resources/db/testdata/afterMigrate.sql
2025-09-23 13:47:12,379 - Knowledge - INFO - Fast-track processing for simple file: /app/data/kaviademo4200/1656/b70881y/book-project-1656/backend/book-app/src/main/resources/db/testdata/afterMigrate.sql
2025-09-23 13:47:12,484 - Knowledge - INFO - done fast ingest for /app/data/kaviademo4200/1656/b70881y/book-project-1656/backend/book-app/src/main/resources/db/testdata/afterMigrate.sql
2025-09-23 13:47:12,607 - Knowledge - INFO - process ingested knowledge for /app/data/kaviademo4200/1656/b70881y/book-project-1656/backend/book-app/src/main/resources/db/testdata/afterMigrate.sql
2025-09-23 13:47:12,708 - Knowledge - INFO - Found code-base-name: https://github.com/kavia-common/book-project-1656.git:kavia-main
2025-09-23 13:47:12,845 - Knowledge - INFO - Found code_base: <app.utils.kg_build.knowledge.KnowledgeCodeBase object at 0x7f19d0023dd0>
2025-09-23 13:47:12,917 - Knowledge - INFO - done ingest for /app/data/kaviademo4200/1656/b70881y/book-project-1656/backend/book-app/src/main/java/com/karankumar/bookproject/account/controller/UserController.java
2025-09-23 13:47:12,960 - Knowledge - INFO - persist ingested knowledge for /app/data/kaviademo4200/1656/b70881y/book-project-1656/backend/book-app/src/main/resources/db/testdata/afterMigrate.sql
2025-09-23 13:47:13,101 - Knowledge - INFO - process ingested knowledge for /app/data/kaviademo4200/1656/b70881y/book-project-1656/backend/book-app/src/main/java/com/karankumar/bookproject/account/controller/UserController.java
2025-09-23 13:47:13,182 - Knowledge - INFO - done ingest for /app/data/kaviademo4200/1656/b70881y/book-project-1656/backend/book-app/src/main/java/com/karankumar/bookproject/book/repository/PublisherRepository.java
2025-09-23 13:47:13,464 - Knowledge - INFO - worker kw7 pull /app/data/kaviademo4200/1656/b70881y/book-project-1656/backend/book-app/src/main/resources/db/migration/V020__ALTER_USER_MAKE_USERNAME_NULLABLE.sql from ingest queue
2025-09-23 13:47:13,468 - Knowledge - INFO - Found code-base-name: https://github.com/kavia-common/book-project-1656.git:kavia-main
2025-09-23 13:47:13,481 - Knowledge - INFO - process ingested knowledge for /app/data/kaviademo4200/1656/b70881y/book-project-1656/backend/book-app/src/main/java/com/karankumar/bookproject/book/repository/PublisherRepository.java
2025-09-23 13:47:13,582 - Knowledge - INFO - Thread kw7 - File V020__ALTER_USER_MAKE_USERNAME_NULLABLE.sql - Remaining files in queue: 42
2025-09-23 13:47:13,935 - Knowledge - INFO - start ingest for /app/data/kaviademo4200/1656/b70881y/book-project-1656/backend/book-app/src/main/resources/db/migration/V020__ALTER_USER_MAKE_USERNAME_NULLABLE.sql
2025-09-23 13:47:13,808 - Knowledge - INFO - Found code-base-name: https://github.com/kavia-common/book-project-1656.git:kavia-main
2025-09-23 13:47:13,690 - Knowledge - INFO - Found code_base: <app.utils.kg_build.knowledge.KnowledgeCodeBase object at 0x7f19d0023dd0>
2025-09-23 13:47:14,081 - Knowledge - INFO - Fast-track processing for simple file: /app/data/kaviademo4200/1656/b70881y/book-project-1656/backend/book-app/src/main/resources/db/migration/V020__ALTER_USER_MAKE_USERNAME_NULLABLE.sql
2025-09-23 13:47:14,165 - Knowledge - INFO - Found code_base: <app.utils.kg_build.knowledge.KnowledgeCodeBase object at 0x7f19d0023dd0>
2025-09-23 13:47:14,305 - Knowledge - INFO - persist ingested knowledge for /app/data/kaviademo4200/1656/b70881y/book-project-1656/backend/book-app/src/main/java/com/karankumar/bookproject/account/controller/UserController.java
2025-09-23 13:47:14,402 - Knowledge - INFO - done fast ingest for /app/data/kaviademo4200/1656/b70881y/book-project-1656/backend/book-app/src/main/resources/db/migration/V020__ALTER_USER_MAKE_USERNAME_NULLABLE.sql
2025-09-23 13:47:14,535 - Knowledge - INFO - persist ingested knowledge for /app/data/kaviademo4200/1656/b70881y/book-project-1656/backend/book-app/src/main/java/com/karankumar/bookproject/book/repository/PublisherRepository.java
2025-09-23 13:47:14,745 - Knowledge - INFO - process ingested knowledge for /app/data/kaviademo4200/1656/b70881y/book-project-1656/backend/book-app/src/main/resources/db/migration/V020__ALTER_USER_MAKE_USERNAME_NULLABLE.sql
2025-09-23 13:47:14,822 - Knowledge - INFO - done ingest for /app/data/kaviademo4200/1656/b70881y/book-project-1656/backend/book-app/src/main/java/com/karankumar/bookproject/goal/ReadingGoalController.java
2025-09-23 13:47:15,108 - Knowledge - INFO - process ingested knowledge for /app/data/kaviademo4200/1656/b70881y/book-project-1656/backend/book-app/src/main/java/com/karankumar/bookproject/goal/ReadingGoalController.java
2025-09-23 13:47:15,247 - Knowledge - INFO - persist search terms embedding for backend/book-app/src/main/java/com/karankumar/bookproject/account/controller/UserController.java
2025-09-23 13:47:15,697 - Knowledge - INFO - done ingest for /app/data/kaviademo4200/1656/b70881y/book-project-1656/backend/book-app/src/main/java/com/karankumar/bookproject/statistics/RatingStatistics.java
2025-09-23 13:47:15,810 - Knowledge - INFO - process ingested knowledge for /app/data/kaviademo4200/1656/b70881y/book-project-1656/backend/book-app/src/main/java/com/karankumar/bookproject/statistics/RatingStatistics.java
2025-09-23 13:47:15,963 - Knowledge - INFO - persist search terms embedding for backend/book-app/src/main/java/com/karankumar/bookproject/book/repository/PublisherRepository.java
2025-09-23 13:47:16,076 - Knowledge - INFO - Found code-base-name: https://github.com/kavia-common/book-project-1656.git:kavia-main
2025-09-23 13:47:16,086 - Knowledge - INFO - Found code-base-name: https://github.com/kavia-common/book-project-1656.git:kavia-main
2025-09-23 13:47:16,088 - Knowledge - INFO - worker kw22 pull /app/data/kaviademo4200/1656/b70881y/book-project-1656/backend/book-app/src/main/resources/db/migration/V019__ALTER_USER_MAKE_EMAIL_NULLABLE.sql from ingest queue
2025-09-23 13:47:16,103 - Knowledge - INFO - worker kw20 pull /app/data/kaviademo4200/1656/b70881y/book-project-1656/backend/book-app/src/main/resources/db/migration/V014__ALTER_BOOK_ADD_ISBN.sql from ingest queue
2025-09-23 13:47:16,105 - Knowledge - INFO - Found code-base-name: https://github.com/kavia-common/book-project-1656.git:kavia-main
2025-09-23 13:47:16,184 - Knowledge - INFO - Found code_base: <app.utils.kg_build.knowledge.KnowledgeCodeBase object at 0x7f19d0023dd0>
2025-09-23 13:47:16,279 - Knowledge - INFO - Found code_base: <app.utils.kg_build.knowledge.KnowledgeCodeBase object at 0x7f19d0023dd0>
2025-09-23 13:47:16,379 - Knowledge - INFO - Thread kw22 - File V019__ALTER_USER_MAKE_EMAIL_NULLABLE.sql - Remaining files in queue: 40
2025-09-23 13:47:16,485 - Knowledge - INFO - Thread kw20 - File V014__ALTER_BOOK_ADD_ISBN.sql - Remaining files in queue: 40
2025-09-23 13:47:16,575 - Knowledge - INFO - Found code_base: <app.utils.kg_build.knowledge.KnowledgeCodeBase object at 0x7f19d0023dd0>
2025-09-23 13:47:16,703 - Knowledge - INFO - persist ingested knowledge for /app/data/kaviademo4200/1656/b70881y/book-project-1656/backend/book-app/src/main/resources/db/migration/V020__ALTER_USER_MAKE_USERNAME_NULLABLE.sql
2025-09-23 13:47:16,811 - Knowledge - INFO - persist ingested knowledge for /app/data/kaviademo4200/1656/b70881y/book-project-1656/backend/book-app/src/main/java/com/karankumar/bookproject/goal/ReadingGoalController.java
2025-09-23 13:47:16,951 - Knowledge - INFO - start ingest for /app/data/kaviademo4200/1656/b70881y/book-project-1656/backend/book-app/src/main/resources/db/migration/V019__ALTER_USER_MAKE_EMAIL_NULLABLE.sql
2025-09-23 13:47:17,077 - Knowledge - INFO - start ingest for /app/data/kaviademo4200/1656/b70881y/book-project-1656/backend/book-app/src/main/resources/db/migration/V014__ALTER_BOOK_ADD_ISBN.sql
2025-09-23 13:47:17,174 - Knowledge - INFO - persist ingested knowledge for /app/data/kaviademo4200/1656/b70881y/book-project-1656/backend/book-app/src/main/java/com/karankumar/bookproject/statistics/RatingStatistics.java
2025-09-23 13:47:17,432 - Knowledge - INFO - done ingest for /app/data/kaviademo4200/1656/b70881y/book-project-1656/backend/book-app/src/main/java/com/karankumar/bookproject/goal/ReadingGoal.java
2025-09-23 13:47:17,548 - Knowledge - INFO - Fast-track processing for simple file: /app/data/kaviademo4200/1656/b70881y/book-project-1656/backend/book-app/src/main/resources/db/migration/V019__ALTER_USER_MAKE_EMAIL_NULLABLE.sql
2025-09-23 13:47:17,663 - Knowledge - INFO - Fast-track processing for simple file: /app/data/kaviademo4200/1656/b70881y/book-project-1656/backend/book-app/src/main/resources/db/migration/V014__ALTER_BOOK_ADD_ISBN.sql
2025-09-23 13:47:17,866 - Knowledge - INFO - process ingested knowledge for /app/data/kaviademo4200/1656/b70881y/book-project-1656/backend/book-app/src/main/java/com/karankumar/bookproject/goal/ReadingGoal.java
2025-09-23 13:47:17,961 - Knowledge - INFO - persist search terms embedding for backend/book-app/src/main/java/com/karankumar/bookproject/goal/ReadingGoalController.java
2025-09-23 13:47:17,988 - Knowledge - INFO - done fast ingest for /app/data/kaviademo4200/1656/b70881y/book-project-1656/backend/book-app/src/main/resources/db/migration/V019__ALTER_USER_MAKE_EMAIL_NULLABLE.sql
2025-09-23 13:47:18,111 - Knowledge - INFO - done fast ingest for /app/data/kaviademo4200/1656/b70881y/book-project-1656/backend/book-app/src/main/resources/db/migration/V014__ALTER_BOOK_ADD_ISBN.sql
2025-09-23 13:47:18,356 - Knowledge - INFO - worker kw7 pull /app/data/kaviademo4200/1656/b70881y/book-project-1656/backend/book-app/src/main/resources/db/migration/V009__CREATE_ROLE.sql from ingest queue
2025-09-23 13:47:18,462 - Knowledge - INFO - process ingested knowledge for /app/data/kaviademo4200/1656/b70881y/book-project-1656/backend/book-app/src/main/resources/db/migration/V019__ALTER_USER_MAKE_EMAIL_NULLABLE.sql
2025-09-23 13:47:18,597 - Knowledge - INFO - process ingested knowledge for /app/data/kaviademo4200/1656/b70881y/book-project-1656/backend/book-app/src/main/resources/db/migration/V014__ALTER_BOOK_ADD_ISBN.sql
2025-09-23 13:47:18,718 - Knowledge - INFO - Thread kw7 - File V009__CREATE_ROLE.sql - Remaining files in queue: 39
2025-09-23 13:47:18,827 - Knowledge - INFO - persist search terms embedding for backend/book-app/src/main/java/com/karankumar/bookproject/statistics/RatingStatistics.java
2025-09-23 13:47:19,020 - Knowledge - INFO - start ingest for /app/data/kaviademo4200/1656/b70881y/book-project-1656/backend/book-app/src/main/resources/db/migration/V009__CREATE_ROLE.sql
2025-09-23 13:47:19,129 - Knowledge - INFO - worker kw6 pull /app/data/kaviademo4200/1656/b70881y/book-project-1656/backend/book-app/src/main/java/com/karankumar/bookproject/book/dto/BookDto.java from ingest queue
2025-09-23 13:47:19,131 - Knowledge - INFO - Found code-base-name: https://github.com/kavia-common/book-project-1656.git:kavia-main
2025-09-23 13:47:19,133 - Knowledge - INFO - Found code-base-name: https://github.com/kavia-common/book-project-1656.git:kavia-main
2025-09-23 13:47:19,135 - Knowledge - INFO - worker kw1 pull /app/data/kaviademo4200/1656/b70881y/book-project-1656/backend/book-app/src/main/java/com/karankumar/bookproject/book/model/PredefinedShelfName.java from ingest queue
2025-09-23 13:47:19,149 - Knowledge - INFO - Found code-base-name: https://github.com/kavia-common/book-project-1656.git:kavia-main
2025-09-23 13:47:19,283 - Knowledge - INFO - Fast-track processing for simple file: /app/data/kaviademo4200/1656/b70881y/book-project-1656/backend/book-app/src/main/resources/db/migration/V009__CREATE_ROLE.sql
2025-09-23 13:47:19,388 - Knowledge - INFO - Thread kw6 - File BookDto.java - Remaining files in queue: 37
2025-09-23 13:47:19,507 - Knowledge - INFO - Found code_base: <app.utils.kg_build.knowledge.KnowledgeCodeBase object at 0x7f19d0023dd0>
2025-09-23 13:47:19,629 - Knowledge - INFO - Found code_base: <app.utils.kg_build.knowledge.KnowledgeCodeBase object at 0x7f19d0023dd0>
2025-09-23 13:47:19,641 - Knowledge - INFO - done ingest for /app/data/kaviademo4200/1656/b70881y/book-project-1656/backend/book-app/src/main/java/com/karankumar/bookproject/goal/ReadingGoalService.java
2025-09-23 13:47:19,725 - Knowledge - INFO - Thread kw1 - File PredefinedShelfName.java - Remaining files in queue: 37
2025-09-23 13:47:19,818 - Knowledge - INFO - Found code_base: <app.utils.kg_build.knowledge.KnowledgeCodeBase object at 0x7f19d0023dd0>
2025-09-23 13:47:19,945 - Knowledge - INFO - done fast ingest for /app/data/kaviademo4200/1656/b70881y/book-project-1656/backend/book-app/src/main/resources/db/migration/V009__CREATE_ROLE.sql
2025-09-23 13:47:20,043 - Knowledge - INFO - start ingest for /app/data/kaviademo4200/1656/b70881y/book-project-1656/backend/book-app/src/main/java/com/karankumar/bookproject/book/dto/BookDto.java
2025-09-23 13:47:20,128 - Knowledge - INFO - persist ingested knowledge for /app/data/kaviademo4200/1656/b70881y/book-project-1656/backend/book-app/src/main/resources/db/migration/V019__ALTER_USER_MAKE_EMAIL_NULLABLE.sql
2025-09-23 13:47:20,247 - Knowledge - INFO - persist ingested knowledge for /app/data/kaviademo4200/1656/b70881y/book-project-1656/backend/book-app/src/main/resources/db/migration/V014__ALTER_BOOK_ADD_ISBN.sql
2025-09-23 13:47:20,338 - Knowledge - INFO - process ingested knowledge for /app/data/kaviademo4200/1656/b70881y/book-project-1656/backend/book-app/src/main/java/com/karankumar/bookproject/goal/ReadingGoalService.java
2025-09-23 13:47:20,457 - Knowledge - INFO - start ingest for /app/data/kaviademo4200/1656/b70881y/book-project-1656/backend/book-app/src/main/java/com/karankumar/bookproject/book/model/PredefinedShelfName.java
2025-09-23 13:47:20,580 - Knowledge - INFO - persist ingested knowledge for /app/data/kaviademo4200/1656/b70881y/book-project-1656/backend/book-app/src/main/java/com/karankumar/bookproject/goal/ReadingGoal.java
2025-09-23 13:47:20,696 - Knowledge - INFO - process ingested knowledge for /app/data/kaviademo4200/1656/b70881y/book-project-1656/backend/book-app/src/main/resources/db/migration/V009__CREATE_ROLE.sql
2025-09-23 13:47:21,245 - Knowledge - INFO - Fast-track processing for simple file: /app/data/kaviademo4200/1656/b70881y/book-project-1656/backend/book-app/src/main/java/com/karankumar/bookproject/book/model/PredefinedShelfName.java
2025-09-23 13:47:21,291 - Knowledge - INFO - Found code-base-name: https://github.com/kavia-common/book-project-1656.git:kavia-main
2025-09-23 13:47:21,292 - Knowledge - INFO - worker kw22 pull /app/data/kaviademo4200/1656/b70881y/book-project-1656/backend/book-app/src/main/resources/db/migration/V016__ALTER_BOOK_ADD_PUBLICATION_YEAR.sql from ingest queue
2025-09-23 13:47:21,296 - Knowledge - INFO - worker kw20 pull /app/data/kaviademo4200/1656/b70881y/book-project-1656/backend/book-app/src/main/java/com/karankumar/bookproject/book/model/Author.java from ingest queue
2025-09-23 13:47:21,528 - Knowledge - INFO - done fast ingest for /app/data/kaviademo4200/1656/b70881y/book-project-1656/backend/book-app/src/main/java/com/karankumar/bookproject/book/model/PredefinedShelfName.java
2025-09-23 13:47:21,633 - Knowledge - INFO - Found code_base: <app.utils.kg_build.knowledge.KnowledgeCodeBase object at 0x7f19d0023dd0>
2025-09-23 13:47:21,767 - Knowledge - INFO - Thread kw22 - File V016__ALTER_BOOK_ADD_PUBLICATION_YEAR.sql - Remaining files in queue: 35
2025-09-23 13:47:21,852 - Knowledge - INFO - persist search terms embedding for backend/book-app/src/main/java/com/karankumar/bookproject/goal/ReadingGoal.java
2025-09-23 13:47:21,864 - Knowledge - INFO - Thread kw20 - File Author.java - Remaining files in queue: 35
2025-09-23 13:47:21,974 - Knowledge - INFO - process ingested knowledge for /app/data/kaviademo4200/1656/b70881y/book-project-1656/backend/book-app/src/main/java/com/karankumar/bookproject/book/model/PredefinedShelfName.java
2025-09-23 13:47:22,071 - Knowledge - INFO - persist ingested knowledge for /app/data/kaviademo4200/1656/b70881y/book-project-1656/backend/book-app/src/main/java/com/karankumar/bookproject/goal/ReadingGoalService.java
2025-09-23 13:47:22,189 - Knowledge - INFO - start ingest for /app/data/kaviademo4200/1656/b70881y/book-project-1656/backend/book-app/src/main/resources/db/migration/V016__ALTER_BOOK_ADD_PUBLICATION_YEAR.sql
2025-09-23 13:47:22,305 - Knowledge - INFO - Found code-base-name: https://github.com/kavia-common/book-project-1656.git:kavia-main
2025-09-23 13:47:22,306 - Knowledge - INFO - worker kw10 pull /app/data/kaviademo4200/1656/b70881y/book-project-1656/backend/book-app/src/main/resources/banner.txt from ingest queue
2025-09-23 13:47:22,414 - Knowledge - INFO - start ingest for /app/data/kaviademo4200/1656/b70881y/book-project-1656/backend/book-app/src/main/java/com/karankumar/bookproject/book/model/Author.java
2025-09-23 13:47:22,508 - Knowledge - INFO - Found code-base-name: https://github.com/kavia-common/book-project-1656.git:kavia-main
2025-09-23 13:47:22,768 - Knowledge - INFO - Fast-track processing for simple file: /app/data/kaviademo4200/1656/b70881y/book-project-1656/backend/book-app/src/main/resources/db/migration/V016__ALTER_BOOK_ADD_PUBLICATION_YEAR.sql
2025-09-23 13:47:22,831 - Knowledge - INFO - Found code_base: <app.utils.kg_build.knowledge.KnowledgeCodeBase object at 0x7f19d0023dd0>
2025-09-23 13:47:22,947 - Knowledge - INFO - done ingest for /app/data/kaviademo4200/1656/b70881y/book-project-1656/backend/book-app/src/main/java/com/karankumar/bookproject/account/exception/UserAlreadyRegisteredException.java
2025-09-23 13:47:22,978 - Knowledge - INFO - Thread kw10 - File banner.txt - Remaining files in queue: 34
2025-09-23 13:47:23,199 - Knowledge - INFO - Found code_base: <app.utils.kg_build.knowledge.KnowledgeCodeBase object at 0x7f19d0023dd0>
2025-09-23 13:47:23,253 - Knowledge - INFO - persist search terms embedding for backend/book-app/src/main/java/com/karankumar/bookproject/goal/ReadingGoalService.java
2025-09-23 13:47:23,327 - Knowledge - INFO - done fast ingest for /app/data/kaviademo4200/1656/b70881y/book-project-1656/backend/book-app/src/main/resources/db/migration/V016__ALTER_BOOK_ADD_PUBLICATION_YEAR.sql
2025-09-23 13:47:23,425 - Knowledge - INFO - persist ingested knowledge for /app/data/kaviademo4200/1656/b70881y/book-project-1656/backend/book-app/src/main/resources/db/migration/V009__CREATE_ROLE.sql
2025-09-23 13:47:23,534 - Knowledge - INFO - process ingested knowledge for /app/data/kaviademo4200/1656/b70881y/book-project-1656/backend/book-app/src/main/java/com/karankumar/bookproject/account/exception/UserAlreadyRegisteredException.java
2025-09-23 13:47:23,628 - Knowledge - INFO - start ingest for /app/data/kaviademo4200/1656/b70881y/book-project-1656/backend/book-app/src/main/resources/banner.txt
2025-09-23 13:47:23,722 - Knowledge - INFO - persist ingested knowledge for /app/data/kaviademo4200/1656/b70881y/book-project-1656/backend/book-app/src/main/java/com/karankumar/bookproject/book/model/PredefinedShelfName.java
2025-09-23 13:47:23,846 - Knowledge - INFO - worker kw25 pull /app/data/kaviademo4200/1656/b70881y/book-project-1656/backend/book-app/src/main/resources/db/migration/V008__CREATE_USER.sql from ingest queue
2025-09-23 13:47:23,974 - Knowledge - INFO - process ingested knowledge for /app/data/kaviademo4200/1656/b70881y/book-project-1656/backend/book-app/src/main/resources/db/migration/V016__ALTER_BOOK_ADD_PUBLICATION_YEAR.sql
2025-09-23 13:47:24,118 - Knowledge - INFO - done ingest for /app/data/kaviademo4200/1656/b70881y/book-project-1656/backend/book-app/src/main/java/com/karankumar/bookproject/book/json/LocalDateSerializer.java
2025-09-23 13:47:24,303 - Knowledge - INFO - Fast-track processing for simple file: /app/data/kaviademo4200/1656/b70881y/book-project-1656/backend/book-app/src/main/resources/banner.txt
2025-09-23 13:47:24,305 - Knowledge - INFO - Found code-base-name: https://github.com/kavia-common/book-project-1656.git:kavia-main
2025-09-23 13:47:24,310 - Knowledge - INFO - worker kw7 pull /app/data/kaviademo4200/1656/b70881y/book-project-1656/backend/book-app/src/main/resources/db/migration/V007__CREATE_BOOK_TAG.sql from ingest queue
2025-09-23 13:47:24,503 - Knowledge - INFO - Thread kw25 - File V008__CREATE_USER.sql - Remaining files in queue: 32
2025-09-23 13:47:24,568 - Knowledge - INFO - worker kw1 pull /app/data/kaviademo4200/1656/b70881y/book-project-1656/backend/book-app/src/main/resources/db/migration/V025__ALTER_AUTHOR_MAKE_NAME_FULL.sql from ingest queue
2025-09-23 13:47:24,584 - Knowledge - INFO - done ingest for /app/data/kaviademo4200/1656/b70881y/book-project-1656/backend/book-app/src/main/java/com/karankumar/bookproject/book/repository/TagRepository.java
2025-09-23 13:47:24,607 - Knowledge - INFO - Found code-base-name: https://github.com/kavia-common/book-project-1656.git:kavia-main
2025-09-23 13:47:24,744 - Knowledge - INFO - process ingested knowledge for /app/data/kaviademo4200/1656/b70881y/book-project-1656/backend/book-app/src/main/java/com/karankumar/bookproject/book/json/LocalDateSerializer.java
2025-09-23 13:47:24,842 - Knowledge - INFO - done fast ingest for /app/data/kaviademo4200/1656/b70881y/book-project-1656/backend/book-app/src/main/resources/banner.txt
2025-09-23 13:47:24,926 - Knowledge - INFO - Found code_base: <app.utils.kg_build.knowledge.KnowledgeCodeBase object at 0x7f19d0023dd0>
2025-09-23 13:47:25,031 - Knowledge - INFO - Thread kw7 - File V007__CREATE_BOOK_TAG.sql - Remaining files in queue: 31
2025-09-23 13:47:25,132 - Knowledge - INFO - start ingest for /app/data/kaviademo4200/1656/b70881y/book-project-1656/backend/book-app/src/main/resources/db/migration/V008__CREATE_USER.sql
2025-09-23 13:47:25,156 - Knowledge - INFO - done ingest for /app/data/kaviademo4200/1656/b70881y/book-project-1656/backend/book-app/src/main/java/com/karankumar/bookproject/book/repository/AuthorRepository.java
2025-09-23 13:47:25,228 - Knowledge - INFO - Thread kw1 - File V025__ALTER_AUTHOR_MAKE_NAME_FULL.sql - Remaining files in queue: 31
2025-09-23 13:47:25,373 - Knowledge - INFO - process ingested knowledge for /app/data/kaviademo4200/1656/b70881y/book-project-1656/backend/book-app/src/main/java/com/karankumar/bookproject/book/repository/TagRepository.java
2025-09-23 13:47:25,505 - Knowledge - INFO - Found code_base: <app.utils.kg_build.knowledge.KnowledgeCodeBase object at 0x7f19d0023dd0>
2025-09-23 13:47:25,625 - Knowledge - INFO - Found code-base-name: https://github.com/kavia-common/book-project-1656.git:kavia-main
2025-09-23 13:47:25,758 - Knowledge - INFO - process ingested knowledge for /app/data/kaviademo4200/1656/b70881y/book-project-1656/backend/book-app/src/main/resources/banner.txt
2025-09-23 13:47:25,855 - Knowledge - INFO - persist ingested knowledge for /app/data/kaviademo4200/1656/b70881y/book-project-1656/backend/book-app/src/main/java/com/karankumar/bookproject/account/exception/UserAlreadyRegisteredException.java
2025-09-23 13:47:25,970 - Knowledge - INFO - start ingest for /app/data/kaviademo4200/1656/b70881y/book-project-1656/backend/book-app/src/main/resources/db/migration/V007__CREATE_BOOK_TAG.sql
2025-09-23 13:47:26,121 - Knowledge - INFO - Fast-track processing for simple file: /app/data/kaviademo4200/1656/b70881y/book-project-1656/backend/book-app/src/main/resources/db/migration/V008__CREATE_USER.sql
2025-09-23 13:47:26,213 - Knowledge - INFO - process ingested knowledge for /app/data/kaviademo4200/1656/b70881y/book-project-1656/backend/book-app/src/main/java/com/karankumar/bookproject/book/repository/AuthorRepository.java
2025-09-23 13:47:26,322 - Knowledge - INFO - start ingest for /app/data/kaviademo4200/1656/b70881y/book-project-1656/backend/book-app/src/main/resources/db/migration/V025__ALTER_AUTHOR_MAKE_NAME_FULL.sql
2025-09-23 13:47:26,445 - Knowledge - INFO - Found code-base-name: https://github.com/kavia-common/book-project-1656.git:kavia-main
2025-09-23 13:47:26,539 - Knowledge - INFO - persist ingested knowledge for /app/data/kaviademo4200/1656/b70881y/book-project-1656/backend/book-app/src/main/resources/db/migration/V016__ALTER_BOOK_ADD_PUBLICATION_YEAR.sql
2025-09-23 13:47:26,652 - Knowledge - INFO - Found code_base: <app.utils.kg_build.knowledge.KnowledgeCodeBase object at 0x7f19d0023dd0>
2025-09-23 13:47:26,772 - Knowledge - INFO - Found code-base-name: https://github.com/kavia-common/book-project-1656.git:kavia-main
2025-09-23 13:47:27,016 - Knowledge - INFO - Fast-track processing for simple file: /app/data/kaviademo4200/1656/b70881y/book-project-1656/backend/book-app/src/main/resources/db/migration/V007__CREATE_BOOK_TAG.sql
2025-09-23 13:47:27,124 - Knowledge - INFO - done fast ingest for /app/data/kaviademo4200/1656/b70881y/book-project-1656/backend/book-app/src/main/resources/db/migration/V008__CREATE_USER.sql
2025-09-23 13:47:27,328 - Knowledge - INFO - persist search terms embedding for backend/book-app/src/main/java/com/karankumar/bookproject/account/exception/UserAlreadyRegisteredException.java
2025-09-23 13:47:27,368 - Knowledge - INFO - Fast-track processing for simple file: /app/data/kaviademo4200/1656/b70881y/book-project-1656/backend/book-app/src/main/resources/db/migration/V025__ALTER_AUTHOR_MAKE_NAME_FULL.sql
2025-09-23 13:47:27,486 - Knowledge - INFO - Found code_base: <app.utils.kg_build.knowledge.KnowledgeCodeBase object at 0x7f19d0023dd0>
2025-09-23 13:47:27,721 - Knowledge - INFO - persist ingested knowledge for /app/data/kaviademo4200/1656/b70881y/book-project-1656/backend/book-app/src/main/java/com/karankumar/bookproject/book/json/LocalDateSerializer.java
2025-09-23 13:47:27,861 - Knowledge - INFO - Found code_base: <app.utils.kg_build.knowledge.KnowledgeCodeBase object at 0x7f19d0023dd0>
2025-09-23 13:47:27,953 - Knowledge - INFO - done fast ingest for /app/data/kaviademo4200/1656/b70881y/book-project-1656/backend/book-app/src/main/resources/db/migration/V007__CREATE_BOOK_TAG.sql
2025-09-23 13:47:28,063 - Knowledge - INFO - process ingested knowledge for /app/data/kaviademo4200/1656/b70881y/book-project-1656/backend/book-app/src/main/resources/db/migration/V008__CREATE_USER.sql
2025-09-23 13:47:28,202 - Knowledge - INFO - Found code-base-name: https://github.com/kavia-common/book-project-1656.git:kavia-main
2025-09-23 13:47:28,284 - Knowledge - INFO - done fast ingest for /app/data/kaviademo4200/1656/b70881y/book-project-1656/backend/book-app/src/main/resources/db/migration/V025__ALTER_AUTHOR_MAKE_NAME_FULL.sql
2025-09-23 13:47:28,388 - Knowledge - INFO - persist ingested knowledge for /app/data/kaviademo4200/1656/b70881y/book-project-1656/backend/book-app/src/main/java/com/karankumar/bookproject/book/repository/TagRepository.java
2025-09-23 13:47:28,405 - Knowledge - INFO - worker kw15 pull /app/data/kaviademo4200/1656/b70881y/book-project-1656/backend/book-app/src/main/resources/db/migration/V015__ALTER_BOOK_ADD_FORMAT.sql from ingest queue
2025-09-23 13:47:28,408 - Knowledge - INFO - worker kw22 pull /app/data/kaviademo4200/1656/b70881y/book-project-1656/backend/book-app/src/main/resources/db/migration/V018__CREATE_BOOK_PUBLISHER.sql from ingest queue
2025-09-23 13:47:28,620 - Knowledge - INFO - persist ingested knowledge for /app/data/kaviademo4200/1656/b70881y/book-project-1656/backend/book-app/src/main/resources/banner.txt
2025-09-23 13:47:28,721 - Knowledge - INFO - process ingested knowledge for /app/data/kaviademo4200/1656/b70881y/book-project-1656/backend/book-app/src/main/resources/db/migration/V007__CREATE_BOOK_TAG.sql
2025-09-23 13:47:28,932 - Knowledge - INFO - Found code_base: <app.utils.kg_build.knowledge.KnowledgeCodeBase object at 0x7f19d0023dd0>
2025-09-23 13:47:28,932 - Knowledge - INFO - persist search terms embedding for backend/book-app/src/main/java/com/karankumar/bookproject/book/json/LocalDateSerializer.java
2025-09-23 13:47:29,029 - Knowledge - INFO - process ingested knowledge for /app/data/kaviademo4200/1656/b70881y/book-project-1656/backend/book-app/src/main/resources/db/migration/V025__ALTER_AUTHOR_MAKE_NAME_FULL.sql
2025-09-23 13:47:29,268 - Knowledge - INFO - Thread kw15 - File V015__ALTER_BOOK_ADD_FORMAT.sql - Remaining files in queue: 29
2025-09-23 13:47:29,383 - Knowledge - INFO - Thread kw22 - File V018__CREATE_BOOK_PUBLISHER.sql - Remaining files in queue: 29
2025-09-23 13:47:29,791 - Knowledge - INFO - done ingest for /app/data/kaviademo4200/1656/b70881y/book-project-1656/backend/book-app/src/main/java/com/karankumar/bookproject/goal/ReadingGoalCalculator.java
2025-09-23 13:47:29,811 - Knowledge - INFO - done ingest for /app/data/kaviademo4200/1656/b70881y/book-project-1656/backend/book-app/src/main/java/com/karankumar/bookproject/statistics/YearStatistics.java
2025-09-23 13:47:29,852 - Knowledge - INFO - persist ingested knowledge for /app/data/kaviademo4200/1656/b70881y/book-project-1656/backend/book-app/src/main/java/com/karankumar/bookproject/book/repository/AuthorRepository.java
2025-09-23 13:47:30,011 - Knowledge - INFO - Found code-base-name: https://github.com/kavia-common/book-project-1656.git:kavia-main
2025-09-23 13:47:30,241 - Knowledge - INFO - start ingest for /app/data/kaviademo4200/1656/b70881y/book-project-1656/backend/book-app/src/main/resources/db/migration/V015__ALTER_BOOK_ADD_FORMAT.sql
2025-09-23 13:47:30,329 - Knowledge - INFO - start ingest for /app/data/kaviademo4200/1656/b70881y/book-project-1656/backend/book-app/src/main/resources/db/migration/V018__CREATE_BOOK_PUBLISHER.sql
2025-09-23 13:47:30,443 - Knowledge - INFO - process ingested knowledge for /app/data/kaviademo4200/1656/b70881y/book-project-1656/backend/book-app/src/main/java/com/karankumar/bookproject/goal/ReadingGoalCalculator.java
2025-09-23 13:47:30,547 - Knowledge - INFO - process ingested knowledge for /app/data/kaviademo4200/1656/b70881y/book-project-1656/backend/book-app/src/main/java/com/karankumar/bookproject/statistics/YearStatistics.java
2025-09-23 13:47:30,560 - Knowledge - INFO - persist search terms embedding for backend/book-app/src/main/java/com/karankumar/bookproject/book/repository/TagRepository.java
2025-09-23 13:47:30,792 - Knowledge - INFO - Found code_base: <app.utils.kg_build.knowledge.KnowledgeCodeBase object at 0x7f19d0023dd0>
2025-09-23 13:47:30,966 - Knowledge - INFO - Fast-track processing for simple file: /app/data/kaviademo4200/1656/b70881y/book-project-1656/backend/book-app/src/main/resources/db/migration/V015__ALTER_BOOK_ADD_FORMAT.sql
2025-09-23 13:47:30,975 - Knowledge - INFO - done ingest for /app/data/kaviademo4200/1656/b70881y/book-project-1656/backend/book-app/src/main/java/com/karankumar/bookproject/statistics/Statistics.java
2025-09-23 13:47:31,044 - Knowledge - INFO - Fast-track processing for simple file: /app/data/kaviademo4200/1656/b70881y/book-project-1656/backend/book-app/src/main/resources/db/migration/V018__CREATE_BOOK_PUBLISHER.sql
2025-09-23 13:47:31,398 - Knowledge - INFO - done ingest for /app/data/kaviademo4200/1656/b70881y/book-project-1656/backend/book-app/src/main/java/com/karankumar/bookproject/book/model/BookFormat.java
2025-09-23 13:47:31,451 - Knowledge - INFO - persist ingested knowledge for /app/data/kaviademo4200/1656/b70881y/book-project-1656/backend/book-app/src/main/resources/db/migration/V008__CREATE_USER.sql
2025-09-23 13:47:31,543 - Knowledge - INFO - Found code-base-name: https://github.com/kavia-common/book-project-1656.git:kavia-main
2025-09-23 13:47:31,546 - Knowledge - INFO - worker kw8 pull /app/data/kaviademo4200/1656/b70881y/book-project-1656/backend/book-app/src/main/resources/db/migration/V002__CREATE_BOOK.sql from ingest queue
2025-09-23 13:47:31,560 - Knowledge - INFO - done fast ingest for /app/data/kaviademo4200/1656/b70881y/book-project-1656/backend/book-app/src/main/resources/db/migration/V015__ALTER_BOOK_ADD_FORMAT.sql
2025-09-23 13:47:31,701 - Knowledge - INFO - process ingested knowledge for /app/data/kaviademo4200/1656/b70881y/book-project-1656/backend/book-app/src/main/java/com/karankumar/bookproject/statistics/Statistics.java
2025-09-23 13:47:31,846 - Knowledge - INFO - done fast ingest for /app/data/kaviademo4200/1656/b70881y/book-project-1656/backend/book-app/src/main/resources/db/migration/V018__CREATE_BOOK_PUBLISHER.sql
2025-09-23 13:47:31,873 - Knowledge - INFO - done ingest for /app/data/kaviademo4200/1656/b70881y/book-project-1656/backend/book-app/src/main/java/com/karankumar/bookproject/book/service/AuthorService.java
2025-09-23 13:47:31,962 - Knowledge - INFO - process ingested knowledge for /app/data/kaviademo4200/1656/b70881y/book-project-1656/backend/book-app/src/main/java/com/karankumar/bookproject/book/model/BookFormat.java
2025-09-23 13:47:32,177 - Knowledge - INFO - Found code_base: <app.utils.kg_build.knowledge.KnowledgeCodeBase object at 0x7f19d0023dd0>
2025-09-23 13:47:32,271 - Knowledge - INFO - Thread kw8 - File V002__CREATE_BOOK.sql - Remaining files in queue: 28
2025-09-23 13:47:32,417 - Knowledge - INFO - process ingested knowledge for /app/data/kaviademo4200/1656/b70881y/book-project-1656/backend/book-app/src/main/resources/db/migration/V015__ALTER_BOOK_ADD_FORMAT.sql
2025-09-23 13:47:32,459 - Knowledge - INFO - persist search terms embedding for backend/book-app/src/main/java/com/karankumar/bookproject/book/repository/AuthorRepository.java
2025-09-23 13:47:32,641 - Knowledge - INFO - process ingested knowledge for /app/data/kaviademo4200/1656/b70881y/book-project-1656/backend/book-app/src/main/resources/db/migration/V018__CREATE_BOOK_PUBLISHER.sql
2025-09-23 13:47:32,789 - Knowledge - INFO - process ingested knowledge for /app/data/kaviademo4200/1656/b70881y/book-project-1656/backend/book-app/src/main/java/com/karankumar/bookproject/book/service/AuthorService.java
2025-09-23 13:47:33,012 - Knowledge - INFO - persist ingested knowledge for /app/data/kaviademo4200/1656/b70881y/book-project-1656/backend/book-app/src/main/resources/db/migration/V007__CREATE_BOOK_TAG.sql
2025-09-23 13:47:33,126 - Knowledge - INFO - start ingest for /app/data/kaviademo4200/1656/b70881y/book-project-1656/backend/book-app/src/main/resources/db/migration/V002__CREATE_BOOK.sql
2025-09-23 13:47:33,327 - Knowledge - INFO - Found code-base-name: https://github.com/kavia-common/book-project-1656.git:kavia-main
2025-09-23 13:47:33,333 - Knowledge - INFO - Found code-base-name: https://github.com/kavia-common/book-project-1656.git:kavia-main
2025-09-23 13:47:33,947 - Knowledge - INFO - Found code_base: <app.utils.kg_build.knowledge.KnowledgeCodeBase object at 0x7f19d0023dd0>
2025-09-23 13:47:33,349 - Knowledge - INFO - worker kw10 pull /app/data/kaviademo4200/1656/b70881y/book-project-1656/backend/book-app/src/main/resources/db/migration/V024__CREATE_BOOK_GENRE.sql from ingest queue
2025-09-23 13:47:33,533 - Knowledge - INFO - Found code-base-name: https://github.com/kavia-common/book-project-1656.git:kavia-main
2025-09-23 13:47:33,534 - Knowledge - INFO - Found code-base-name: https://github.com/kavia-common/book-project-1656.git:kavia-main
2025-09-23 13:47:33,535 - Knowledge - INFO - worker kw29 pull /app/data/kaviademo4200/1656/b70881y/book-project-1656/backend/book-app/src/main/java/com/karankumar/bookproject/Mappings.java from ingest queue
2025-09-23 13:47:33,541 - Knowledge - INFO - Found code-base-name: https://github.com/kavia-common/book-project-1656.git:kavia-main
2025-09-23 13:47:33,544 - Knowledge - INFO - Found code-base-name: https://github.com/kavia-common/book-project-1656.git:kavia-main
2025-09-23 13:47:33,545 - Knowledge - INFO - Found code-base-name: https://github.com/kavia-common/book-project-1656.git:kavia-main
2025-09-23 13:47:33,551 - Knowledge - INFO - worker kw25 pull /app/data/kaviademo4200/1656/b70881y/book-project-1656/backend/book-app/src/main/resources/db/migration/V022__ALTER_PUBLISHER_MAKE_NAME_UNIQUE.sql from ingest queue
2025-09-23 13:47:33,575 - Knowledge - INFO - Found code-base-name: https://github.com/kavia-common/book-project-1656.git:kavia-main
2025-09-23 13:47:33,794 - Knowledge - INFO - worker kw7 pull /app/data/kaviademo4200/1656/b70881y/book-project-1656/backend/book-app/src/main/resources/db/migration/V010__CREATE_USER_ROLE.sql from ingest queue
2025-09-23 13:47:33,838 - Knowledge - INFO - done ingest for /app/data/kaviademo4200/1656/b70881y/book-project-1656/backend/book-app/src/main/java/com/karankumar/bookproject/book/model/Tag.java
2025-09-23 13:47:33,852 - Knowledge - INFO - Found code_base: <app.utils.kg_build.knowledge.KnowledgeCodeBase object at 0x7f19d0023dd0>
2025-09-23 13:47:33,339 - Knowledge - INFO - worker kw12 pull /app/data/kaviademo4200/1656/b70881y/book-project-1656/backend/book-app/src/main/resources/db/migration/V011__CREATE_UID_SEQUENCE.sql from ingest queue
2025-09-23 13:47:34,063 - Knowledge - INFO - persist ingested knowledge for /app/data/kaviademo4200/1656/b70881y/book-project-1656/backend/book-app/src/main/java/com/karankumar/bookproject/statistics/YearStatistics.java
2025-09-23 13:47:34,209 - Knowledge - INFO - Thread kw10 - File V024__CREATE_BOOK_GENRE.sql - Remaining files in queue: 23
2025-09-23 13:47:34,332 - Knowledge - INFO - Found code_base: <app.utils.kg_build.knowledge.KnowledgeCodeBase object at 0x7f19d0023dd0>
2025-09-23 13:47:34,440 - Knowledge - INFO - Found code_base: <app.utils.kg_build.knowledge.KnowledgeCodeBase object at 0x7f19d0023dd0>
2025-09-23 13:47:34,500 - Knowledge - INFO - done ingest for /app/data/kaviademo4200/1656/b70881y/book-project-1656/backend/book-app/src/main/java/com/karankumar/bookproject/book/dto/BookPatchDto.java
2025-09-23 13:47:34,536 - Knowledge - INFO - Thread kw29 - File Mappings.java - Remaining files in queue: 23
2025-09-23 13:47:34,635 - Knowledge - INFO - Found code_base: <app.utils.kg_build.knowledge.KnowledgeCodeBase object at 0x7f19d0023dd0>
2025-09-23 13:47:34,761 - Knowledge - INFO - Found code_base: <app.utils.kg_build.knowledge.KnowledgeCodeBase object at 0x7f19d0023dd0>
2025-09-23 13:47:34,882 - Knowledge - INFO - Found code_base: <app.utils.kg_build.knowledge.KnowledgeCodeBase object at 0x7f19d0023dd0>
2025-09-23 13:47:34,971 - Knowledge - INFO - done ingest for /app/data/kaviademo4200/1656/b70881y/book-project-1656/backend/book-app/src/main/java/com/karankumar/bookproject/book/model/BookGenre.java
2025-09-23 13:47:34,997 - Knowledge - INFO - Thread kw25 - File V022__ALTER_PUBLISHER_MAKE_NAME_UNIQUE.sql - Remaining files in queue: 23
2025-09-23 13:47:35,115 - Knowledge - INFO - Found code_base: <app.utils.kg_build.knowledge.KnowledgeCodeBase object at 0x7f19d0023dd0>
2025-09-23 13:47:35,258 - Knowledge - INFO - Thread kw7 - File V010__CREATE_USER_ROLE.sql - Remaining files in queue: 23
2025-09-23 13:47:35,328 - Knowledge - INFO - done ingest for /app/data/kaviademo4200/1656/b70881y/book-project-1656/backend/book-app/src/main/java/com/karankumar/bookproject/book/service/PublisherService.java
2025-09-23 13:47:35,385 - Knowledge - INFO - process ingested knowledge for /app/data/kaviademo4200/1656/b70881y/book-project-1656/backend/book-app/src/main/java/com/karankumar/bookproject/book/model/Tag.java
2025-09-23 13:47:35,462 - Knowledge - INFO - persist ingested knowledge for /app/data/kaviademo4200/1656/b70881y/book-project-1656/backend/book-app/src/main/java/com/karankumar/bookproject/goal/ReadingGoalCalculator.java
2025-09-23 13:47:35,566 - Knowledge - INFO - Thread kw12 - File V011__CREATE_UID_SEQUENCE.sql - Remaining files in queue: 23
2025-09-23 13:47:35,753 - Knowledge - INFO - done ingest for /app/data/kaviademo4200/1656/b70881y/book-project-1656/backend/book-app/src/main/java/com/karankumar/bookproject/book/model/Publisher.java
2025-09-23 13:47:35,836 - Knowledge - INFO - start ingest for /app/data/kaviademo4200/1656/b70881y/book-project-1656/backend/book-app/src/main/resources/db/migration/V024__CREATE_BOOK_GENRE.sql
2025-09-23 13:47:35,939 - Knowledge - INFO - persist ingested knowledge for /app/data/kaviademo4200/1656/b70881y/book-project-1656/backend/book-app/src/main/java/com/karankumar/bookproject/book/model/BookFormat.java
2025-09-23 13:47:36,016 - Knowledge - INFO - persist ingested knowledge for /app/data/kaviademo4200/1656/b70881y/book-project-1656/backend/book-app/src/main/resources/db/migration/V015__ALTER_BOOK_ADD_FORMAT.sql
2025-09-23 13:47:36,099 - Knowledge - INFO - process ingested knowledge for /app/data/kaviademo4200/1656/b70881y/book-project-1656/backend/book-app/src/main/java/com/karankumar/bookproject/book/dto/BookPatchDto.java
2025-09-23 13:47:36,154 - Knowledge - INFO - persist search terms embedding for backend/book-app/src/main/java/com/karankumar/bookproject/statistics/YearStatistics.java
2025-09-23 13:47:36,189 - Knowledge - INFO - start ingest for /app/data/kaviademo4200/1656/b70881y/book-project-1656/backend/book-app/src/main/java/com/karankumar/bookproject/Mappings.java
2025-09-23 13:47:36,313 - Knowledge - INFO - persist ingested knowledge for /app/data/kaviademo4200/1656/b70881y/book-project-1656/backend/book-app/src/main/resources/db/migration/V025__ALTER_AUTHOR_MAKE_NAME_FULL.sql
2025-09-23 13:47:36,421 - Knowledge - INFO - persist ingested knowledge for /app/data/kaviademo4200/1656/b70881y/book-project-1656/backend/book-app/src/main/resources/db/migration/V018__CREATE_BOOK_PUBLISHER.sql
2025-09-23 13:47:36,554 - Knowledge - INFO - persist ingested knowledge for /app/data/kaviademo4200/1656/b70881y/book-project-1656/backend/book-app/src/main/java/com/karankumar/bookproject/book/service/AuthorService.java
2025-09-23 13:47:36,697 - Knowledge - INFO - process ingested knowledge for /app/data/kaviademo4200/1656/b70881y/book-project-1656/backend/book-app/src/main/java/com/karankumar/bookproject/book/model/BookGenre.java
2025-09-23 13:47:36,798 - Knowledge - INFO - start ingest for /app/data/kaviademo4200/1656/b70881y/book-project-1656/backend/book-app/src/main/resources/db/migration/V022__ALTER_PUBLISHER_MAKE_NAME_UNIQUE.sql
2025-09-23 13:47:36,901 - Knowledge - INFO - persist ingested knowledge for /app/data/kaviademo4200/1656/b70881y/book-project-1656/backend/book-app/src/main/java/com/karankumar/bookproject/statistics/Statistics.java
2025-09-23 13:47:37,049 - Knowledge - INFO - start ingest for /app/data/kaviademo4200/1656/b70881y/book-project-1656/backend/book-app/src/main/resources/db/migration/V010__CREATE_USER_ROLE.sql
2025-09-23 13:47:37,144 - Knowledge - INFO - process ingested knowledge for /app/data/kaviademo4200/1656/b70881y/book-project-1656/backend/book-app/src/main/java/com/karankumar/bookproject/book/service/PublisherService.java
2025-09-23 13:47:37,392 - Knowledge - INFO - done ingest for /app/data/kaviademo4200/1656/b70881y/book-project-1656/backend/book-app/src/main/java/com/karankumar/bookproject/book/BookUtils.java
2025-09-23 13:47:37,458 - Knowledge - INFO - start ingest for /app/data/kaviademo4200/1656/b70881y/book-project-1656/backend/book-app/src/main/resources/db/migration/V011__CREATE_UID_SEQUENCE.sql
2025-09-23 13:47:37,600 - Knowledge - INFO - process ingested knowledge for /app/data/kaviademo4200/1656/b70881y/book-project-1656/backend/book-app/src/main/java/com/karankumar/bookproject/book/model/Publisher.java
2025-09-23 13:47:37,726 - Knowledge - INFO - done ingest for /app/data/kaviademo4200/1656/b70881y/book-project-1656/backend/book-app/src/main/resources/db/migration/V002__CREATE_BOOK.sql
2025-09-23 13:47:37,740 - Knowledge - INFO - Fast-track processing for simple file: /app/data/kaviademo4200/1656/b70881y/book-project-1656/backend/book-app/src/main/resources/db/migration/V024__CREATE_BOOK_GENRE.sql
2025-09-23 13:47:38,166 - Knowledge - INFO - Found code-base-name: https://github.com/kavia-common/book-project-1656.git:kavia-main
2025-09-23 13:47:38,320 - Knowledge - INFO - Fast-track processing for simple file: /app/data/kaviademo4200/1656/b70881y/book-project-1656/backend/book-app/src/main/java/com/karankumar/bookproject/Mappings.java
2025-09-23 13:47:38,643 - Knowledge - INFO - done ingest for /app/data/kaviademo4200/1656/b70881y/book-project-1656/backend/book-app/src/main/java/com/karankumar/bookproject/book/repository/BookRepository.java
2025-09-23 13:47:38,644 - Knowledge - INFO - done ingest for /app/data/kaviademo4200/1656/b70881y/book-project-1656/backend/book-app/src/main/java/com/karankumar/bookproject/book/model/RatingScale.java
2025-09-23 13:47:38,760 - Knowledge - INFO - persist search terms embedding for backend/book-app/src/main/java/com/karankumar/bookproject/goal/ReadingGoalCalculator.java
2025-09-23 13:47:38,924 - Knowledge - INFO - Fast-track processing for simple file: /app/data/kaviademo4200/1656/b70881y/book-project-1656/backend/book-app/src/main/resources/db/migration/V022__ALTER_PUBLISHER_MAKE_NAME_UNIQUE.sql
2025-09-23 13:47:39,140 - Knowledge - INFO - Fast-track processing for simple file: /app/data/kaviademo4200/1656/b70881y/book-project-1656/backend/book-app/src/main/resources/db/migration/V010__CREATE_USER_ROLE.sql
2025-09-23 13:47:39,301 - Knowledge - INFO - process ingested knowledge for /app/data/kaviademo4200/1656/b70881y/book-project-1656/backend/book-app/src/main/java/com/karankumar/bookproject/book/BookUtils.java
2025-09-23 13:47:39,422 - Knowledge - INFO - Fast-track processing for simple file: /app/data/kaviademo4200/1656/b70881y/book-project-1656/backend/book-app/src/main/resources/db/migration/V011__CREATE_UID_SEQUENCE.sql
2025-09-23 13:47:39,571 - Knowledge - INFO - done ingest for /app/data/kaviademo4200/1656/b70881y/book-project-1656/backend/book-app/src/main/java/com/karankumar/bookproject/book/dto/BookDto.java
2025-09-23 13:47:39,585 - Knowledge - INFO - process ingested knowledge for /app/data/kaviademo4200/1656/b70881y/book-project-1656/backend/book-app/src/main/resources/db/migration/V002__CREATE_BOOK.sql
2025-09-23 13:47:39,679 - Knowledge - INFO - done fast ingest for /app/data/kaviademo4200/1656/b70881y/book-project-1656/backend/book-app/src/main/resources/db/migration/V024__CREATE_BOOK_GENRE.sql
2025-09-23 13:47:39,809 - Knowledge - INFO - Found code_base: <app.utils.kg_build.knowledge.KnowledgeCodeBase object at 0x7f19d0023dd0>
2025-09-23 13:47:39,910 - Knowledge - INFO - done fast ingest for /app/data/kaviademo4200/1656/b70881y/book-project-1656/backend/book-app/src/main/java/com/karankumar/bookproject/Mappings.java
2025-09-23 13:47:40,011 - Knowledge - INFO - process ingested knowledge for /app/data/kaviademo4200/1656/b70881y/book-project-1656/backend/book-app/src/main/java/com/karankumar/bookproject/book/repository/BookRepository.java
2025-09-23 13:47:40,113 - Knowledge - INFO - process ingested knowledge for /app/data/kaviademo4200/1656/b70881y/book-project-1656/backend/book-app/src/main/java/com/karankumar/bookproject/book/model/RatingScale.java
2025-09-23 13:47:40,205 - Knowledge - INFO - done ingest for /app/data/kaviademo4200/1656/b70881y/book-project-1656/backend/book-app/src/main/java/com/karankumar/bookproject/statistics/GenreStatistics.java
2025-09-23 13:47:40,320 - Knowledge - INFO - done fast ingest for /app/data/kaviademo4200/1656/b70881y/book-project-1656/backend/book-app/src/main/resources/db/migration/V022__ALTER_PUBLISHER_MAKE_NAME_UNIQUE.sql
2025-09-23 13:47:40,431 - Knowledge - INFO - done fast ingest for /app/data/kaviademo4200/1656/b70881y/book-project-1656/backend/book-app/src/main/resources/db/migration/V010__CREATE_USER_ROLE.sql
2025-09-23 13:47:40,665 - Knowledge - INFO - done fast ingest for /app/data/kaviademo4200/1656/b70881y/book-project-1656/backend/book-app/src/main/resources/db/migration/V011__CREATE_UID_SEQUENCE.sql
2025-09-23 13:47:40,761 - Knowledge - INFO - process ingested knowledge for /app/data/kaviademo4200/1656/b70881y/book-project-1656/backend/book-app/src/main/java/com/karankumar/bookproject/book/dto/BookDto.java
2025-09-23 13:47:40,798 - Knowledge - INFO - done ingest for /app/data/kaviademo4200/1656/b70881y/book-project-1656/backend/book-app/src/main/java/com/karankumar/bookproject/book/service/TagService.java
2025-09-23 13:47:40,821 - Knowledge - INFO - persist search terms embedding for backend/book-app/src/main/java/com/karankumar/bookproject/book/model/BookFormat.java
2025-09-23 13:47:41,009 - Knowledge - INFO - process ingested knowledge for /app/data/kaviademo4200/1656/b70881y/book-project-1656/backend/book-app/src/main/resources/db/migration/V024__CREATE_BOOK_GENRE.sql
2025-09-23 13:47:41,146 - Knowledge - INFO - persist ingested knowledge for /app/data/kaviademo4200/1656/b70881y/book-project-1656/backend/book-app/src/main/java/com/karankumar/bookproject/book/model/Tag.java
2025-09-23 13:47:41,248 - Knowledge - INFO - process ingested knowledge for /app/data/kaviademo4200/1656/b70881y/book-project-1656/backend/book-app/src/main/java/com/karankumar/bookproject/Mappings.java
2025-09-23 13:47:41,583 - Knowledge - INFO - process ingested knowledge for /app/data/kaviademo4200/1656/b70881y/book-project-1656/backend/book-app/src/main/java/com/karankumar/bookproject/statistics/GenreStatistics.java
2025-09-23 13:47:41,699 - Knowledge - INFO - process ingested knowledge for /app/data/kaviademo4200/1656/b70881y/book-project-1656/backend/book-app/src/main/resources/db/migration/V022__ALTER_PUBLISHER_MAKE_NAME_UNIQUE.sql
2025-09-23 13:47:41,807 - Knowledge - INFO - process ingested knowledge for /app/data/kaviademo4200/1656/b70881y/book-project-1656/backend/book-app/src/main/resources/db/migration/V010__CREATE_USER_ROLE.sql
2025-09-23 13:47:41,985 - Knowledge - INFO - process ingested knowledge for /app/data/kaviademo4200/1656/b70881y/book-project-1656/backend/book-app/src/main/resources/db/migration/V011__CREATE_UID_SEQUENCE.sql
2025-09-23 13:47:42,203 - Knowledge - INFO - process ingested knowledge for /app/data/kaviademo4200/1656/b70881y/book-project-1656/backend/book-app/src/main/java/com/karankumar/bookproject/book/service/TagService.java
2025-09-23 13:47:42,240 - Knowledge - INFO - done ingest for /app/data/kaviademo4200/1656/b70881y/book-project-1656/backend/book-app/src/main/java/com/karankumar/bookproject/account/service/UserService.java
2025-09-23 13:47:42,443 - Knowledge - INFO - Found code-base-name: https://github.com/kavia-common/book-project-1656.git:kavia-main
2025-09-23 13:47:42,444 - Knowledge - INFO - worker kw23 pull /app/data/kaviademo4200/1656/b70881y/book-project-1656/backend/book-app/src/main/resources/db/migration/V013__MAKE_SHELVES_PER_USER.sql from ingest queue
2025-09-23 13:47:42,961 - Knowledge - INFO - done ingest for /app/data/kaviademo4200/1656/b70881y/book-project-1656/backend/book-app/src/main/java/com/karankumar/bookproject/book/model/Author.java
2025-09-23 13:47:43,183 - Knowledge - INFO - persist search terms embedding for backend/book-app/src/main/java/com/karankumar/bookproject/book/service/AuthorService.java
2025-09-23 13:47:43,498 - Knowledge - INFO - process ingested knowledge for /app/data/kaviademo4200/1656/b70881y/book-project-1656/backend/book-app/src/main/java/com/karankumar/bookproject/account/service/UserService.java
2025-09-23 13:47:43,631 - Knowledge - INFO - Found code_base: <app.utils.kg_build.knowledge.KnowledgeCodeBase object at 0x7f19d0023dd0>
2025-09-23 13:47:43,777 - Knowledge - INFO - Thread kw23 - File V013__MAKE_SHELVES_PER_USER.sql - Remaining files in queue: 22
2025-09-23 13:47:43,898 - Knowledge - INFO - process ingested knowledge for /app/data/kaviademo4200/1656/b70881y/book-project-1656/backend/book-app/src/main/java/com/karankumar/bookproject/book/model/Author.java
2025-09-23 13:47:44,027 - Knowledge - INFO - Found code-base-name: https://github.com/kavia-common/book-project-1656.git:kavia-main
2025-09-23 13:47:44,671 - Knowledge - INFO - persist ingested knowledge for /app/data/kaviademo4200/1656/b70881y/book-project-1656/backend/book-app/src/main/java/com/karankumar/bookproject/book/dto/BookPatchDto.java
2025-09-23 13:47:44,690 - Knowledge - INFO - done ingest for /app/data/kaviademo4200/1656/b70881y/book-project-1656/backend/book-app/src/main/java/com/karankumar/bookproject/book/controller/BookController.java
2025-09-23 13:47:44,780 - Knowledge - INFO - start ingest for /app/data/kaviademo4200/1656/b70881y/book-project-1656/backend/book-app/src/main/resources/db/migration/V013__MAKE_SHELVES_PER_USER.sql
2025-09-23 13:47:45,161 - Knowledge - INFO - Found code_base: <app.utils.kg_build.knowledge.KnowledgeCodeBase object at 0x7f19d0023dd0>
2025-09-23 13:47:45,481 - Knowledge - INFO - process ingested knowledge for /app/data/kaviademo4200/1656/b70881y/book-project-1656/backend/book-app/src/main/java/com/karankumar/bookproject/book/controller/BookController.java
2025-09-23 13:47:45,604 - Knowledge - INFO - persist search terms embedding for backend/book-app/src/main/java/com/karankumar/bookproject/statistics/Statistics.java
2025-09-23 13:47:45,857 - Knowledge - INFO - Fast-track processing for simple file: /app/data/kaviademo4200/1656/b70881y/book-project-1656/backend/book-app/src/main/resources/db/migration/V013__MAKE_SHELVES_PER_USER.sql
2025-09-23 13:47:45,882 - Knowledge - INFO - persist ingested knowledge for /app/data/kaviademo4200/1656/b70881y/book-project-1656/backend/book-app/src/main/java/com/karankumar/bookproject/book/model/BookGenre.java
2025-09-23 13:47:45,920 - Knowledge - INFO - done ingest for /app/data/kaviademo4200/1656/b70881y/book-project-1656/backend/book-app/src/main/java/com/karankumar/bookproject/book/model/Book.java
2025-09-23 13:47:45,965 - Knowledge - INFO - done ingest for /app/data/kaviademo4200/1656/b70881y/book-project-1656/backend/book-app/src/main/java/com/karankumar/bookproject/book/service/BookService.java
2025-09-23 13:47:46,076 - Knowledge - INFO - Found code-base-name: https://github.com/kavia-common/book-project-1656.git:kavia-main
2025-09-23 13:47:46,076 - Knowledge - INFO - Found code-base-name: https://github.com/kavia-common/book-project-1656.git:kavia-main
2025-09-23 13:47:46,077 - Knowledge - INFO - worker kw21 pull /app/data/kaviademo4200/1656/b70881y/book-project-1656/backend/book-app/src/main/resources/db/migration/V004__CREATE_READING_GOAL.sql from ingest queue
2025-09-23 13:47:46,077 - Knowledge - INFO - Found code-base-name: https://github.com/kavia-common/book-project-1656.git:kavia-main
2025-09-23 13:47:46,078 - Knowledge - INFO - Found code-base-name: https://github.com/kavia-common/book-project-1656.git:kavia-main
2025-09-23 13:47:46,078 - Knowledge - INFO - Found code-base-name: https://github.com/kavia-common/book-project-1656.git:kavia-main
2025-09-23 13:47:46,078 - Knowledge - INFO - Found code-base-name: https://github.com/kavia-common/book-project-1656.git:kavia-main
2025-09-23 13:47:46,078 - Knowledge - INFO - worker kw13 pull /app/data/kaviademo4200/1656/b70881y/book-project-1656/backend/book-app/src/main/resources/db/migration/V028__CREATE_HIBERNATE_SEQUENCE.sql from ingest queue
2025-09-23 13:47:46,078 - Knowledge - INFO - Found code-base-name: https://github.com/kavia-common/book-project-1656.git:kavia-main
2025-09-23 13:47:46,155 - Knowledge - INFO - done fast ingest for /app/data/kaviademo4200/1656/b70881y/book-project-1656/backend/book-app/src/main/resources/db/migration/V013__MAKE_SHELVES_PER_USER.sql
2025-09-23 13:47:46,156 - Knowledge - INFO - worker kw1 pull /app/data/kaviademo4200/1656/b70881y/book-project-1656/backend/book-app/src/main/resources/db/migration/V001__CREATE_AUTHOR.sql from ingest queue
2025-09-23 13:47:46,343 - Knowledge - INFO - process ingested knowledge for /app/data/kaviademo4200/1656/b70881y/book-project-1656/backend/book-app/src/main/java/com/karankumar/bookproject/book/model/Book.java
2025-09-23 13:47:46,441 - Knowledge - INFO - process ingested knowledge for /app/data/kaviademo4200/1656/b70881y/book-project-1656/backend/book-app/src/main/java/com/karankumar/bookproject/book/service/BookService.java
2025-09-23 13:47:46,516 - Knowledge - INFO - Found code_base: <app.utils.kg_build.knowledge.KnowledgeCodeBase object at 0x7f19d0023dd0>
2025-09-23 13:47:46,519 - Knowledge - INFO - persist search terms embedding for backend/book-app/src/main/java/com/karankumar/bookproject/book/model/Tag.java
2025-09-23 13:47:46,596 - Knowledge - INFO - Found code_base: <app.utils.kg_build.knowledge.KnowledgeCodeBase object at 0x7f19d0023dd0>
2025-09-23 13:47:46,717 - Knowledge - INFO - Thread kw21 - File V004__CREATE_READING_GOAL.sql - Remaining files in queue: 19
2025-09-23 13:47:46,836 - Knowledge - INFO - Found code_base: <app.utils.kg_build.knowledge.KnowledgeCodeBase object at 0x7f19d0023dd0>
2025-09-23 13:47:46,945 - Knowledge - INFO - Found code_base: <app.utils.kg_build.knowledge.KnowledgeCodeBase object at 0x7f19d0023dd0>
2025-09-23 13:47:47,021 - Knowledge - INFO - Found code_base: <app.utils.kg_build.knowledge.KnowledgeCodeBase object at 0x7f19d0023dd0>
2025-09-23 13:47:47,136 - Knowledge - INFO - Found code_base: <app.utils.kg_build.knowledge.KnowledgeCodeBase object at 0x7f19d0023dd0>
2025-09-23 13:47:47,241 - Knowledge - INFO - Thread kw13 - File V028__CREATE_HIBERNATE_SEQUENCE.sql - Remaining files in queue: 19
2025-09-23 13:47:47,357 - Knowledge - INFO - Found code_base: <app.utils.kg_build.knowledge.KnowledgeCodeBase object at 0x7f19d0023dd0>
2025-09-23 13:47:47,437 - Knowledge - INFO - process ingested knowledge for /app/data/kaviademo4200/1656/b70881y/book-project-1656/backend/book-app/src/main/resources/db/migration/V013__MAKE_SHELVES_PER_USER.sql
2025-09-23 13:47:47,513 - Knowledge - INFO - Thread kw1 - File V001__CREATE_AUTHOR.sql - Remaining files in queue: 19
2025-09-23 13:47:47,813 - Knowledge - INFO - persist ingested knowledge for /app/data/kaviademo4200/1656/b70881y/book-project-1656/backend/book-app/src/main/java/com/karankumar/bookproject/book/service/PublisherService.java
2025-09-23 13:47:47,933 - Knowledge - INFO - Found code-base-name: https://github.com/kavia-common/book-project-1656.git:kavia-main
2025-09-23 13:47:47,934 - Knowledge - INFO - Found code-base-name: https://github.com/kavia-common/book-project-1656.git:kavia-main
2025-09-23 13:47:47,935 - Knowledge - INFO - Found code-base-name: https://github.com/kavia-common/book-project-1656.git:kavia-main
2025-09-23 13:47:47,935 - Knowledge - INFO - Found code-base-name: https://github.com/kavia-common/book-project-1656.git:kavia-main
2025-09-23 13:47:47,935 - Knowledge - INFO - Found code-base-name: https://github.com/kavia-common/book-project-1656.git:kavia-main
2025-09-23 13:47:47,935 - Knowledge - INFO - worker kw17 pull /app/data/kaviademo4200/1656/b70881y/book-project-1656/backend/book-app/src/main/resources/db/migration/V023__ALTER_BOOK_RENAME_CONSTRAINTS.sql from ingest queue
2025-09-23 13:47:47,936 - Knowledge - INFO - Found code-base-name: https://github.com/kavia-common/book-project-1656.git:kavia-main
2025-09-23 13:47:48,073 - Knowledge - INFO - persist ingested knowledge for /app/data/kaviademo4200/1656/b70881y/book-project-1656/backend/book-app/src/main/java/com/karankumar/bookproject/book/model/Publisher.java
2025-09-23 13:47:48,147 - Knowledge - INFO - start ingest for /app/data/kaviademo4200/1656/b70881y/book-project-1656/backend/book-app/src/main/resources/db/migration/V004__CREATE_READING_GOAL.sql
2025-09-23 13:47:48,232 - Knowledge - INFO - persist ingested knowledge for /app/data/kaviademo4200/1656/b70881y/book-project-1656/backend/book-app/src/main/java/com/karankumar/bookproject/book/BookUtils.java
2025-09-23 13:47:48,306 - Knowledge - INFO - persist ingested knowledge for /app/data/kaviademo4200/1656/b70881y/book-project-1656/backend/book-app/src/main/java/com/karankumar/bookproject/book/repository/BookRepository.java
2025-09-23 13:47:48,384 - Knowledge - INFO - persist ingested knowledge for /app/data/kaviademo4200/1656/b70881y/book-project-1656/backend/book-app/src/main/java/com/karankumar/bookproject/book/model/RatingScale.java
2025-09-23 13:47:48,391 - Knowledge - INFO - persist search terms embedding for backend/book-app/src/main/java/com/karankumar/bookproject/book/dto/BookPatchDto.java
2025-09-23 13:47:48,471 - Knowledge - INFO - persist ingested knowledge for /app/data/kaviademo4200/1656/b70881y/book-project-1656/backend/book-app/src/main/java/com/karankumar/bookproject/book/dto/BookDto.java
2025-09-23 13:47:48,587 - Knowledge - INFO - start ingest for /app/data/kaviademo4200/1656/b70881y/book-project-1656/backend/book-app/src/main/resources/db/migration/V028__CREATE_HIBERNATE_SEQUENCE.sql
2025-09-23 13:47:48,657 - Knowledge - INFO - persist ingested knowledge for /app/data/kaviademo4200/1656/b70881y/book-project-1656/backend/book-app/src/main/resources/db/migration/V024__CREATE_BOOK_GENRE.sql
2025-09-23 13:47:48,876 - Knowledge - INFO - start ingest for /app/data/kaviademo4200/1656/b70881y/book-project-1656/backend/book-app/src/main/resources/db/migration/V001__CREATE_AUTHOR.sql
2025-09-23 13:47:49,079 - Knowledge - INFO - Found code_base: <app.utils.kg_build.knowledge.KnowledgeCodeBase object at 0x7f19d0023dd0>
2025-09-23 13:47:49,166 - Knowledge - INFO - Found code_base: <app.utils.kg_build.knowledge.KnowledgeCodeBase object at 0x7f19d0023dd0>
2025-09-23 13:47:49,268 - Knowledge - INFO - Found code_base: <app.utils.kg_build.knowledge.KnowledgeCodeBase object at 0x7f19d0023dd0>
2025-09-23 13:47:49,366 - Knowledge - INFO - Found code_base: <app.utils.kg_build.knowledge.KnowledgeCodeBase object at 0x7f19d0023dd0>
2025-09-23 13:47:49,476 - Knowledge - INFO - Found code_base: <app.utils.kg_build.knowledge.KnowledgeCodeBase object at 0x7f19d0023dd0>
2025-09-23 13:47:49,561 - Knowledge - INFO - Thread kw17 - File V023__ALTER_BOOK_RENAME_CONSTRAINTS.sql - Remaining files in queue: 18
2025-09-23 13:47:49,681 - Knowledge - INFO - Found code_base: <app.utils.kg_build.knowledge.KnowledgeCodeBase object at 0x7f19d0023dd0>
2025-09-23 13:47:49,868 - Knowledge - INFO - Fast-track processing for simple file: /app/data/kaviademo4200/1656/b70881y/book-project-1656/backend/book-app/src/main/resources/db/migration/V004__CREATE_READING_GOAL.sql
2025-09-23 13:47:50,178 - Knowledge - INFO - Found code-base-name: https://github.com/kavia-common/book-project-1656.git:kavia-main
2025-09-23 13:47:50,179 - Knowledge - INFO - worker kw3 pull /app/data/kaviademo4200/1656/b70881y/book-project-1656/backend/book-app/src/main/resources/db/migration/V006__CREATE_TAG.sql from ingest queue
2025-09-23 13:47:50,180 - Knowledge - INFO - Found code-base-name: https://github.com/kavia-common/book-project-1656.git:kavia-main
2025-09-23 13:47:50,180 - Knowledge - INFO - Found code-base-name: https://github.com/kavia-common/book-project-1656.git:kavia-main
2025-09-23 13:47:50,180 - Knowledge - INFO - worker kw22 pull /app/data/kaviademo4200/1656/b70881y/book-project-1656/backend/book-app/src/main/resources/db/migration/V012__CREATE_USER_CREATED_SHELF.sql from ingest queue
2025-09-23 13:47:50,333 - Knowledge - INFO - Fast-track processing for simple file: /app/data/kaviademo4200/1656/b70881y/book-project-1656/backend/book-app/src/main/resources/db/migration/V028__CREATE_HIBERNATE_SEQUENCE.sql
2025-09-23 13:47:50,535 - Knowledge - INFO - Fast-track processing for simple file: /app/data/kaviademo4200/1656/b70881y/book-project-1656/backend/book-app/src/main/resources/db/migration/V001__CREATE_AUTHOR.sql
2025-09-23 13:47:50,646 - Knowledge - INFO - persist ingested knowledge for /app/data/kaviademo4200/1656/b70881y/book-project-1656/backend/book-app/src/main/java/com/karankumar/bookproject/statistics/GenreStatistics.java
2025-09-23 13:47:50,729 - Knowledge - INFO - persist ingested knowledge for /app/data/kaviademo4200/1656/b70881y/book-project-1656/backend/book-app/src/main/resources/db/migration/V022__ALTER_PUBLISHER_MAKE_NAME_UNIQUE.sql
2025-09-23 13:47:50,817 - Knowledge - INFO - persist ingested knowledge for /app/data/kaviademo4200/1656/b70881y/book-project-1656/backend/book-app/src/main/resources/db/migration/V010__CREATE_USER_ROLE.sql
2025-09-23 13:47:50,827 - Knowledge - INFO - persist search terms embedding for backend/book-app/src/main/java/com/karankumar/bookproject/book/model/BookGenre.java
2025-09-23 13:47:50,911 - Knowledge - INFO - persist ingested knowledge for /app/data/kaviademo4200/1656/b70881y/book-project-1656/backend/book-app/src/main/resources/db/migration/V011__CREATE_UID_SEQUENCE.sql
2025-09-23 13:47:51,020 - Knowledge - INFO - persist ingested knowledge for /app/data/kaviademo4200/1656/b70881y/book-project-1656/backend/book-app/src/main/java/com/karankumar/bookproject/book/service/TagService.java
2025-09-23 13:47:51,135 - Knowledge - INFO - start ingest for /app/data/kaviademo4200/1656/b70881y/book-project-1656/backend/book-app/src/main/resources/db/migration/V023__ALTER_BOOK_RENAME_CONSTRAINTS.sql
2025-09-23 13:47:51,222 - Knowledge - INFO - persist ingested knowledge for /app/data/kaviademo4200/1656/b70881y/book-project-1656/backend/book-app/src/main/java/com/karankumar/bookproject/account/service/UserService.java
2025-09-23 13:47:51,334 - Knowledge - INFO - done fast ingest for /app/data/kaviademo4200/1656/b70881y/book-project-1656/backend/book-app/src/main/resources/db/migration/V004__CREATE_READING_GOAL.sql
2025-09-23 13:47:51,438 - Knowledge - INFO - Found code_base: <app.utils.kg_build.knowledge.KnowledgeCodeBase object at 0x7f19d0023dd0>
2025-09-23 13:47:51,527 - Knowledge - INFO - Thread kw3 - File V006__CREATE_TAG.sql - Remaining files in queue: 16
2025-09-23 13:47:51,628 - Knowledge - INFO - Found code_base: <app.utils.kg_build.knowledge.KnowledgeCodeBase object at 0x7f19d0023dd0>
2025-09-23 13:47:51,710 - Knowledge - INFO - Found code_base: <app.utils.kg_build.knowledge.KnowledgeCodeBase object at 0x7f19d0023dd0>
2025-09-23 13:47:51,802 - Knowledge - INFO - Thread kw22 - File V012__CREATE_USER_CREATED_SHELF.sql - Remaining files in queue: 16
2025-09-23 13:47:51,871 - Knowledge - INFO - done fast ingest for /app/data/kaviademo4200/1656/b70881y/book-project-1656/backend/book-app/src/main/resources/db/migration/V028__CREATE_HIBERNATE_SEQUENCE.sql
2025-09-23 13:47:51,952 - Knowledge - INFO - done fast ingest for /app/data/kaviademo4200/1656/b70881y/book-project-1656/backend/book-app/src/main/resources/db/migration/V001__CREATE_AUTHOR.sql
2025-09-23 13:47:52,329 - Knowledge - INFO - Found code-base-name: https://github.com/kavia-common/book-project-1656.git:kavia-main
2025-09-23 13:47:52,330 - Knowledge - INFO - worker kw14 pull /app/data/kaviademo4200/1656/b70881y/book-project-1656/backend/book-app/pom.xml from ingest queue
2025-09-23 13:47:52,331 - Knowledge - INFO - Found code-base-name: https://github.com/kavia-common/book-project-1656.git:kavia-main
2025-09-23 13:47:52,590 - Knowledge - INFO - Fast-track processing for simple file: /app/data/kaviademo4200/1656/b70881y/book-project-1656/backend/book-app/src/main/resources/db/migration/V023__ALTER_BOOK_RENAME_CONSTRAINTS.sql
2025-09-23 13:47:52,629 - Knowledge - INFO - persist search terms embedding for backend/book-app/src/main/java/com/karankumar/bookproject/book/service/PublisherService.java
2025-09-23 13:47:52,771 - Knowledge - INFO - process ingested knowledge for /app/data/kaviademo4200/1656/b70881y/book-project-1656/backend/book-app/src/main/resources/db/migration/V004__CREATE_READING_GOAL.sql
2025-09-23 13:47:52,889 - Knowledge - INFO - persist ingested knowledge for /app/data/kaviademo4200/1656/b70881y/book-project-1656/backend/book-app/src/main/java/com/karankumar/bookproject/book/controller/BookController.java
2025-09-23 13:47:52,990 - Knowledge - INFO - start ingest for /app/data/kaviademo4200/1656/b70881y/book-project-1656/backend/book-app/src/main/resources/db/migration/V006__CREATE_TAG.sql
2025-09-23 13:47:53,080 - Knowledge - INFO - persist ingested knowledge for /app/data/kaviademo4200/1656/b70881y/book-project-1656/backend/book-app/src/main/resources/db/migration/V002__CREATE_BOOK.sql
2025-09-23 13:47:53,157 - Knowledge - INFO - persist ingested knowledge for /app/data/kaviademo4200/1656/b70881y/book-project-1656/backend/book-app/src/main/java/com/karankumar/bookproject/Mappings.java
2025-09-23 13:47:53,271 - Knowledge - INFO - start ingest for /app/data/kaviademo4200/1656/b70881y/book-project-1656/backend/book-app/src/main/resources/db/migration/V012__CREATE_USER_CREATED_SHELF.sql
2025-09-23 13:47:53,392 - Knowledge - INFO - process ingested knowledge for /app/data/kaviademo4200/1656/b70881y/book-project-1656/backend/book-app/src/main/resources/db/migration/V028__CREATE_HIBERNATE_SEQUENCE.sql
2025-09-23 13:47:53,470 - Knowledge - INFO - process ingested knowledge for /app/data/kaviademo4200/1656/b70881y/book-project-1656/backend/book-app/src/main/resources/db/migration/V001__CREATE_AUTHOR.sql
2025-09-23 13:47:53,544 - Knowledge - INFO - Found code_base: <app.utils.kg_build.knowledge.KnowledgeCodeBase object at 0x7f19d0023dd0>
2025-09-23 13:47:53,645 - Knowledge - INFO - Thread kw14 - File pom.xml - Remaining files in queue: 15
2025-09-23 13:47:53,716 - Knowledge - INFO - Found code_base: <app.utils.kg_build.knowledge.KnowledgeCodeBase object at 0x7f19d0023dd0>
2025-09-23 13:47:53,835 - Knowledge - INFO - done fast ingest for /app/data/kaviademo4200/1656/b70881y/book-project-1656/backend/book-app/src/main/resources/db/migration/V023__ALTER_BOOK_RENAME_CONSTRAINTS.sql
2025-09-23 13:47:54,207 - Knowledge - INFO - Fast-track processing for simple file: /app/data/kaviademo4200/1656/b70881y/book-project-1656/backend/book-app/src/main/resources/db/migration/V006__CREATE_TAG.sql
2025-09-23 13:47:54,320 - Knowledge - INFO - persist search terms embedding for backend/book-app/src/main/java/com/karankumar/bookproject/book/model/Publisher.java
2025-09-23 13:47:54,472 - Knowledge - INFO - Fast-track processing for simple file: /app/data/kaviademo4200/1656/b70881y/book-project-1656/backend/book-app/src/main/resources/db/migration/V012__CREATE_USER_CREATED_SHELF.sql
2025-09-23 13:47:54,733 - Knowledge - INFO - persist ingested knowledge for /app/data/kaviademo4200/1656/b70881y/book-project-1656/backend/book-app/src/main/java/com/karankumar/bookproject/book/service/BookService.java
2025-09-23 13:47:54,803 - Knowledge - INFO - start ingest for /app/data/kaviademo4200/1656/b70881y/book-project-1656/backend/book-app/pom.xml
2025-09-23 13:47:54,877 - Knowledge - INFO - persist ingested knowledge for /app/data/kaviademo4200/1656/b70881y/book-project-1656/backend/book-app/src/main/java/com/karankumar/bookproject/book/model/Author.java
2025-09-23 13:47:55,014 - Knowledge - INFO - process ingested knowledge for /app/data/kaviademo4200/1656/b70881y/book-project-1656/backend/book-app/src/main/resources/db/migration/V023__ALTER_BOOK_RENAME_CONSTRAINTS.sql
2025-09-23 13:47:55,106 - Knowledge - INFO - done fast ingest for /app/data/kaviademo4200/1656/b70881y/book-project-1656/backend/book-app/src/main/resources/db/migration/V006__CREATE_TAG.sql
2025-09-23 13:47:55,282 - Knowledge - INFO - done fast ingest for /app/data/kaviademo4200/1656/b70881y/book-project-1656/backend/book-app/src/main/resources/db/migration/V012__CREATE_USER_CREATED_SHELF.sql
2025-09-23 13:47:55,485 - Knowledge - INFO - persist search terms embedding for backend/book-app/src/main/java/com/karankumar/bookproject/book/BookUtils.java
2025-09-23 13:47:55,508 - Knowledge - INFO - Fast-track processing for simple file: /app/data/kaviademo4200/1656/b70881y/book-project-1656/backend/book-app/pom.xml
2025-09-23 13:47:55,779 - Knowledge - INFO - process ingested knowledge for /app/data/kaviademo4200/1656/b70881y/book-project-1656/backend/book-app/src/main/resources/db/migration/V006__CREATE_TAG.sql
2025-09-23 13:47:55,863 - Knowledge - INFO - process ingested knowledge for /app/data/kaviademo4200/1656/b70881y/book-project-1656/backend/book-app/src/main/resources/db/migration/V012__CREATE_USER_CREATED_SHELF.sql
2025-09-23 13:47:56,042 - Knowledge - INFO - done fast ingest for /app/data/kaviademo4200/1656/b70881y/book-project-1656/backend/book-app/pom.xml
2025-09-23 13:47:56,296 - Knowledge - INFO - process ingested knowledge for /app/data/kaviademo4200/1656/b70881y/book-project-1656/backend/book-app/pom.xml
2025-09-23 13:47:56,329 - Knowledge - INFO - persist search terms embedding for backend/book-app/src/main/java/com/karankumar/bookproject/book/repository/BookRepository.java
2025-09-23 13:47:56,792 - Knowledge - INFO - persist search terms embedding for backend/book-app/src/main/java/com/karankumar/bookproject/book/model/RatingScale.java
2025-09-23 13:47:56,870 - Knowledge - INFO - worker kw15 pull /app/data/kaviademo4200/1656/b70881y/book-project-1656/backend/book-app/src/main/asciidoc/index.adoc from ingest queue
2025-09-23 13:47:56,870 - Knowledge - INFO - worker kw24 pull /app/data/kaviademo4200/1656/b70881y/book-project-1656/backend/book-app/src/main/resources/db/migration/V005__ALTER_BOOK.sql from ingest queue
2025-09-23 13:47:56,949 - Knowledge - INFO - Thread kw15 - File index.adoc - Remaining files in queue: 13
2025-09-23 13:47:57,031 - Knowledge - INFO - Thread kw24 - File V005__ALTER_BOOK.sql - Remaining files in queue: 13
2025-09-23 13:47:57,126 - Knowledge - INFO - start ingest for /app/data/kaviademo4200/1656/b70881y/book-project-1656/backend/book-app/src/main/asciidoc/index.adoc
2025-09-23 13:47:57,190 - Knowledge - INFO - persist search terms embedding for backend/book-app/src/main/java/com/karankumar/bookproject/book/dto/BookDto.java
2025-09-23 13:47:57,202 - Knowledge - INFO - start ingest for /app/data/kaviademo4200/1656/b70881y/book-project-1656/backend/book-app/src/main/resources/db/migration/V005__ALTER_BOOK.sql
2025-09-23 13:47:57,311 - Knowledge - INFO - Fast-track processing for simple file: /app/data/kaviademo4200/1656/b70881y/book-project-1656/backend/book-app/src/main/asciidoc/index.adoc
2025-09-23 13:47:57,509 - Knowledge - INFO - Fast-track processing for simple file: /app/data/kaviademo4200/1656/b70881y/book-project-1656/backend/book-app/src/main/resources/db/migration/V005__ALTER_BOOK.sql
2025-09-23 13:47:57,599 - Knowledge - INFO - done fast ingest for /app/data/kaviademo4200/1656/b70881y/book-project-1656/backend/book-app/src/main/asciidoc/index.adoc
2025-09-23 13:47:57,703 - Knowledge - INFO - done fast ingest for /app/data/kaviademo4200/1656/b70881y/book-project-1656/backend/book-app/src/main/resources/db/migration/V005__ALTER_BOOK.sql
2025-09-23 13:47:57,787 - Knowledge - INFO - persist search terms embedding for backend/book-app/src/main/java/com/karankumar/bookproject/statistics/GenreStatistics.java
2025-09-23 13:47:57,810 - Knowledge - INFO - process ingested knowledge for /app/data/kaviademo4200/1656/b70881y/book-project-1656/backend/book-app/src/main/asciidoc/index.adoc
2025-09-23 13:47:57,890 - Knowledge - INFO - process ingested knowledge for /app/data/kaviademo4200/1656/b70881y/book-project-1656/backend/book-app/src/main/resources/db/migration/V005__ALTER_BOOK.sql
2025-09-23 13:47:58,164 - Knowledge - INFO - worker kw2 pull /app/data/kaviademo4200/1656/b70881y/book-project-1656/backend/book-app/src/main/resources/db/migration/V003__CREATE_PREDEFINED_SHELF.sql from ingest queue
2025-09-23 13:47:58,164 - Knowledge - INFO - Found code-base-name: https://github.com/kavia-common/book-project-1656.git:kavia-main
2025-09-23 13:47:58,258 - Knowledge - INFO - Thread kw2 - File V003__CREATE_PREDEFINED_SHELF.sql - Remaining files in queue: 12
2025-09-23 13:47:58,368 - Knowledge - INFO - Found code_base: <app.utils.kg_build.knowledge.KnowledgeCodeBase object at 0x7f19d0023dd0>
2025-09-23 13:47:58,440 - Knowledge - INFO - persist search terms embedding for backend/book-app/src/main/java/com/karankumar/bookproject/book/service/TagService.java
2025-09-23 13:47:58,461 - Knowledge - INFO - start ingest for /app/data/kaviademo4200/1656/b70881y/book-project-1656/backend/book-app/src/main/resources/db/migration/V003__CREATE_PREDEFINED_SHELF.sql
2025-09-23 13:47:58,540 - Knowledge - INFO - persist ingested knowledge for /app/data/kaviademo4200/1656/b70881y/book-project-1656/backend/book-app/src/main/resources/db/migration/V013__MAKE_SHELVES_PER_USER.sql
2025-09-23 13:47:58,735 - Knowledge - INFO - Fast-track processing for simple file: /app/data/kaviademo4200/1656/b70881y/book-project-1656/backend/book-app/src/main/resources/db/migration/V003__CREATE_PREDEFINED_SHELF.sql
2025-09-23 13:47:58,920 - Knowledge - INFO - done fast ingest for /app/data/kaviademo4200/1656/b70881y/book-project-1656/backend/book-app/src/main/resources/db/migration/V003__CREATE_PREDEFINED_SHELF.sql
2025-09-23 13:47:58,992 - Knowledge - INFO - persist search terms embedding for backend/book-app/src/main/java/com/karankumar/bookproject/account/service/UserService.java
2025-09-23 13:47:59,008 - Knowledge - INFO - process ingested knowledge for /app/data/kaviademo4200/1656/b70881y/book-project-1656/backend/book-app/src/main/resources/db/migration/V003__CREATE_PREDEFINED_SHELF.sql
2025-09-23 13:47:59,095 - Knowledge - INFO - worker kw30 pull /app/data/kaviademo4200/1656/b70881y/book-project-1656/backend/book-app/src/main/resources/db/migration/V027__ALTER_USER_ADD_FAIL_ATTEMPTS_DATA.sql from ingest queue
2025-09-23 13:47:59,312 - Knowledge - INFO - Thread kw30 - File V027__ALTER_USER_ADD_FAIL_ATTEMPTS_DATA.sql - Remaining files in queue: 11
2025-09-23 13:47:59,420 - Knowledge - INFO - start ingest for /app/data/kaviademo4200/1656/b70881y/book-project-1656/backend/book-app/src/main/resources/db/migration/V027__ALTER_USER_ADD_FAIL_ATTEMPTS_DATA.sql
2025-09-23 13:47:59,504 - Knowledge - INFO - persist search terms embedding for backend/book-app/src/main/java/com/karankumar/bookproject/book/controller/BookController.java
2025-09-23 13:47:59,521 - Knowledge - INFO - Fast-track processing for simple file: /app/data/kaviademo4200/1656/b70881y/book-project-1656/backend/book-app/src/main/resources/db/migration/V027__ALTER_USER_ADD_FAIL_ATTEMPTS_DATA.sql
2025-09-23 13:47:59,695 - Knowledge - INFO - done fast ingest for /app/data/kaviademo4200/1656/b70881y/book-project-1656/backend/book-app/src/main/resources/db/migration/V027__ALTER_USER_ADD_FAIL_ATTEMPTS_DATA.sql
2025-09-23 13:47:59,758 - Knowledge - INFO - Found code-base-name: https://github.com/kavia-common/book-project-1656.git:kavia-main
2025-09-23 13:47:59,759 - Knowledge - INFO - worker kw29 pull /app/data/kaviademo4200/1656/b70881y/book-project-1656/backend/book-app/src/main/resources/db/migration/V021__ALTER_USER_REMOVE_USERNAME.sql from ingest queue
2025-09-23 13:47:59,759 - Knowledge - INFO - worker kw27 pull /app/data/kaviademo4200/1656/b70881y/book-project-1656/ACKNOWLEDGEMENTS.md from ingest queue
2025-09-23 13:47:59,784 - Knowledge - INFO - process ingested knowledge for /app/data/kaviademo4200/1656/b70881y/book-project-1656/backend/book-app/src/main/resources/db/migration/V027__ALTER_USER_ADD_FAIL_ATTEMPTS_DATA.sql
2025-09-23 13:47:59,884 - Knowledge - INFO - Found code_base: <app.utils.kg_build.knowledge.KnowledgeCodeBase object at 0x7f19d0023dd0>
2025-09-23 13:47:59,955 - Knowledge - INFO - Thread kw29 - File V021__ALTER_USER_REMOVE_USERNAME.sql - Remaining files in queue: 9
2025-09-23 13:48:00,040 - Knowledge - INFO - Thread kw27 - File ACKNOWLEDGEMENTS.md - Remaining files in queue: 9
2025-09-23 13:48:00,106 - Knowledge - INFO - persist search terms embedding for backend/book-app/src/main/java/com/karankumar/bookproject/book/model/Author.java
2025-09-23 13:48:00,223 - Knowledge - INFO - persist ingested knowledge for /app/data/kaviademo4200/1656/b70881y/book-project-1656/backend/book-app/src/main/resources/db/migration/V028__CREATE_HIBERNATE_SEQUENCE.sql
2025-09-23 13:48:00,310 - Knowledge - INFO - start ingest for /app/data/kaviademo4200/1656/b70881y/book-project-1656/backend/book-app/src/main/resources/db/migration/V021__ALTER_USER_REMOVE_USERNAME.sql
2025-09-23 13:48:00,425 - Knowledge - INFO - start ingest for /app/data/kaviademo4200/1656/b70881y/book-project-1656/ACKNOWLEDGEMENTS.md
2025-09-23 13:48:00,539 - Knowledge - INFO - worker kw26 pull /app/data/kaviademo4200/1656/b70881y/book-project-1656/README.md from ingest queue
2025-09-23 13:48:00,541 - Knowledge - INFO - Found code-base-name: https://github.com/kavia-common/book-project-1656.git:kavia-main
2025-09-23 13:48:00,541 - Knowledge - INFO - Found code-base-name: https://github.com/kavia-common/book-project-1656.git:kavia-main
2025-09-23 13:48:00,541 - Knowledge - INFO - worker kw19 pull /app/data/kaviademo4200/1656/b70881y/book-project-1656/backend/book-app/src/main/resources/db/migration/V017__CREATE_PUBLISHER.sql from ingest queue
2025-09-23 13:48:00,541 - Knowledge - INFO - Found code-base-name: https://github.com/kavia-common/book-project-1656.git:kavia-main
2025-09-23 13:48:01,360 - Knowledge - INFO - Found code_base: <app.utils.kg_build.knowledge.KnowledgeCodeBase object at 0x7f19d0023dd0>
2025-09-23 13:48:00,620 - Knowledge - INFO - worker kw28 pull /app/data/kaviademo4200/1656/b70881y/book-project-1656/SECURITY.md from ingest queue
2025-09-23 13:48:00,620 - Knowledge - INFO - worker kw25 pull /app/data/kaviademo4200/1656/b70881y/book-project-1656/CONTRIBUTING.md from ingest queue
2025-09-23 13:48:00,620 - Knowledge - INFO - worker kw7 pull /app/data/kaviademo4200/1656/b70881y/book-project-1656/CODE_OF_CONDUCT.md from ingest queue
2025-09-23 13:48:00,621 - Knowledge - INFO - worker kw16 pull /app/data/kaviademo4200/1656/b70881y/book-project-1656/backend/pom.xml from ingest queue
2025-09-23 13:48:00,621 - Knowledge - INFO - Found code-base-name: https://github.com/kavia-common/book-project-1656.git:kavia-main
2025-09-23 13:48:00,621 - Knowledge - INFO - Found code-base-name: https://github.com/kavia-common/book-project-1656.git:kavia-main
2025-09-23 13:48:00,621 - Knowledge - INFO - worker kw5 pull /app/data/kaviademo4200/1656/b70881y/book-project-1656/docker-compose.yml from ingest queue
2025-09-23 13:48:00,621 - Knowledge - INFO - worker kw8 pull /app/data/kaviademo4200/1656/b70881y/book-project-1656/STYLEGUIDE.md from ingest queue
2025-09-23 13:48:00,621 - Knowledge - INFO - Found code-base-name: https://github.com/kavia-common/book-project-1656.git:kavia-main
2025-09-23 13:48:00,621 - Knowledge - INFO - Found code-base-name: https://github.com/kavia-common/book-project-1656.git:kavia-main
2025-09-23 13:48:00,621 - Knowledge - INFO - Found code-base-name: https://github.com/kavia-common/book-project-1656.git:kavia-main
2025-09-23 13:48:00,622 - Knowledge - INFO - Found code-base-name: https://github.com/kavia-common/book-project-1656.git:kavia-main
2025-09-23 13:48:00,751 - Knowledge - INFO - Fast-track processing for simple file: /app/data/kaviademo4200/1656/b70881y/book-project-1656/backend/book-app/src/main/resources/db/migration/V021__ALTER_USER_REMOVE_USERNAME.sql
2025-09-23 13:48:00,834 - Knowledge - INFO - Fast-track processing for simple file: /app/data/kaviademo4200/1656/b70881y/book-project-1656/ACKNOWLEDGEMENTS.md
2025-09-23 13:48:00,951 - Knowledge - INFO - Thread kw26 - File README.md - Remaining files in queue: 0
2025-09-23 13:48:01,041 - Knowledge - INFO - persist search terms embedding for backend/book-app/src/main/java/com/karankumar/bookproject/book/service/BookService.java
2025-09-23 13:48:01,042 - Knowledge - INFO - Found code_base: <app.utils.kg_build.knowledge.KnowledgeCodeBase object at 0x7f19d0023dd0>
2025-09-23 13:48:01,143 - Knowledge - INFO - Found code_base: <app.utils.kg_build.knowledge.KnowledgeCodeBase object at 0x7f19d0023dd0>
2025-09-23 13:48:01,271 - Knowledge - INFO - Thread kw19 - File V017__CREATE_PUBLISHER.sql - Remaining files in queue: 0
2025-09-23 13:48:00,620 - Knowledge - INFO - worker kw6 pull /app/data/kaviademo4200/1656/b70881y/book-project-1656/backend/book-app/src/main/resources/db/migration/V026__ALTER_PREDEFINED_SHELF_MAKE_USER_ID_NULLABLE.sql from ingest queue
2025-09-23 13:48:01,438 - Knowledge - INFO - persist ingested knowledge for /app/data/kaviademo4200/1656/b70881y/book-project-1656/backend/book-app/src/main/java/com/karankumar/bookproject/book/model/Book.java
2025-09-23 13:48:01,547 - Knowledge - INFO - Thread kw28 - File SECURITY.md - Remaining files in queue: 0
2025-09-23 13:48:01,650 - Knowledge - INFO - Thread kw25 - File CONTRIBUTING.md - Remaining files in queue: 0
2025-09-23 13:48:01,748 - Knowledge - INFO - Thread kw7 - File CODE_OF_CONDUCT.md - Remaining files in queue: 0
2025-09-23 13:48:01,858 - Knowledge - INFO - Thread kw16 - File pom.xml - Remaining files in queue: 0
2025-09-23 13:48:01,959 - Knowledge - INFO - Found code_base: <app.utils.kg_build.knowledge.KnowledgeCodeBase object at 0x7f19d0023dd0>
2025-09-23 13:48:02,043 - Knowledge - INFO - Found code_base: <app.utils.kg_build.knowledge.KnowledgeCodeBase object at 0x7f19d0023dd0>
2025-09-23 13:48:02,120 - Knowledge - INFO - Thread kw5 - File docker-compose.yml - Remaining files in queue: 0
2025-09-23 13:48:02,211 - Knowledge - INFO - Thread kw8 - File STYLEGUIDE.md - Remaining files in queue: 0
2025-09-23 13:48:02,339 - Knowledge - INFO - Found code_base: <app.utils.kg_build.knowledge.KnowledgeCodeBase object at 0x7f19d0023dd0>
2025-09-23 13:48:02,419 - Knowledge - INFO - Found code_base: <app.utils.kg_build.knowledge.KnowledgeCodeBase object at 0x7f19d0023dd0>
2025-09-23 13:48:02,504 - Knowledge - INFO - Found code_base: <app.utils.kg_build.knowledge.KnowledgeCodeBase object at 0x7f19d0023dd0>
2025-09-23 13:48:02,627 - Knowledge - INFO - Found code_base: <app.utils.kg_build.knowledge.KnowledgeCodeBase object at 0x7f19d0023dd0>
2025-09-23 13:48:02,737 - Knowledge - INFO - done fast ingest for /app/data/kaviademo4200/1656/b70881y/book-project-1656/backend/book-app/src/main/resources/db/migration/V021__ALTER_USER_REMOVE_USERNAME.sql
2025-09-23 13:48:02,849 - Knowledge - INFO - done fast ingest for /app/data/kaviademo4200/1656/b70881y/book-project-1656/ACKNOWLEDGEMENTS.md
2025-09-23 13:48:02,965 - Knowledge - INFO - start ingest for /app/data/kaviademo4200/1656/b70881y/book-project-1656/README.md
2025-09-23 13:48:03,054 - Knowledge - INFO - Found code-base-name: https://github.com/kavia-common/book-project-1656.git:kavia-main
2025-09-23 13:48:05,081 - Knowledge - INFO - Found code_base: <app.utils.kg_build.knowledge.KnowledgeCodeBase object at 0x7f19d0023dd0>
2025-09-23 13:48:03,165 - Knowledge - INFO - persist ingested knowledge for /app/data/kaviademo4200/1656/b70881y/book-project-1656/backend/book-app/src/main/resources/db/migration/V006__CREATE_TAG.sql
2025-09-23 13:48:03,273 - Knowledge - INFO - persist ingested knowledge for /app/data/kaviademo4200/1656/b70881y/book-project-1656/backend/book-app/pom.xml
2025-09-23 13:48:03,345 - Knowledge - INFO - start ingest for /app/data/kaviademo4200/1656/b70881y/book-project-1656/backend/book-app/src/main/resources/db/migration/V017__CREATE_PUBLISHER.sql
2025-09-23 13:48:03,431 - Knowledge - INFO - Thread kw6 - File V026__ALTER_PREDEFINED_SHELF_MAKE_USER_ID_NULLABLE.sql - Remaining files in queue: 0
2025-09-23 13:48:03,612 - Knowledge - INFO - start ingest for /app/data/kaviademo4200/1656/b70881y/book-project-1656/SECURITY.md
2025-09-23 13:48:03,723 - Knowledge - INFO - start ingest for /app/data/kaviademo4200/1656/b70881y/book-project-1656/CONTRIBUTING.md
2025-09-23 13:48:03,814 - Knowledge - INFO - start ingest for /app/data/kaviademo4200/1656/b70881y/book-project-1656/CODE_OF_CONDUCT.md
2025-09-23 13:48:03,869 - Knowledge - INFO - persist search terms embedding for backend/book-app/src/main/java/com/karankumar/bookproject/book/model/Book.java
2025-09-23 13:48:03,883 - Knowledge - INFO - start ingest for /app/data/kaviademo4200/1656/b70881y/book-project-1656/backend/pom.xml
2025-09-23 13:48:03,977 - Knowledge - INFO - persist ingested knowledge for /app/data/kaviademo4200/1656/b70881y/book-project-1656/backend/book-app/src/main/resources/db/migration/V004__CREATE_READING_GOAL.sql
2025-09-23 13:48:04,079 - Knowledge - INFO - persist ingested knowledge for /app/data/kaviademo4200/1656/b70881y/book-project-1656/backend/book-app/src/main/resources/db/migration/V003__CREATE_PREDEFINED_SHELF.sql
2025-09-23 13:48:04,163 - Knowledge - INFO - start ingest for /app/data/kaviademo4200/1656/b70881y/book-project-1656/docker-compose.yml
2025-09-23 13:48:04,245 - Knowledge - INFO - start ingest for /app/data/kaviademo4200/1656/b70881y/book-project-1656/STYLEGUIDE.md
2025-09-23 13:48:04,326 - Knowledge - INFO - persist ingested knowledge for /app/data/kaviademo4200/1656/b70881y/book-project-1656/backend/book-app/src/main/resources/db/migration/V023__ALTER_BOOK_RENAME_CONSTRAINTS.sql
2025-09-23 13:48:04,429 - Knowledge - INFO - persist ingested knowledge for /app/data/kaviademo4200/1656/b70881y/book-project-1656/backend/book-app/src/main/resources/db/migration/V027__ALTER_USER_ADD_FAIL_ATTEMPTS_DATA.sql
2025-09-23 13:48:04,531 - Knowledge - INFO - persist ingested knowledge for /app/data/kaviademo4200/1656/b70881y/book-project-1656/backend/book-app/src/main/resources/db/migration/V012__CREATE_USER_CREATED_SHELF.sql
2025-09-23 13:48:04,630 - Knowledge - INFO - persist ingested knowledge for /app/data/kaviademo4200/1656/b70881y/book-project-1656/backend/book-app/src/main/asciidoc/index.adoc
2025-09-23 13:48:04,723 - Knowledge - INFO - process ingested knowledge for /app/data/kaviademo4200/1656/b70881y/book-project-1656/backend/book-app/src/main/resources/db/migration/V021__ALTER_USER_REMOVE_USERNAME.sql
2025-09-23 13:48:04,826 - Knowledge - INFO - process ingested knowledge for /app/data/kaviademo4200/1656/b70881y/book-project-1656/ACKNOWLEDGEMENTS.md
2025-09-23 13:48:04,960 - Knowledge - INFO - Fast-track processing for simple file: /app/data/kaviademo4200/1656/b70881y/book-project-1656/README.md
2025-09-23 13:48:03,056 - Knowledge - INFO - Found code-base-name: https://github.com/kavia-common/book-project-1656.git:kavia-main
2025-09-23 13:48:05,191 - Knowledge - INFO - persist ingested knowledge for /app/data/kaviademo4200/1656/b70881y/book-project-1656/backend/book-app/src/main/resources/db/migration/V001__CREATE_AUTHOR.sql
2025-09-23 13:48:05,462 - Knowledge - INFO - Fast-track processing for simple file: /app/data/kaviademo4200/1656/b70881y/book-project-1656/backend/book-app/src/main/resources/db/migration/V017__CREATE_PUBLISHER.sql
2025-09-23 13:48:05,569 - Knowledge - INFO - start ingest for /app/data/kaviademo4200/1656/b70881y/book-project-1656/backend/book-app/src/main/resources/db/migration/V026__ALTER_PREDEFINED_SHELF_MAKE_USER_ID_NULLABLE.sql
2025-09-23 13:48:05,684 - Knowledge - INFO - Fast-track processing for simple file: /app/data/kaviademo4200/1656/b70881y/book-project-1656/SECURITY.md
2025-09-23 13:48:05,798 - Knowledge - INFO - Fast-track processing for simple file: /app/data/kaviademo4200/1656/b70881y/book-project-1656/CONTRIBUTING.md
2025-09-23 13:48:05,881 - Knowledge - INFO - Fast-track processing for simple file: /app/data/kaviademo4200/1656/b70881y/book-project-1656/CODE_OF_CONDUCT.md
2025-09-23 13:48:06,095 - Knowledge - INFO - Fast-track processing for simple file: /app/data/kaviademo4200/1656/b70881y/book-project-1656/backend/pom.xml
2025-09-23 13:48:06,345 - Knowledge - INFO - Fast-track processing for simple file: /app/data/kaviademo4200/1656/b70881y/book-project-1656/docker-compose.yml
2025-09-23 13:48:06,441 - Knowledge - INFO - Fast-track processing for simple file: /app/data/kaviademo4200/1656/b70881y/book-project-1656/STYLEGUIDE.md
2025-09-23 13:48:06,956 - Knowledge - INFO - Found code-base-name: https://github.com/kavia-common/book-project-1656.git:kavia-main
2025-09-23 13:48:07,036 - Knowledge - INFO - Found code-base-name: https://github.com/kavia-common/book-project-1656.git:kavia-main
2025-09-23 13:48:07,121 - Knowledge - INFO - done fast ingest for /app/data/kaviademo4200/1656/b70881y/book-project-1656/README.md
2025-09-23 13:48:07,203 - Knowledge - INFO - Found code_base: <app.utils.kg_build.knowledge.KnowledgeCodeBase object at 0x7f19d0023dd0>
2025-09-23 13:48:07,390 - Knowledge - INFO - done fast ingest for /app/data/kaviademo4200/1656/b70881y/book-project-1656/backend/book-app/src/main/resources/db/migration/V017__CREATE_PUBLISHER.sql
2025-09-23 13:48:07,517 - Knowledge - INFO - Fast-track processing for simple file: /app/data/kaviademo4200/1656/b70881y/book-project-1656/backend/book-app/src/main/resources/db/migration/V026__ALTER_PREDEFINED_SHELF_MAKE_USER_ID_NULLABLE.sql
2025-09-23 13:48:07,607 - Knowledge - INFO - done fast ingest for /app/data/kaviademo4200/1656/b70881y/book-project-1656/SECURITY.md
2025-09-23 13:48:07,724 - Knowledge - INFO - done fast ingest for /app/data/kaviademo4200/1656/b70881y/book-project-1656/CONTRIBUTING.md
2025-09-23 13:48:07,820 - Knowledge - INFO - done fast ingest for /app/data/kaviademo4200/1656/b70881y/book-project-1656/CODE_OF_CONDUCT.md
2025-09-23 13:48:07,939 - Knowledge - INFO - done fast ingest for /app/data/kaviademo4200/1656/b70881y/book-project-1656/backend/pom.xml
2025-09-23 13:48:08,056 - Knowledge - INFO - done fast ingest for /app/data/kaviademo4200/1656/b70881y/book-project-1656/docker-compose.yml
2025-09-23 13:48:08,153 - Knowledge - INFO - done fast ingest for /app/data/kaviademo4200/1656/b70881y/book-project-1656/STYLEGUIDE.md
2025-09-23 13:48:08,291 - Knowledge - INFO - Found code_base: <app.utils.kg_build.knowledge.KnowledgeCodeBase object at 0x7f19d0023dd0>
2025-09-23 13:48:08,362 - Knowledge - INFO - Found code_base: <app.utils.kg_build.knowledge.KnowledgeCodeBase object at 0x7f19d0023dd0>
2025-09-23 13:48:08,482 - Knowledge - INFO - process ingested knowledge for /app/data/kaviademo4200/1656/b70881y/book-project-1656/README.md
2025-09-23 13:48:08,569 - Knowledge - INFO - persist ingested knowledge for /app/data/kaviademo4200/1656/b70881y/book-project-1656/backend/book-app/src/main/resources/db/migration/V005__ALTER_BOOK.sql
2025-09-23 13:48:08,656 - Knowledge - INFO - process ingested knowledge for /app/data/kaviademo4200/1656/b70881y/book-project-1656/backend/book-app/src/main/resources/db/migration/V017__CREATE_PUBLISHER.sql
2025-09-23 13:48:08,743 - Knowledge - INFO - done fast ingest for /app/data/kaviademo4200/1656/b70881y/book-project-1656/backend/book-app/src/main/resources/db/migration/V026__ALTER_PREDEFINED_SHELF_MAKE_USER_ID_NULLABLE.sql
2025-09-23 13:48:08,825 - Knowledge - INFO - process ingested knowledge for /app/data/kaviademo4200/1656/b70881y/book-project-1656/SECURITY.md
2025-09-23 13:48:08,911 - Knowledge - INFO - process ingested knowledge for /app/data/kaviademo4200/1656/b70881y/book-project-1656/CONTRIBUTING.md
2025-09-23 13:48:09,002 - Knowledge - INFO - process ingested knowledge for /app/data/kaviademo4200/1656/b70881y/book-project-1656/CODE_OF_CONDUCT.md
2025-09-23 13:48:09,100 - Knowledge - INFO - process ingested knowledge for /app/data/kaviademo4200/1656/b70881y/book-project-1656/backend/pom.xml
2025-09-23 13:48:09,184 - Knowledge - INFO - process ingested knowledge for /app/data/kaviademo4200/1656/b70881y/book-project-1656/docker-compose.yml
2025-09-23 13:48:09,260 - Knowledge - INFO - process ingested knowledge for /app/data/kaviademo4200/1656/b70881y/book-project-1656/STYLEGUIDE.md
2025-09-23 13:48:09,362 - Knowledge - INFO - persist ingested knowledge for /app/data/kaviademo4200/1656/b70881y/book-project-1656/backend/book-app/src/main/resources/db/migration/V021__ALTER_USER_REMOVE_USERNAME.sql
2025-09-23 13:48:09,476 - Knowledge - INFO - persist ingested knowledge for /app/data/kaviademo4200/1656/b70881y/book-project-1656/ACKNOWLEDGEMENTS.md
2025-09-23 13:48:09,549 - Knowledge - INFO - Found code-base-name: https://github.com/kavia-common/book-project-1656.git:kavia-main
2025-09-23 13:48:10,735 - Knowledge - INFO - Found code_base: <app.utils.kg_build.knowledge.KnowledgeCodeBase object at 0x7f19d0023dd0>
2025-09-23 13:48:09,881 - Knowledge - INFO - process ingested knowledge for /app/data/kaviademo4200/1656/b70881y/book-project-1656/backend/book-app/src/main/resources/db/migration/V026__ALTER_PREDEFINED_SHELF_MAKE_USER_ID_NULLABLE.sql
2025-09-23 13:48:09,969 - Knowledge - INFO - Found code-base-name: https://github.com/kavia-common/book-project-1656.git:kavia-main
2025-09-23 13:48:10,056 - Knowledge - INFO - Found code-base-name: https://github.com/kavia-common/book-project-1656.git:kavia-main
2025-09-23 13:48:10,155 - Knowledge - INFO - Found code-base-name: https://github.com/kavia-common/book-project-1656.git:kavia-main
2025-09-23 13:48:10,253 - Knowledge - INFO - Found code-base-name: https://github.com/kavia-common/book-project-1656.git:kavia-main
2025-09-23 13:48:10,367 - Knowledge - INFO - Found code-base-name: https://github.com/kavia-common/book-project-1656.git:kavia-main
2025-09-23 13:48:10,452 - Knowledge - INFO - Found code-base-name: https://github.com/kavia-common/book-project-1656.git:kavia-main
2025-09-23 13:48:09,770 - Knowledge - INFO - Found code-base-name: https://github.com/kavia-common/book-project-1656.git:kavia-main
2025-09-23 13:48:10,810 - Knowledge - INFO - persist ingested knowledge for /app/data/kaviademo4200/1656/b70881y/book-project-1656/README.md
2025-09-23 13:48:10,924 - Knowledge - INFO - Found code-base-name: https://github.com/kavia-common/book-project-1656.git:kavia-main
2025-09-23 13:48:11,043 - Knowledge - INFO - Found code_base: <app.utils.kg_build.knowledge.KnowledgeCodeBase object at 0x7f19d0023dd0>
2025-09-23 13:48:11,120 - Knowledge - INFO - Found code_base: <app.utils.kg_build.knowledge.KnowledgeCodeBase object at 0x7f19d0023dd0>
2025-09-23 13:48:11,216 - Knowledge - INFO - Found code_base: <app.utils.kg_build.knowledge.KnowledgeCodeBase object at 0x7f19d0023dd0>
2025-09-23 13:48:11,318 - Knowledge - INFO - Found code_base: <app.utils.kg_build.knowledge.KnowledgeCodeBase object at 0x7f19d0023dd0>
2025-09-23 13:48:11,397 - Knowledge - INFO - Found code_base: <app.utils.kg_build.knowledge.KnowledgeCodeBase object at 0x7f19d0023dd0>
2025-09-23 13:48:11,503 - Knowledge - INFO - Found code_base: <app.utils.kg_build.knowledge.KnowledgeCodeBase object at 0x7f19d0023dd0>
2025-09-23 13:48:11,584 - Knowledge - INFO - Found code_base: <app.utils.kg_build.knowledge.KnowledgeCodeBase object at 0x7f19d0023dd0>
2025-09-23 13:48:11,776 - Knowledge - INFO - Found code_base: <app.utils.kg_build.knowledge.KnowledgeCodeBase object at 0x7f19d0023dd0>
2025-09-23 13:48:11,851 - Knowledge - INFO - persist ingested knowledge for /app/data/kaviademo4200/1656/b70881y/book-project-1656/SECURITY.md
2025-09-23 13:48:11,953 - Knowledge - INFO - persist ingested knowledge for /app/data/kaviademo4200/1656/b70881y/book-project-1656/CONTRIBUTING.md
2025-09-23 13:48:12,039 - Knowledge - INFO - persist ingested knowledge for /app/data/kaviademo4200/1656/b70881y/book-project-1656/CODE_OF_CONDUCT.md
2025-09-23 13:48:12,152 - Knowledge - INFO - persist ingested knowledge for /app/data/kaviademo4200/1656/b70881y/book-project-1656/backend/pom.xml
2025-09-23 13:48:12,243 - Knowledge - INFO - persist ingested knowledge for /app/data/kaviademo4200/1656/b70881y/book-project-1656/docker-compose.yml
2025-09-23 13:48:12,367 - Knowledge - INFO - persist ingested knowledge for /app/data/kaviademo4200/1656/b70881y/book-project-1656/STYLEGUIDE.md
2025-09-23 13:48:12,447 - Knowledge - INFO - persist ingested knowledge for /app/data/kaviademo4200/1656/b70881y/book-project-1656/backend/book-app/src/main/resources/db/migration/V017__CREATE_PUBLISHER.sql
2025-09-23 13:48:12,564 - Knowledge - INFO - persist ingested knowledge for /app/data/kaviademo4200/1656/b70881y/book-project-1656/backend/book-app/src/main/resources/db/migration/V026__ALTER_PREDEFINED_SHELF_MAKE_USER_ID_NULLABLE.sql
2025-09-23 13:48:13,414 - Knowledge - INFO - Knowledge creation complete
2025-09-23 13:48:13,497 - Knowledge - INFO - Updating org costs, total cost: 0.0739072
2025-09-23 13:48:14,165 - Knowledge - INFO - Saving knowledge to Redis...
2025-09-23 13:48:14,322 - Knowledge - INFO - Knowledge saved to Redis successfully
2025-09-24 11:44:04,436 - Knowledge - INFO - Redis support added with prefix knowledge:b70881y:
2025-09-24 11:44:06,302 - Knowledge - INFO - load persisted knowledge: begin
2025-09-24 11:44:09,120 - Knowledge - INFO - Persisted knowledge files in /app/data/kaviademo4200/1656/b70881y/book-project-1656/.knowledge have been renamed to use .json
2025-09-24 11:44:09,230 - Knowledge - INFO - Found code-base-name: https://github.com/kavia-common/book-project-1656.git:kavia-main
2025-09-24 11:44:09,354 - Knowledge - INFO - Found code_base: <app.utils.kg_build.knowledge.KnowledgeCodeBase object at 0x7fbee95b1a50>
2025-09-24 11:44:09,464 - Knowledge - INFO - process ingested knowledge for /app/data/kaviademo4200/1656/b70881y/book-project-1656/backend/book-app/src/main/java/com/karankumar/bookproject/shelf/controller/ShelfController.java
2025-09-24 11:44:09,578 - Knowledge - INFO - Found code-base-name: https://github.com/kavia-common/book-project-1656.git:kavia-main
2025-09-24 11:44:09,702 - Knowledge - INFO - Found code_base: <app.utils.kg_build.knowledge.KnowledgeCodeBase object at 0x7fbee95b1a50>
2025-09-24 11:44:09,805 - Knowledge - INFO - process ingested knowledge for /app/data/kaviademo4200/1656/b70881y/book-project-1656/frontend/src/shared/types/Book.ts
2025-09-24 11:44:09,903 - Knowledge - INFO - Found code-base-name: https://github.com/kavia-common/book-project-1656.git:kavia-main
2025-09-24 11:44:10,000 - Knowledge - INFO - Found code_base: <app.utils.kg_build.knowledge.KnowledgeCodeBase object at 0x7fbee95b1a50>
2025-09-24 11:44:10,091 - Knowledge - INFO - process ingested knowledge for /app/data/kaviademo4200/1656/b70881y/book-project-1656/backend/book-app/src/main/java/com/karankumar/bookproject/account/repository/UserRepository.java
2025-09-24 11:44:10,181 - Knowledge - INFO - Found code-base-name: https://github.com/kavia-common/book-project-1656.git:kavia-main
2025-09-24 11:44:10,306 - Knowledge - INFO - Found code_base: <app.utils.kg_build.knowledge.KnowledgeCodeBase object at 0x7fbee95b1a50>
2025-09-24 11:44:10,403 - Knowledge - INFO - process ingested knowledge for /app/data/kaviademo4200/1656/b70881y/book-project-1656/frontend/src/shared/book-display/ShelfCarousel.css
2025-09-24 11:44:10,516 - Knowledge - INFO - Found code-base-name: https://github.com/kavia-common/book-project-1656.git:kavia-main
2025-09-24 11:44:10,649 - Knowledge - INFO - Found code_base: <app.utils.kg_build.knowledge.KnowledgeCodeBase object at 0x7fbee95b1a50>
2025-09-24 11:44:10,735 - Knowledge - INFO - process ingested knowledge for /app/data/kaviademo4200/1656/b70881y/book-project-1656/backend/book-app/src/main/java/com/karankumar/bookproject/shelf/model/UserCreatedShelf.java
2025-09-24 11:44:10,848 - Knowledge - INFO - Found code-base-name: https://github.com/kavia-common/book-project-1656.git:kavia-main
2025-09-24 11:44:10,939 - Knowledge - INFO - Found code_base: <app.utils.kg_build.knowledge.KnowledgeCodeBase object at 0x7fbee95b1a50>
2025-09-24 11:44:11,083 - Knowledge - INFO - process ingested knowledge for /app/data/kaviademo4200/1656/b70881y/book-project-1656/backend/book-app/src/main/resources/db/migration/V027__ALTER_USER_ADD_FAIL_ATTEMPTS_DATA.sql
2025-09-24 11:44:11,180 - Knowledge - INFO - Found code-base-name: https://github.com/kavia-common/book-project-1656.git:kavia-main
2025-09-24 11:44:11,268 - Knowledge - INFO - Found code_base: <app.utils.kg_build.knowledge.KnowledgeCodeBase object at 0x7fbee95b1a50>
2025-09-24 11:44:11,356 - Knowledge - INFO - process ingested knowledge for /app/data/kaviademo4200/1656/b70881y/book-project-1656/backend/book-app/src/main/java/com/karankumar/bookproject/statistics/RatingStatistics.java
2025-09-24 11:44:11,486 - Knowledge - INFO - Found code-base-name: https://github.com/kavia-common/book-project-1656.git:kavia-main
2025-09-24 11:44:11,601 - Knowledge - INFO - Found code_base: <app.utils.kg_build.knowledge.KnowledgeCodeBase object at 0x7fbee95b1a50>
2025-09-24 11:44:11,706 - Knowledge - INFO - process ingested knowledge for /app/data/kaviademo4200/1656/b70881y/book-project-1656/backend/book-app/src/main/java/com/karankumar/bookproject/util/CsvUtils.java
2025-09-24 11:44:11,825 - Knowledge - INFO - Found code-base-name: https://github.com/kavia-common/book-project-1656.git:kavia-main
2025-09-24 11:44:11,934 - Knowledge - INFO - Found code_base: <app.utils.kg_build.knowledge.KnowledgeCodeBase object at 0x7fbee95b1a50>
2025-09-24 11:44:12,034 - Knowledge - INFO - process ingested knowledge for /app/data/kaviademo4200/1656/b70881y/book-project-1656/backend/book-app/src/main/java/com/karankumar/bookproject/bookexport/BookExportService.java
2025-09-24 11:44:12,135 - Knowledge - INFO - Found code-base-name: https://github.com/kavia-common/book-project-1656.git:kavia-main
2025-09-24 11:44:12,259 - Knowledge - INFO - Found code_base: <app.utils.kg_build.knowledge.KnowledgeCodeBase object at 0x7fbee95b1a50>
2025-09-24 11:44:12,375 - Knowledge - INFO - process ingested knowledge for /app/data/kaviademo4200/1656/b70881y/book-project-1656/frontend/src/react-app-env.d.ts
2025-09-24 11:44:12,485 - Knowledge - INFO - Found code-base-name: https://github.com/kavia-common/book-project-1656.git:kavia-main
2025-09-24 11:44:12,581 - Knowledge - INFO - Found code_base: <app.utils.kg_build.knowledge.KnowledgeCodeBase object at 0x7fbee95b1a50>
2025-09-24 11:44:12,710 - Knowledge - INFO - process ingested knowledge for /app/data/kaviademo4200/1656/b70881y/book-project-1656/backend/book-app/src/main/resources/db/migration/V022__ALTER_PUBLISHER_MAKE_NAME_UNIQUE.sql
2025-09-24 11:44:12,835 - Knowledge - INFO - Found code-base-name: https://github.com/kavia-common/book-project-1656.git:kavia-main
2025-09-24 11:44:12,943 - Knowledge - INFO - Found code_base: <app.utils.kg_build.knowledge.KnowledgeCodeBase object at 0x7fbee95b1a50>
2025-09-24 11:44:13,052 - Knowledge - INFO - process ingested knowledge for /app/data/kaviademo4200/1656/b70881y/book-project-1656/backend/book-app/src/main/java/com/karankumar/bookproject/shelf/service/PredefinedShelfService.java
2025-09-24 11:44:13,178 - Knowledge - INFO - Found code-base-name: https://github.com/kavia-common/book-project-1656.git:kavia-main
2025-09-24 11:44:13,260 - Knowledge - INFO - Found code_base: <app.utils.kg_build.knowledge.KnowledgeCodeBase object at 0x7fbee95b1a50>
2025-09-24 11:44:13,342 - Knowledge - INFO - process ingested knowledge for /app/data/kaviademo4200/1656/b70881y/book-project-1656/backend/email-service/src/main/java/com/karankumar/bookproject/book/service/EmailServiceImpl.java
2025-09-24 11:44:13,466 - Knowledge - INFO - Found code-base-name: https://github.com/kavia-common/book-project-1656.git:kavia-main
2025-09-24 11:44:13,567 - Knowledge - INFO - Found code_base: <app.utils.kg_build.knowledge.KnowledgeCodeBase object at 0x7fbee95b1a50>
2025-09-24 11:44:13,669 - Knowledge - INFO - process ingested knowledge for /app/data/kaviademo4200/1656/b70881y/book-project-1656/backend/book-app/src/main/resources/db/migration/V010__CREATE_USER_ROLE.sql
2025-09-24 11:44:13,760 - Knowledge - INFO - Found code-base-name: https://github.com/kavia-common/book-project-1656.git:kavia-main
2025-09-24 11:44:13,842 - Knowledge - INFO - Found code_base: <app.utils.kg_build.knowledge.KnowledgeCodeBase object at 0x7fbee95b1a50>
2025-09-24 11:44:13,970 - Knowledge - INFO - process ingested knowledge for /app/data/kaviademo4200/1656/b70881y/book-project-1656/backend/book-app/src/test/java/com/karankumar/bookproject/util/UserCreatedShelfUtilsTest.java
2025-09-24 11:44:14,074 - Knowledge - INFO - Found code-base-name: https://github.com/kavia-common/book-project-1656.git:kavia-main
2025-09-24 11:44:14,171 - Knowledge - INFO - Found code_base: <app.utils.kg_build.knowledge.KnowledgeCodeBase object at 0x7fbee95b1a50>
2025-09-24 11:44:14,263 - Knowledge - INFO - process ingested knowledge for /app/data/kaviademo4200/1656/b70881y/book-project-1656/backend/book-app/src/main/java/com/karankumar/bookproject/account/constraint/PasswordStrength.java
2025-09-24 11:44:14,375 - Knowledge - INFO - Found code-base-name: https://github.com/kavia-common/book-project-1656.git:kavia-main
2025-09-24 11:44:14,492 - Knowledge - INFO - Found code_base: <app.utils.kg_build.knowledge.KnowledgeCodeBase object at 0x7fbee95b1a50>
2025-09-24 11:44:14,596 - Knowledge - INFO - process ingested knowledge for /app/data/kaviademo4200/1656/b70881y/book-project-1656/backend/book-app/src/main/java/com/karankumar/bookproject/bookimport/librarything/LibraryThingBookDataImport.java
2025-09-24 11:44:14,698 - Knowledge - INFO - Found code-base-name: https://github.com/kavia-common/book-project-1656.git:kavia-main
2025-09-24 11:44:14,792 - Knowledge - INFO - Found code_base: <app.utils.kg_build.knowledge.KnowledgeCodeBase object at 0x7fbee95b1a50>
2025-09-24 11:44:14,912 - Knowledge - INFO - process ingested knowledge for /app/data/kaviademo4200/1656/b70881y/book-project-1656/backend/book-app/src/main/java/com/karankumar/bookproject/account/controller/UserController.java
2025-09-24 11:44:15,039 - Knowledge - INFO - Found code-base-name: https://github.com/kavia-common/book-project-1656.git:kavia-main
2025-09-24 11:44:15,130 - Knowledge - INFO - Found code_base: <app.utils.kg_build.knowledge.KnowledgeCodeBase object at 0x7fbee95b1a50>
2025-09-24 11:44:15,215 - Knowledge - INFO - process ingested knowledge for /app/data/kaviademo4200/1656/b70881y/book-project-1656/backend/book-app/src/test/java/com/karankumar/bookproject/book/service/TagServiceTest.java
2025-09-24 11:44:15,312 - Knowledge - INFO - Found code-base-name: https://github.com/kavia-common/book-project-1656.git:kavia-main
2025-09-24 11:44:15,426 - Knowledge - INFO - Found code_base: <app.utils.kg_build.knowledge.KnowledgeCodeBase object at 0x7fbee95b1a50>
2025-09-24 11:44:15,547 - Knowledge - INFO - process ingested knowledge for /app/data/kaviademo4200/1656/b70881y/book-project-1656/backend/book-app/src/test/java/com/karankumar/bookproject/book/controller/BookImportControllerTest.java
2025-09-24 11:44:15,675 - Knowledge - INFO - Found code-base-name: https://github.com/kavia-common/book-project-1656.git:kavia-main
2025-09-24 11:44:15,764 - Knowledge - INFO - Found code_base: <app.utils.kg_build.knowledge.KnowledgeCodeBase object at 0x7fbee95b1a50>
2025-09-24 11:44:15,846 - Knowledge - INFO - process ingested knowledge for /app/data/kaviademo4200/1656/b70881y/book-project-1656/frontend/public/index.html
2025-09-24 11:44:15,944 - Knowledge - INFO - Found code-base-name: https://github.com/kavia-common/book-project-1656.git:kavia-main
2025-09-24 11:44:16,053 - Knowledge - INFO - Found code_base: <app.utils.kg_build.knowledge.KnowledgeCodeBase object at 0x7fbee95b1a50>
2025-09-24 11:44:16,178 - Knowledge - INFO - process ingested knowledge for /app/data/kaviademo4200/1656/b70881y/book-project-1656/frontend/src/reportWebVitals.ts
2025-09-24 11:44:16,275 - Knowledge - INFO - Found code-base-name: https://github.com/kavia-common/book-project-1656.git:kavia-main
2025-09-24 11:44:16,381 - Knowledge - INFO - Found code_base: <app.utils.kg_build.knowledge.KnowledgeCodeBase object at 0x7fbee95b1a50>
2025-09-24 11:44:16,463 - Knowledge - INFO - process ingested knowledge for /app/data/kaviademo4200/1656/b70881y/book-project-1656/backend/book-app/src/main/resources/banner.txt
2025-09-24 11:44:16,590 - Knowledge - INFO - Found code-base-name: https://github.com/kavia-common/book-project-1656.git:kavia-main
2025-09-24 11:44:16,713 - Knowledge - INFO - Found code_base: <app.utils.kg_build.knowledge.KnowledgeCodeBase object at 0x7fbee95b1a50>
2025-09-24 11:44:16,808 - Knowledge - INFO - process ingested knowledge for /app/data/kaviademo4200/1656/b70881y/book-project-1656/backend/book-app/src/main/java/com/karankumar/bookproject/book/dto/BookPatchDto.java
2025-09-24 11:44:16,899 - Knowledge - INFO - Found code-base-name: https://github.com/kavia-common/book-project-1656.git:kavia-main
2025-09-24 11:44:17,019 - Knowledge - INFO - Found code_base: <app.utils.kg_build.knowledge.KnowledgeCodeBase object at 0x7fbee95b1a50>
2025-09-24 11:44:17,130 - Knowledge - INFO - process ingested knowledge for /app/data/kaviademo4200/1656/b70881y/book-project-1656/frontend/src/goal/Goal.tsx
2025-09-24 11:44:17,232 - Knowledge - INFO - Found code-base-name: https://github.com/kavia-common/book-project-1656.git:kavia-main
2025-09-24 11:44:17,304 - Knowledge - INFO - Found code_base: <app.utils.kg_build.knowledge.KnowledgeCodeBase object at 0x7fbee95b1a50>
2025-09-24 11:44:17,393 - Knowledge - INFO - process ingested knowledge for /app/data/kaviademo4200/1656/b70881y/book-project-1656/backend/book-app/src/main/java/com/karankumar/bookproject/statistics/PageStatistics.java
2025-09-24 11:44:17,525 - Knowledge - INFO - Found code-base-name: https://github.com/kavia-common/book-project-1656.git:kavia-main
2025-09-24 11:44:17,614 - Knowledge - INFO - Found code_base: <app.utils.kg_build.knowledge.KnowledgeCodeBase object at 0x7fbee95b1a50>
2025-09-24 11:44:17,707 - Knowledge - INFO - process ingested knowledge for /app/data/kaviademo4200/1656/b70881y/book-project-1656/backend/book-app/src/main/java/com/karankumar/bookproject/book/dto/BookDto.java
2025-09-24 11:44:17,807 - Knowledge - INFO - Found code-base-name: https://github.com/kavia-common/book-project-1656.git:kavia-main
2025-09-24 11:44:17,895 - Knowledge - INFO - Found code_base: <app.utils.kg_build.knowledge.KnowledgeCodeBase object at 0x7fbee95b1a50>
2025-09-24 11:44:18,002 - Knowledge - INFO - process ingested knowledge for /app/data/kaviademo4200/1656/b70881y/book-project-1656/backend/book-app/src/main/resources/db/migration/V024__CREATE_BOOK_GENRE.sql
2025-09-24 11:44:18,104 - Knowledge - INFO - Found code-base-name: https://github.com/kavia-common/book-project-1656.git:kavia-main
2025-09-24 11:44:18,212 - Knowledge - INFO - Found code_base: <app.utils.kg_build.knowledge.KnowledgeCodeBase object at 0x7fbee95b1a50>
2025-09-24 11:44:18,302 - Knowledge - INFO - process ingested knowledge for /app/data/kaviademo4200/1656/b70881y/book-project-1656/backend/book-app/src/main/resources/db/migration/V018__CREATE_BOOK_PUBLISHER.sql
2025-09-24 11:44:18,399 - Knowledge - INFO - Found code-base-name: https://github.com/kavia-common/book-project-1656.git:kavia-main
2025-09-24 11:44:18,504 - Knowledge - INFO - Found code_base: <app.utils.kg_build.knowledge.KnowledgeCodeBase object at 0x7fbee95b1a50>
2025-09-24 11:44:18,623 - Knowledge - INFO - process ingested knowledge for /app/data/kaviademo4200/1656/b70881y/book-project-1656/backend/book-app/src/main/java/com/karankumar/bookproject/book/service/AuthorService.java
2025-09-24 11:44:18,754 - Knowledge - INFO - Found code-base-name: https://github.com/kavia-common/book-project-1656.git:kavia-main
2025-09-24 11:44:18,877 - Knowledge - INFO - Found code_base: <app.utils.kg_build.knowledge.KnowledgeCodeBase object at 0x7fbee95b1a50>
2025-09-24 11:44:18,982 - Knowledge - INFO - process ingested knowledge for /app/data/kaviademo4200/1656/b70881y/book-project-1656/backend/book-app/src/test/java/com/karankumar/bookproject/account/auth/CustomAuthenticationProviderTest.java
2025-09-24 11:44:19,078 - Knowledge - INFO - Found code-base-name: https://github.com/kavia-common/book-project-1656.git:kavia-main
2025-09-24 11:44:19,203 - Knowledge - INFO - Found code_base: <app.utils.kg_build.knowledge.KnowledgeCodeBase object at 0x7fbee95b1a50>
2025-09-24 11:44:19,307 - Knowledge - INFO - process ingested knowledge for /app/data/kaviademo4200/1656/b70881y/book-project-1656/frontend/public/manifest.json
2025-09-24 11:44:19,419 - Knowledge - INFO - Found code-base-name: https://github.com/kavia-common/book-project-1656.git:kavia-main
2025-09-24 11:44:19,504 - Knowledge - INFO - Found code_base: <app.utils.kg_build.knowledge.KnowledgeCodeBase object at 0x7fbee95b1a50>
2025-09-24 11:44:19,588 - Knowledge - INFO - process ingested knowledge for /app/data/kaviademo4200/1656/b70881y/book-project-1656/backend/book-app/src/main/resources/db/migration/V002__CREATE_BOOK.sql
2025-09-24 11:44:19,720 - Knowledge - INFO - Found code-base-name: https://github.com/kavia-common/book-project-1656.git:kavia-main
2025-09-24 11:44:19,807 - Knowledge - INFO - Found code_base: <app.utils.kg_build.knowledge.KnowledgeCodeBase object at 0x7fbee95b1a50>
2025-09-24 11:44:19,883 - Knowledge - INFO - process ingested knowledge for /app/data/kaviademo4200/1656/b70881y/book-project-1656/backend/book-app/src/main/java/com/karankumar/bookproject/account/dto/UserToDeleteDto.java
2025-09-24 11:44:19,989 - Knowledge - INFO - Found code-base-name: https://github.com/kavia-common/book-project-1656.git:kavia-main
2025-09-24 11:44:20,080 - Knowledge - INFO - Found code_base: <app.utils.kg_build.knowledge.KnowledgeCodeBase object at 0x7fbee95b1a50>
2025-09-24 11:44:20,169 - Knowledge - INFO - process ingested knowledge for /app/data/kaviademo4200/1656/b70881y/book-project-1656/backend/book-app/src/main/resources/db/migration/V025__ALTER_AUTHOR_MAKE_NAME_FULL.sql
2025-09-24 11:44:20,274 - Knowledge - INFO - Found code-base-name: https://github.com/kavia-common/book-project-1656.git:kavia-main
2025-09-24 11:44:20,394 - Knowledge - INFO - Found code_base: <app.utils.kg_build.knowledge.KnowledgeCodeBase object at 0x7fbee95b1a50>
2025-09-24 11:44:20,516 - Knowledge - INFO - process ingested knowledge for /app/data/kaviademo4200/1656/b70881y/book-project-1656/frontend/src/App.tsx
2025-09-24 11:44:20,627 - Knowledge - INFO - Found code-base-name: https://github.com/kavia-common/book-project-1656.git:kavia-main
2025-09-24 11:44:20,729 - Knowledge - INFO - Found code_base: <app.utils.kg_build.knowledge.KnowledgeCodeBase object at 0x7fbee95b1a50>
2025-09-24 11:44:20,826 - Knowledge - INFO - process ingested knowledge for /app/data/kaviademo4200/1656/b70881y/book-project-1656/frontend/src/shared/components/Search.tsx
2025-09-24 11:44:20,940 - Knowledge - INFO - Found code-base-name: https://github.com/kavia-common/book-project-1656.git:kavia-main
2025-09-24 11:44:21,056 - Knowledge - INFO - Found code_base: <app.utils.kg_build.knowledge.KnowledgeCodeBase object at 0x7fbee95b1a50>
2025-09-24 11:44:21,139 - Knowledge - INFO - process ingested knowledge for /app/data/kaviademo4200/1656/b70881y/book-project-1656/backend/book-app/src/test/java/com/karankumar/bookproject/book/service/PredefinedShelfServiceTest.java
2025-09-24 11:44:21,250 - Knowledge - INFO - Found code-base-name: https://github.com/kavia-common/book-project-1656.git:kavia-main
2025-09-24 11:44:21,367 - Knowledge - INFO - Found code_base: <app.utils.kg_build.knowledge.KnowledgeCodeBase object at 0x7fbee95b1a50>
2025-09-24 11:44:21,457 - Knowledge - INFO - process ingested knowledge for /app/data/kaviademo4200/1656/b70881y/book-project-1656/backend/book-app/src/main/java/com/karankumar/bookproject/book/model/BookFormat.java
2025-09-24 11:44:21,593 - Knowledge - INFO - Found code-base-name: https://github.com/kavia-common/book-project-1656.git:kavia-main
2025-09-24 11:44:21,681 - Knowledge - INFO - Found code_base: <app.utils.kg_build.knowledge.KnowledgeCodeBase object at 0x7fbee95b1a50>
2025-09-24 11:44:21,798 - Knowledge - INFO - process ingested knowledge for /app/data/kaviademo4200/1656/b70881y/book-project-1656/frontend/src/login/Login.tsx
2025-09-24 11:44:21,940 - Knowledge - INFO - Found code-base-name: https://github.com/kavia-common/book-project-1656.git:kavia-main
2025-09-24 11:44:22,015 - Knowledge - INFO - Found code_base: <app.utils.kg_build.knowledge.KnowledgeCodeBase object at 0x7fbee95b1a50>
2025-09-24 11:44:22,109 - Knowledge - INFO - process ingested knowledge for /app/data/kaviademo4200/1656/b70881y/book-project-1656/frontend/public/robots.txt
2025-09-24 11:44:22,304 - Knowledge - INFO - Found code-base-name: https://github.com/kavia-common/book-project-1656.git:kavia-main
2025-09-24 11:44:22,422 - Knowledge - INFO - Found code_base: <app.utils.kg_build.knowledge.KnowledgeCodeBase object at 0x7fbee95b1a50>
2025-09-24 11:44:22,519 - Knowledge - INFO - process ingested knowledge for /app/data/kaviademo4200/1656/b70881y/book-project-1656/backend/book-app/src/main/resources/db/migration/V007__CREATE_BOOK_TAG.sql
2025-09-24 11:44:22,636 - Knowledge - INFO - Found code-base-name: https://github.com/kavia-common/book-project-1656.git:kavia-main
2025-09-24 11:44:22,749 - Knowledge - INFO - Found code_base: <app.utils.kg_build.knowledge.KnowledgeCodeBase object at 0x7fbee95b1a50>
2025-09-24 11:44:22,865 - Knowledge - INFO - process ingested knowledge for /app/data/kaviademo4200/1656/b70881y/book-project-1656/backend/book-app/src/test/java/com/karankumar/bookproject/book/controller/ShelfControllerTest.java
2025-09-24 11:44:22,961 - Knowledge - INFO - Found code-base-name: https://github.com/kavia-common/book-project-1656.git:kavia-main
2025-09-24 11:44:23,083 - Knowledge - INFO - Found code_base: <app.utils.kg_build.knowledge.KnowledgeCodeBase object at 0x7fbee95b1a50>
2025-09-24 11:44:23,200 - Knowledge - INFO - process ingested knowledge for /app/data/kaviademo4200/1656/b70881y/book-project-1656/backend/book-app/src/main/java/com/karankumar/bookproject/account/model/Role.java
2025-09-24 11:44:23,305 - Knowledge - INFO - Found code-base-name: https://github.com/kavia-common/book-project-1656.git:kavia-main
2025-09-24 11:44:23,426 - Knowledge - INFO - Found code_base: <app.utils.kg_build.knowledge.KnowledgeCodeBase object at 0x7fbee95b1a50>
2025-09-24 11:44:23,552 - Knowledge - INFO - process ingested knowledge for /app/data/kaviademo4200/1656/b70881y/book-project-1656/backend/book-app/src/main/java/com/karankumar/bookproject/security/jwt/exceptionhandler/ApiExceptionHandler.java
2025-09-24 11:44:23,654 - Knowledge - INFO - Found code-base-name: https://github.com/kavia-common/book-project-1656.git:kavia-main
2025-09-24 11:44:23,773 - Knowledge - INFO - Found code_base: <app.utils.kg_build.knowledge.KnowledgeCodeBase object at 0x7fbee95b1a50>
2025-09-24 11:44:23,878 - Knowledge - INFO - process ingested knowledge for /app/data/kaviademo4200/1656/b70881y/book-project-1656/frontend/src/settings/Settings.tsx
2025-09-24 11:44:23,984 - Knowledge - INFO - Found code-base-name: https://github.com/kavia-common/book-project-1656.git:kavia-main
2025-09-24 11:44:24,068 - Knowledge - INFO - Found code_base: <app.utils.kg_build.knowledge.KnowledgeCodeBase object at 0x7fbee95b1a50>
2025-09-24 11:44:24,192 - Knowledge - INFO - process ingested knowledge for /app/data/kaviademo4200/1656/b70881y/book-project-1656/backend/book-app/src/test/java/com/karankumar/bookproject/util/ReadingGoalTestUtils.java
2025-09-24 11:44:24,303 - Knowledge - INFO - Found code-base-name: https://github.com/kavia-common/book-project-1656.git:kavia-main
2025-09-24 11:44:24,397 - Knowledge - INFO - Found code_base: <app.utils.kg_build.knowledge.KnowledgeCodeBase object at 0x7fbee95b1a50>
2025-09-24 11:44:24,489 - Knowledge - INFO - process ingested knowledge for /app/data/kaviademo4200/1656/b70881y/book-project-1656/backend/book-app/src/main/java/com/karankumar/bookproject/BookProjectApplication.java
2025-09-24 11:44:24,609 - Knowledge - INFO - Found code-base-name: https://github.com/kavia-common/book-project-1656.git:kavia-main
2025-09-24 11:44:24,684 - Knowledge - INFO - Found code_base: <app.utils.kg_build.knowledge.KnowledgeCodeBase object at 0x7fbee95b1a50>
2025-09-24 11:44:24,774 - Knowledge - INFO - process ingested knowledge for /app/data/kaviademo4200/1656/b70881y/book-project-1656/backend/book-app/src/main/java/com/karankumar/bookproject/book/service/BookService.java
2025-09-24 11:44:24,889 - Knowledge - INFO - Found code-base-name: https://github.com/kavia-common/book-project-1656.git:kavia-main
2025-09-24 11:44:25,007 - Knowledge - INFO - Found code_base: <app.utils.kg_build.knowledge.KnowledgeCodeBase object at 0x7fbee95b1a50>
2025-09-24 11:44:25,088 - Knowledge - INFO - process ingested knowledge for /app/data/kaviademo4200/1656/b70881y/book-project-1656/frontend/src/my-books/ShelfModal.css
2025-09-24 11:44:25,182 - Knowledge - INFO - Found code-base-name: https://github.com/kavia-common/book-project-1656.git:kavia-main
2025-09-24 11:44:25,291 - Knowledge - INFO - Found code_base: <app.utils.kg_build.knowledge.KnowledgeCodeBase object at 0x7fbee95b1a50>
2025-09-24 11:44:25,380 - Knowledge - INFO - process ingested knowledge for /app/data/kaviademo4200/1656/b70881y/book-project-1656/backend/book-app/src/main/java/com/karankumar/bookproject/statistics/GenreStatistics.java
2025-09-24 11:44:25,486 - Knowledge - INFO - Found code-base-name: https://github.com/kavia-common/book-project-1656.git:kavia-main
2025-09-24 11:44:25,606 - Knowledge - INFO - Found code_base: <app.utils.kg_build.knowledge.KnowledgeCodeBase object at 0x7fbee95b1a50>
2025-09-24 11:44:25,696 - Knowledge - INFO - process ingested knowledge for /app/data/kaviademo4200/1656/b70881y/book-project-1656/backend/email-service/src/main/java/com/karankumar/bookproject/EmailService.java
2025-09-24 11:44:25,789 - Knowledge - INFO - Found code-base-name: https://github.com/kavia-common/book-project-1656.git:kavia-main
2025-09-24 11:44:25,880 - Knowledge - INFO - Found code_base: <app.utils.kg_build.knowledge.KnowledgeCodeBase object at 0x7fbee95b1a50>
2025-09-24 11:44:25,982 - Knowledge - INFO - process ingested knowledge for /app/data/kaviademo4200/1656/b70881y/book-project-1656/backend/book-app/src/main/java/com/karankumar/bookproject/account/exception/PasswordTooWeakException.java
2025-09-24 11:44:26,083 - Knowledge - INFO - Found code-base-name: https://github.com/kavia-common/book-project-1656.git:kavia-main
2025-09-24 11:44:26,211 - Knowledge - INFO - Found code_base: <app.utils.kg_build.knowledge.KnowledgeCodeBase object at 0x7fbee95b1a50>
2025-09-24 11:44:26,298 - Knowledge - INFO - process ingested knowledge for /app/data/kaviademo4200/1656/b70881y/book-project-1656/backend/book-app/src/main/java/com/karankumar/bookproject/book/BookUtils.java
2025-09-24 11:44:26,432 - Knowledge - INFO - Found code-base-name: https://github.com/kavia-common/book-project-1656.git:kavia-main
2025-09-24 11:44:26,545 - Knowledge - INFO - Found code_base: <app.utils.kg_build.knowledge.KnowledgeCodeBase object at 0x7fbee95b1a50>
2025-09-24 11:44:26,665 - Knowledge - INFO - process ingested knowledge for /app/data/kaviademo4200/1656/b70881y/book-project-1656/frontend/src/statistics/Stats.tsx
2025-09-24 11:44:26,763 - Knowledge - INFO - Found code-base-name: https://github.com/kavia-common/book-project-1656.git:kavia-main
2025-09-24 11:44:26,852 - Knowledge - INFO - Found code_base: <app.utils.kg_build.knowledge.KnowledgeCodeBase object at 0x7fbee95b1a50>
2025-09-24 11:44:26,933 - Knowledge - INFO - process ingested knowledge for /app/data/kaviademo4200/1656/b70881y/book-project-1656/backend/book-app/src/main/java/com/karankumar/bookproject/book/json/LocalDateSerializer.java
2025-09-24 11:44:27,027 - Knowledge - INFO - Found code-base-name: https://github.com/kavia-common/book-project-1656.git:kavia-main
2025-09-24 11:44:27,125 - Knowledge - INFO - Found code_base: <app.utils.kg_build.knowledge.KnowledgeCodeBase object at 0x7fbee95b1a50>
2025-09-24 11:44:27,249 - Knowledge - INFO - process ingested knowledge for /app/data/kaviademo4200/1656/b70881y/book-project-1656/frontend/src/shared/theme.tsx
2025-09-24 11:44:27,359 - Knowledge - INFO - Found code-base-name: https://github.com/kavia-common/book-project-1656.git:kavia-main
2025-09-24 11:44:27,439 - Knowledge - INFO - Found code_base: <app.utils.kg_build.knowledge.KnowledgeCodeBase object at 0x7fbee95b1a50>
2025-09-24 11:44:27,546 - Knowledge - INFO - process ingested knowledge for /app/data/kaviademo4200/1656/b70881y/book-project-1656/backend/book-app/src/test/java/com/karankumar/bookproject/account/auth/service/DatabaseUserDetailsPasswordServiceTest.java
2025-09-24 11:44:27,640 - Knowledge - INFO - Found code-base-name: https://github.com/kavia-common/book-project-1656.git:kavia-main
2025-09-24 11:44:27,765 - Knowledge - INFO - Found code_base: <app.utils.kg_build.knowledge.KnowledgeCodeBase object at 0x7fbee95b1a50>
2025-09-24 11:44:27,875 - Knowledge - INFO - process ingested knowledge for /app/data/kaviademo4200/1656/b70881y/book-project-1656/backend/book-app/src/main/java/com/karankumar/bookproject/book/model/Tag.java
2025-09-24 11:44:27,981 - Knowledge - INFO - Found code-base-name: https://github.com/kavia-common/book-project-1656.git:kavia-main
2025-09-24 11:44:28,095 - Knowledge - INFO - Found code_base: <app.utils.kg_build.knowledge.KnowledgeCodeBase object at 0x7fbee95b1a50>
2025-09-24 11:44:28,190 - Knowledge - INFO - process ingested knowledge for /app/data/kaviademo4200/1656/b70881y/book-project-1656/backend/book-app/src/main/java/com/karankumar/bookproject/book/model/BookGenre.java
2025-09-24 11:44:28,284 - Knowledge - INFO - Found code-base-name: https://github.com/kavia-common/book-project-1656.git:kavia-main
2025-09-24 11:44:28,376 - Knowledge - INFO - Found code_base: <app.utils.kg_build.knowledge.KnowledgeCodeBase object at 0x7fbee95b1a50>
2025-09-24 11:44:28,473 - Knowledge - INFO - process ingested knowledge for /app/data/kaviademo4200/1656/b70881y/book-project-1656/frontend/tsconfig.json
2025-09-24 11:44:28,594 - Knowledge - INFO - Found code-base-name: https://github.com/kavia-common/book-project-1656.git:kavia-main
2025-09-24 11:44:28,699 - Knowledge - INFO - Found code_base: <app.utils.kg_build.knowledge.KnowledgeCodeBase object at 0x7fbee95b1a50>
2025-09-24 11:44:28,776 - Knowledge - INFO - process ingested knowledge for /app/data/kaviademo4200/1656/b70881y/book-project-1656/frontend/src/register/Register.tsx
2025-09-24 11:44:28,861 - Knowledge - INFO - Found code-base-name: https://github.com/kavia-common/book-project-1656.git:kavia-main
2025-09-24 11:44:28,961 - Knowledge - INFO - Found code_base: <app.utils.kg_build.knowledge.KnowledgeCodeBase object at 0x7fbee95b1a50>
2025-09-24 11:44:29,048 - Knowledge - INFO - process ingested knowledge for /app/data/kaviademo4200/1656/b70881y/book-project-1656/frontend/src/shared/components/Layout.tsx
2025-09-24 11:44:29,177 - Knowledge - INFO - Found code-base-name: https://github.com/kavia-common/book-project-1656.git:kavia-main
2025-09-24 11:44:29,278 - Knowledge - INFO - Found code_base: <app.utils.kg_build.knowledge.KnowledgeCodeBase object at 0x7fbee95b1a50>
2025-09-24 11:44:29,366 - Knowledge - INFO - process ingested knowledge for /app/data/kaviademo4200/1656/b70881y/book-project-1656/backend/book-app/src/main/java/com/karankumar/bookproject/security/jwt/JwtConfig.java
2025-09-24 11:44:29,474 - Knowledge - INFO - Found code-base-name: https://github.com/kavia-common/book-project-1656.git:kavia-main
2025-09-24 11:44:29,570 - Knowledge - INFO - Found code_base: <app.utils.kg_build.knowledge.KnowledgeCodeBase object at 0x7fbee95b1a50>
2025-09-24 11:44:29,647 - Knowledge - INFO - process ingested knowledge for /app/data/kaviademo4200/1656/b70881y/book-project-1656/backend/book-app/src/main/resources/db/migration/V015__ALTER_BOOK_ADD_FORMAT.sql
2025-09-24 11:44:29,770 - Knowledge - INFO - Found code-base-name: https://github.com/kavia-common/book-project-1656.git:kavia-main
2025-09-24 11:44:29,871 - Knowledge - INFO - Found code_base: <app.utils.kg_build.knowledge.KnowledgeCodeBase object at 0x7fbee95b1a50>
2025-09-24 11:44:29,989 - Knowledge - INFO - process ingested knowledge for /app/data/kaviademo4200/1656/b70881y/book-project-1656/frontend/src/shared/navigation/NavBar.css
2025-09-24 11:44:30,080 - Knowledge - INFO - Found code-base-name: https://github.com/kavia-common/book-project-1656.git:kavia-main
2025-09-24 11:44:30,170 - Knowledge - INFO - Found code_base: <app.utils.kg_build.knowledge.KnowledgeCodeBase object at 0x7fbee95b1a50>
2025-09-24 11:44:30,263 - Knowledge - INFO - process ingested knowledge for /app/data/kaviademo4200/1656/b70881y/book-project-1656/backend/book-app/src/main/java/com/karankumar/bookproject/statistics/YearStatistics.java
2025-09-24 11:44:30,366 - Knowledge - INFO - Found code-base-name: https://github.com/kavia-common/book-project-1656.git:kavia-main
2025-09-24 11:44:30,465 - Knowledge - INFO - Found code_base: <app.utils.kg_build.knowledge.KnowledgeCodeBase object at 0x7fbee95b1a50>
2025-09-24 11:44:30,557 - Knowledge - INFO - process ingested knowledge for /app/data/kaviademo4200/1656/b70881y/book-project-1656/backend/book-app/src/main/java/com/karankumar/bookproject/account/service/UserService.java
2025-09-24 11:44:30,694 - Knowledge - INFO - Found code-base-name: https://github.com/kavia-common/book-project-1656.git:kavia-main
2025-09-24 11:44:30,796 - Knowledge - INFO - Found code_base: <app.utils.kg_build.knowledge.KnowledgeCodeBase object at 0x7fbee95b1a50>
2025-09-24 11:44:30,895 - Knowledge - INFO - process ingested knowledge for /app/data/kaviademo4200/1656/b70881y/book-project-1656/backend/book-app/src/test/java/com/karankumar/bookproject/book/repository/PredefinedShelfRepositoryTest.java
2025-09-24 11:44:31,044 - Knowledge - INFO - Found code-base-name: https://github.com/kavia-common/book-project-1656.git:kavia-main
2025-09-24 11:44:31,172 - Knowledge - INFO - Found code_base: <app.utils.kg_build.knowledge.KnowledgeCodeBase object at 0x7fbee95b1a50>
2025-09-24 11:44:31,300 - Knowledge - INFO - process ingested knowledge for /app/data/kaviademo4200/1656/b70881y/book-project-1656/frontend/src/my-books/ShelfModal.tsx
2025-09-24 11:44:31,441 - Knowledge - INFO - Found code-base-name: https://github.com/kavia-common/book-project-1656.git:kavia-main
2025-09-24 11:44:31,546 - Knowledge - INFO - Found code_base: <app.utils.kg_build.knowledge.KnowledgeCodeBase object at 0x7fbee95b1a50>
2025-09-24 11:44:31,670 - Knowledge - INFO - process ingested knowledge for /app/data/kaviademo4200/1656/b70881y/book-project-1656/backend/email-service/src/main/java/com/karankumar/bookproject/template/EmailTemplate.java
2025-09-24 11:44:31,773 - Knowledge - INFO - Found code-base-name: https://github.com/kavia-common/book-project-1656.git:kavia-main
2025-09-24 11:44:31,891 - Knowledge - INFO - Found code_base: <app.utils.kg_build.knowledge.KnowledgeCodeBase object at 0x7fbee95b1a50>
2025-09-24 11:44:31,968 - Knowledge - INFO - process ingested knowledge for /app/data/kaviademo4200/1656/b70881y/book-project-1656/backend/book-app/src/main/java/com/karankumar/bookproject/book/repository/AuthorRepository.java
2025-09-24 11:44:32,077 - Knowledge - INFO - Found code-base-name: https://github.com/kavia-common/book-project-1656.git:kavia-main
2025-09-24 11:44:32,189 - Knowledge - INFO - Found code_base: <app.utils.kg_build.knowledge.KnowledgeCodeBase object at 0x7fbee95b1a50>
2025-09-24 11:44:32,309 - Knowledge - INFO - process ingested knowledge for /app/data/kaviademo4200/1656/b70881y/book-project-1656/frontend/src/goal/Goal.css
2025-09-24 11:44:32,436 - Knowledge - INFO - Found code-base-name: https://github.com/kavia-common/book-project-1656.git:kavia-main
2025-09-24 11:44:32,540 - Knowledge - INFO - Found code_base: <app.utils.kg_build.knowledge.KnowledgeCodeBase object at 0x7fbee95b1a50>
2025-09-24 11:44:32,629 - Knowledge - INFO - process ingested knowledge for /app/data/kaviademo4200/1656/b70881y/book-project-1656/backend/book-app/src/main/java/com/karankumar/bookproject/util/DateUtils.java
2025-09-24 11:44:32,771 - Knowledge - INFO - Found code-base-name: https://github.com/kavia-common/book-project-1656.git:kavia-main
2025-09-24 11:44:32,860 - Knowledge - INFO - Found code_base: <app.utils.kg_build.knowledge.KnowledgeCodeBase object at 0x7fbee95b1a50>
2025-09-24 11:44:32,945 - Knowledge - INFO - process ingested knowledge for /app/data/kaviademo4200/1656/b70881y/book-project-1656/backend/book-app/src/main/java/com/karankumar/bookproject/bookimport/ImportServiceDelegate.java
2025-09-24 11:44:33,083 - Knowledge - INFO - Found code-base-name: https://github.com/kavia-common/book-project-1656.git:kavia-main
2025-09-24 11:44:33,158 - Knowledge - INFO - Found code_base: <app.utils.kg_build.knowledge.KnowledgeCodeBase object at 0x7fbee95b1a50>
2025-09-24 11:44:33,266 - Knowledge - INFO - process ingested knowledge for /app/data/kaviademo4200/1656/b70881y/book-project-1656/frontend/src/App.test.tsx
2025-09-24 11:44:33,394 - Knowledge - INFO - Found code-base-name: https://github.com/kavia-common/book-project-1656.git:kavia-main
2025-09-24 11:44:33,528 - Knowledge - INFO - Found code_base: <app.utils.kg_build.knowledge.KnowledgeCodeBase object at 0x7fbee95b1a50>
2025-09-24 11:44:33,619 - Knowledge - INFO - process ingested knowledge for /app/data/kaviademo4200/1656/b70881y/book-project-1656/backend/book-app/src/main/resources/db/migration/V009__CREATE_ROLE.sql
2025-09-24 11:44:33,721 - Knowledge - INFO - Found code-base-name: https://github.com/kavia-common/book-project-1656.git:kavia-main
2025-09-24 11:44:33,848 - Knowledge - INFO - Found code_base: <app.utils.kg_build.knowledge.KnowledgeCodeBase object at 0x7fbee95b1a50>
2025-09-24 11:44:33,979 - Knowledge - INFO - process ingested knowledge for /app/data/kaviademo4200/1656/b70881y/book-project-1656/backend/book-app/src/test/java/com/karankumar/bookproject/bookimport/ImportServiceTest.java
2025-09-24 11:44:34,089 - Knowledge - INFO - Found code-base-name: https://github.com/kavia-common/book-project-1656.git:kavia-main
2025-09-24 11:44:34,223 - Knowledge - INFO - Found code_base: <app.utils.kg_build.knowledge.KnowledgeCodeBase object at 0x7fbee95b1a50>
2025-09-24 11:44:34,309 - Knowledge - INFO - process ingested knowledge for /app/data/kaviademo4200/1656/b70881y/book-project-1656/backend/pom.xml
2025-09-24 11:44:34,477 - Knowledge - INFO - Found code-base-name: https://github.com/kavia-common/book-project-1656.git:kavia-main
2025-09-24 11:44:34,576 - Knowledge - INFO - Found code_base: <app.utils.kg_build.knowledge.KnowledgeCodeBase object at 0x7fbee95b1a50>
2025-09-24 11:44:34,683 - Knowledge - INFO - process ingested knowledge for /app/data/kaviademo4200/1656/b70881y/book-project-1656/frontend/src/shared/navigation/NavBar.tsx
2025-09-24 11:44:34,791 - Knowledge - INFO - Found code-base-name: https://github.com/kavia-common/book-project-1656.git:kavia-main
2025-09-24 11:44:34,910 - Knowledge - INFO - Found code_base: <app.utils.kg_build.knowledge.KnowledgeCodeBase object at 0x7fbee95b1a50>
2025-09-24 11:44:35,029 - Knowledge - INFO - process ingested knowledge for /app/data/kaviademo4200/1656/b70881y/book-project-1656/backend/book-app/src/main/java/com/karankumar/bookproject/book/controller/BookController.java
2025-09-24 11:44:35,153 - Knowledge - INFO - Found code-base-name: https://github.com/kavia-common/book-project-1656.git:kavia-main
2025-09-24 11:44:35,286 - Knowledge - INFO - Found code_base: <app.utils.kg_build.knowledge.KnowledgeCodeBase object at 0x7fbee95b1a50>
2025-09-24 11:44:35,373 - Knowledge - INFO - process ingested knowledge for /app/data/kaviademo4200/1656/b70881y/book-project-1656/backend/book-app/src/test/java/com/karankumar/bookproject/annotations/IntegrationTest.java
2025-09-24 11:44:35,497 - Knowledge - INFO - Found code-base-name: https://github.com/kavia-common/book-project-1656.git:kavia-main
2025-09-24 11:44:35,585 - Knowledge - INFO - Found code_base: <app.utils.kg_build.knowledge.KnowledgeCodeBase object at 0x7fbee95b1a50>
2025-09-24 11:44:35,663 - Knowledge - INFO - process ingested knowledge for /app/data/kaviademo4200/1656/b70881y/book-project-1656/backend/book-app/src/test/resources/exportedBooksSample.json
2025-09-24 11:44:35,777 - Knowledge - INFO - Found code-base-name: https://github.com/kavia-common/book-project-1656.git:kavia-main
2025-09-24 11:44:35,915 - Knowledge - INFO - Found code_base: <app.utils.kg_build.knowledge.KnowledgeCodeBase object at 0x7fbee95b1a50>
2025-09-24 11:44:36,050 - Knowledge - INFO - process ingested knowledge for /app/data/kaviademo4200/1656/b70881y/book-project-1656/backend/book-app/src/main/java/com/karankumar/bookproject/book/repository/BookRepository.java
2025-09-24 11:44:36,165 - Knowledge - INFO - Found code-base-name: https://github.com/kavia-common/book-project-1656.git:kavia-main
2025-09-24 11:44:36,278 - Knowledge - INFO - Found code_base: <app.utils.kg_build.knowledge.KnowledgeCodeBase object at 0x7fbee95b1a50>
2025-09-24 11:44:36,366 - Knowledge - INFO - process ingested knowledge for /app/data/kaviademo4200/1656/b70881y/book-project-1656/ACKNOWLEDGEMENTS.md
2025-09-24 11:44:36,475 - Knowledge - INFO - Found code-base-name: https://github.com/kavia-common/book-project-1656.git:kavia-main
2025-09-24 11:44:36,579 - Knowledge - INFO - Found code_base: <app.utils.kg_build.knowledge.KnowledgeCodeBase object at 0x7fbee95b1a50>
2025-09-24 11:44:36,667 - Knowledge - INFO - process ingested knowledge for /app/data/kaviademo4200/1656/b70881y/book-project-1656/backend/book-app/pom.xml
2025-09-24 11:44:36,769 - Knowledge - INFO - Found code-base-name: https://github.com/kavia-common/book-project-1656.git:kavia-main
2025-09-24 11:44:36,858 - Knowledge - INFO - Found code_base: <app.utils.kg_build.knowledge.KnowledgeCodeBase object at 0x7fbee95b1a50>
2025-09-24 11:44:36,941 - Knowledge - INFO - process ingested knowledge for /app/data/kaviademo4200/1656/b70881y/book-project-1656/frontend/src/shared/form/EmailAddress.tsx
2025-09-24 11:44:37,050 - Knowledge - INFO - Found code-base-name: https://github.com/kavia-common/book-project-1656.git:kavia-main
2025-09-24 11:44:37,131 - Knowledge - INFO - Found code_base: <app.utils.kg_build.knowledge.KnowledgeCodeBase object at 0x7fbee95b1a50>
2025-09-24 11:44:37,260 - Knowledge - INFO - process ingested knowledge for /app/data/kaviademo4200/1656/b70881y/book-project-1656/backend/email-service/src/main/resources/templates/template-thymeleaf.html
2025-09-24 11:44:37,349 - Knowledge - INFO - Found code-base-name: https://github.com/kavia-common/book-project-1656.git:kavia-main
2025-09-24 11:44:37,443 - Knowledge - INFO - Found code_base: <app.utils.kg_build.knowledge.KnowledgeCodeBase object at 0x7fbee95b1a50>
2025-09-24 11:44:37,569 - Knowledge - INFO - process ingested knowledge for /app/data/kaviademo4200/1656/b70881y/book-project-1656/backend/email-service/src/main/java/com/karankumar/bookproject/configuration/EmailConfiguration.java
2025-09-24 11:44:37,699 - Knowledge - INFO - Found code-base-name: https://github.com/kavia-common/book-project-1656.git:kavia-main
2025-09-24 11:44:37,778 - Knowledge - INFO - Found code_base: <app.utils.kg_build.knowledge.KnowledgeCodeBase object at 0x7fbee95b1a50>
2025-09-24 11:44:37,896 - Knowledge - INFO - process ingested knowledge for /app/data/kaviademo4200/1656/b70881y/book-project-1656/backend/book-app/src/test/java/com/karankumar/bookproject/book/service/PublisherServiceTest.java
2025-09-24 11:44:38,033 - Knowledge - INFO - Found code-base-name: https://github.com/kavia-common/book-project-1656.git:kavia-main
2025-09-24 11:44:38,138 - Knowledge - INFO - Found code_base: <app.utils.kg_build.knowledge.KnowledgeCodeBase object at 0x7fbee95b1a50>
2025-09-24 11:44:38,225 - Knowledge - INFO - process ingested knowledge for /app/data/kaviademo4200/1656/b70881y/book-project-1656/backend/book-app/src/test/java/com/karankumar/bookproject/integration/JwtTokenVerifierIntegrationTest.java
2025-09-24 11:44:38,353 - Knowledge - INFO - Found code-base-name: https://github.com/kavia-common/book-project-1656.git:kavia-main
2025-09-24 11:44:38,482 - Knowledge - INFO - Found code_base: <app.utils.kg_build.knowledge.KnowledgeCodeBase object at 0x7fbee95b1a50>
2025-09-24 11:44:38,569 - Knowledge - INFO - process ingested knowledge for /app/data/kaviademo4200/1656/b70881y/book-project-1656/backend/book-app/src/test/java/com/karankumar/bookproject/util/BookUtilsTest.java
2025-09-24 11:44:38,691 - Knowledge - INFO - Found code-base-name: https://github.com/kavia-common/book-project-1656.git:kavia-main
2025-09-24 11:44:38,801 - Knowledge - INFO - Found code_base: <app.utils.kg_build.knowledge.KnowledgeCodeBase object at 0x7fbee95b1a50>
2025-09-24 11:44:38,910 - Knowledge - INFO - process ingested knowledge for /app/data/kaviademo4200/1656/b70881y/book-project-1656/backend/book-app/src/test/java/com/karankumar/bookproject/goal/ReadingGoalCalculatorTest.java
2025-09-24 11:44:39,021 - Knowledge - INFO - Found code-base-name: https://github.com/kavia-common/book-project-1656.git:kavia-main
2025-09-24 11:44:39,140 - Knowledge - INFO - Found code_base: <app.utils.kg_build.knowledge.KnowledgeCodeBase object at 0x7fbee95b1a50>
2025-09-24 11:44:39,223 - Knowledge - INFO - process ingested knowledge for /app/data/kaviademo4200/1656/b70881y/book-project-1656/frontend/start.sh
2025-09-24 11:44:39,356 - Knowledge - INFO - Found code-base-name: https://github.com/kavia-common/book-project-1656.git:kavia-main
2025-09-24 11:44:39,438 - Knowledge - INFO - Found code_base: <app.utils.kg_build.knowledge.KnowledgeCodeBase object at 0x7fbee95b1a50>
2025-09-24 11:44:39,522 - Knowledge - INFO - process ingested knowledge for /app/data/kaviademo4200/1656/b70881y/book-project-1656/backend/email-service/src/main/java/com/karankumar/bookproject/book/service/EmailService.java
2025-09-24 11:44:39,664 - Knowledge - INFO - Found code-base-name: https://github.com/kavia-common/book-project-1656.git:kavia-main
2025-09-24 11:44:39,755 - Knowledge - INFO - Found code_base: <app.utils.kg_build.knowledge.KnowledgeCodeBase object at 0x7fbee95b1a50>
2025-09-24 11:44:39,856 - Knowledge - INFO - process ingested knowledge for /app/data/kaviademo4200/1656/b70881y/book-project-1656/backend/book-app/src/main/resources/db/migration/V019__ALTER_USER_MAKE_EMAIL_NULLABLE.sql
2025-09-24 11:44:39,953 - Knowledge - INFO - Found code-base-name: https://github.com/kavia-common/book-project-1656.git:kavia-main
2025-09-24 11:44:40,051 - Knowledge - INFO - Found code_base: <app.utils.kg_build.knowledge.KnowledgeCodeBase object at 0x7fbee95b1a50>
2025-09-24 11:44:40,147 - Knowledge - INFO - process ingested knowledge for /app/data/kaviademo4200/1656/b70881y/book-project-1656/backend/book-app/src/main/java/com/karankumar/bookproject/account/dto/UserToRegisterDto.java
2025-09-24 11:44:40,249 - Knowledge - INFO - Found code-base-name: https://github.com/kavia-common/book-project-1656.git:kavia-main
2025-09-24 11:44:40,369 - Knowledge - INFO - Found code_base: <app.utils.kg_build.knowledge.KnowledgeCodeBase object at 0x7fbee95b1a50>
2025-09-24 11:44:40,458 - Knowledge - INFO - process ingested knowledge for /app/data/kaviademo4200/1656/b70881y/book-project-1656/frontend/src/register/Register.css
2025-09-24 11:44:40,561 - Knowledge - INFO - Found code-base-name: https://github.com/kavia-common/book-project-1656.git:kavia-main
2025-09-24 11:44:40,671 - Knowledge - INFO - Found code_base: <app.utils.kg_build.knowledge.KnowledgeCodeBase object at 0x7fbee95b1a50>
2025-09-24 11:44:40,766 - Knowledge - INFO - process ingested knowledge for /app/data/kaviademo4200/1656/b70881y/book-project-1656/frontend/src/shared/components/SearchResults.tsx
2025-09-24 11:44:40,908 - Knowledge - INFO - Found code-base-name: https://github.com/kavia-common/book-project-1656.git:kavia-main
2025-09-24 11:44:41,013 - Knowledge - INFO - Found code_base: <app.utils.kg_build.knowledge.KnowledgeCodeBase object at 0x7fbee95b1a50>
2025-09-24 11:44:41,119 - Knowledge - INFO - process ingested knowledge for /app/data/kaviademo4200/1656/b70881y/book-project-1656/backend/book-app/src/main/java/com/karankumar/bookproject/goal/ReadingGoalService.java
2025-09-24 11:44:41,217 - Knowledge - INFO - Found code-base-name: https://github.com/kavia-common/book-project-1656.git:kavia-main
2025-09-24 11:44:41,345 - Knowledge - INFO - Found code_base: <app.utils.kg_build.knowledge.KnowledgeCodeBase object at 0x7fbee95b1a50>
2025-09-24 11:44:41,469 - Knowledge - INFO - process ingested knowledge for /app/data/kaviademo4200/1656/b70881y/book-project-1656/frontend/src/shared/components/Layout.css
2025-09-24 11:44:41,606 - Knowledge - INFO - Found code-base-name: https://github.com/kavia-common/book-project-1656.git:kavia-main
2025-09-24 11:44:41,736 - Knowledge - INFO - Found code_base: <app.utils.kg_build.knowledge.KnowledgeCodeBase object at 0x7fbee95b1a50>
2025-09-24 11:44:41,829 - Knowledge - INFO - process ingested knowledge for /app/data/kaviademo4200/1656/b70881y/book-project-1656/backend/book-app/src/test/java/com/karankumar/bookproject/util/StringUtilsTest.java
2025-09-24 11:44:41,931 - Knowledge - INFO - Found code-base-name: https://github.com/kavia-common/book-project-1656.git:kavia-main
2025-09-24 11:44:42,035 - Knowledge - INFO - Found code_base: <app.utils.kg_build.knowledge.KnowledgeCodeBase object at 0x7fbee95b1a50>
2025-09-24 11:44:42,122 - Knowledge - INFO - process ingested knowledge for /app/data/kaviademo4200/1656/b70881y/book-project-1656/backend/book-app/src/test/java/com/karankumar/bookproject/book/service/IncorrectPasswordException.java
2025-09-24 11:44:42,239 - Knowledge - INFO - Found code-base-name: https://github.com/kavia-common/book-project-1656.git:kavia-main
2025-09-24 11:44:42,318 - Knowledge - INFO - Found code_base: <app.utils.kg_build.knowledge.KnowledgeCodeBase object at 0x7fbee95b1a50>
2025-09-24 11:44:42,422 - Knowledge - INFO - process ingested knowledge for /app/data/kaviademo4200/1656/b70881y/book-project-1656/backend/book-app/src/main/java/com/karankumar/bookproject/account/model/RoleType.java
2025-09-24 11:44:42,547 - Knowledge - INFO - Found code-base-name: https://github.com/kavia-common/book-project-1656.git:kavia-main
2025-09-24 11:44:42,643 - Knowledge - INFO - Found code_base: <app.utils.kg_build.knowledge.KnowledgeCodeBase object at 0x7fbee95b1a50>
2025-09-24 11:44:42,724 - Knowledge - INFO - process ingested knowledge for /app/data/kaviademo4200/1656/b70881y/book-project-1656/backend/book-app/src/main/resources/db/migration/V020__ALTER_USER_MAKE_USERNAME_NULLABLE.sql
2025-09-24 11:44:42,819 - Knowledge - INFO - Found code-base-name: https://github.com/kavia-common/book-project-1656.git:kavia-main
2025-09-24 11:44:42,903 - Knowledge - INFO - Found code_base: <app.utils.kg_build.knowledge.KnowledgeCodeBase object at 0x7fbee95b1a50>
2025-09-24 11:44:42,992 - Knowledge - INFO - process ingested knowledge for /app/data/kaviademo4200/1656/b70881y/book-project-1656/backend/book-app/src/main/java/com/karankumar/bookproject/account/constraint/PasswordStrengthCheck.java
2025-09-24 11:44:43,133 - Knowledge - INFO - Found code-base-name: https://github.com/kavia-common/book-project-1656.git:kavia-main
2025-09-24 11:44:43,229 - Knowledge - INFO - Found code_base: <app.utils.kg_build.knowledge.KnowledgeCodeBase object at 0x7fbee95b1a50>
2025-09-24 11:44:43,316 - Knowledge - INFO - process ingested knowledge for /app/data/kaviademo4200/1656/b70881y/book-project-1656/frontend/src/shared/book-display/ShelfCarousel.tsx
2025-09-24 11:44:43,416 - Knowledge - INFO - Found code-base-name: https://github.com/kavia-common/book-project-1656.git:kavia-main
2025-09-24 11:44:43,500 - Knowledge - INFO - Found code_base: <app.utils.kg_build.knowledge.KnowledgeCodeBase object at 0x7fbee95b1a50>
2025-09-24 11:44:43,579 - Knowledge - INFO - process ingested knowledge for /app/data/kaviademo4200/1656/b70881y/book-project-1656/backend/book-app/src/main/java/com/karankumar/bookproject/security/jwt/exceptionhandler/ErrorResponse.java
2025-09-24 11:44:43,679 - Knowledge - INFO - Found code-base-name: https://github.com/kavia-common/book-project-1656.git:kavia-main
2025-09-24 11:44:43,768 - Knowledge - INFO - Found code_base: <app.utils.kg_build.knowledge.KnowledgeCodeBase object at 0x7fbee95b1a50>
2025-09-24 11:44:43,868 - Knowledge - INFO - process ingested knowledge for /app/data/kaviademo4200/1656/b70881y/book-project-1656/backend/book-app/src/main/java/com/karankumar/bookproject/shelf/controller/PredefinedShelfController.java
2025-09-24 11:44:43,971 - Knowledge - INFO - Found code-base-name: https://github.com/kavia-common/book-project-1656.git:kavia-main
2025-09-24 11:44:44,090 - Knowledge - INFO - Found code_base: <app.utils.kg_build.knowledge.KnowledgeCodeBase object at 0x7fbee95b1a50>
2025-09-24 11:44:44,186 - Knowledge - INFO - process ingested knowledge for /app/data/kaviademo4200/1656/b70881y/book-project-1656/backend/book-app/src/main/java/com/karankumar/bookproject/shelf/repository/PredefinedShelfRepository.java
2025-09-24 11:44:44,322 - Knowledge - INFO - Found code-base-name: https://github.com/kavia-common/book-project-1656.git:kavia-main
2025-09-24 11:44:44,425 - Knowledge - INFO - Found code_base: <app.utils.kg_build.knowledge.KnowledgeCodeBase object at 0x7fbee95b1a50>
2025-09-24 11:44:44,553 - Knowledge - INFO - process ingested knowledge for /app/data/kaviademo4200/1656/b70881y/book-project-1656/backend/book-app/src/main/java/com/karankumar/bookproject/account/exception/CurrentUserNotFoundException.java
2025-09-24 11:44:44,660 - Knowledge - INFO - Found code-base-name: https://github.com/kavia-common/book-project-1656.git:kavia-main
2025-09-24 11:44:44,743 - Knowledge - INFO - Found code_base: <app.utils.kg_build.knowledge.KnowledgeCodeBase object at 0x7fbee95b1a50>
2025-09-24 11:44:44,837 - Knowledge - INFO - process ingested knowledge for /app/data/kaviademo4200/1656/b70881y/book-project-1656/STYLEGUIDE.md
2025-09-24 11:44:44,961 - Knowledge - INFO - Found code-base-name: https://github.com/kavia-common/book-project-1656.git:kavia-main
2025-09-24 11:44:45,042 - Knowledge - INFO - Found code_base: <app.utils.kg_build.knowledge.KnowledgeCodeBase object at 0x7fbee95b1a50>
2025-09-24 11:44:45,137 - Knowledge - INFO - process ingested knowledge for /app/data/kaviademo4200/1656/b70881y/book-project-1656/backend/book-app/src/main/resources/db/migration/V014__ALTER_BOOK_ADD_ISBN.sql
2025-09-24 11:44:45,237 - Knowledge - INFO - Found code-base-name: https://github.com/kavia-common/book-project-1656.git:kavia-main
2025-09-24 11:44:45,351 - Knowledge - INFO - Found code_base: <app.utils.kg_build.knowledge.KnowledgeCodeBase object at 0x7fbee95b1a50>
2025-09-24 11:44:45,435 - Knowledge - INFO - process ingested knowledge for /app/data/kaviademo4200/1656/b70881y/book-project-1656/frontend/src/shared/api/endpoints.ts
2025-09-24 11:44:45,539 - Knowledge - INFO - Found code-base-name: https://github.com/kavia-common/book-project-1656.git:kavia-main
2025-09-24 11:44:45,655 - Knowledge - INFO - Found code_base: <app.utils.kg_build.knowledge.KnowledgeCodeBase object at 0x7fbee95b1a50>
2025-09-24 11:44:45,769 - Knowledge - INFO - process ingested knowledge for /app/data/kaviademo4200/1656/b70881y/book-project-1656/backend/book-app/src/main/resources/db/migration/V016__ALTER_BOOK_ADD_PUBLICATION_YEAR.sql
2025-09-24 11:44:45,860 - Knowledge - INFO - Found code-base-name: https://github.com/kavia-common/book-project-1656.git:kavia-main
2025-09-24 11:44:45,942 - Knowledge - INFO - Found code_base: <app.utils.kg_build.knowledge.KnowledgeCodeBase object at 0x7fbee95b1a50>
2025-09-24 11:44:46,032 - Knowledge - INFO - process ingested knowledge for /app/data/kaviademo4200/1656/b70881y/book-project-1656/backend/book-app/src/main/java/com/karankumar/bookproject/book/model/Publisher.java
2025-09-24 11:44:46,145 - Knowledge - INFO - Found code-base-name: https://github.com/kavia-common/book-project-1656.git:kavia-main
2025-09-24 11:44:46,259 - Knowledge - INFO - Found code_base: <app.utils.kg_build.knowledge.KnowledgeCodeBase object at 0x7fbee95b1a50>
2025-09-24 11:44:46,345 - Knowledge - INFO - process ingested knowledge for /app/data/kaviademo4200/1656/b70881y/book-project-1656/backend/book-app/src/test/java/com/karankumar/bookproject/bookimport/mapper/LibraryThingMapperTest.java
2025-09-24 11:44:46,444 - Knowledge - INFO - Found code-base-name: https://github.com/kavia-common/book-project-1656.git:kavia-main
2025-09-24 11:44:46,537 - Knowledge - INFO - Found code_base: <app.utils.kg_build.knowledge.KnowledgeCodeBase object at 0x7fbee95b1a50>
2025-09-24 11:44:46,626 - Knowledge - INFO - process ingested knowledge for /app/data/kaviademo4200/1656/b70881y/book-project-1656/backend/book-app/src/main/java/com/karankumar/bookproject/account/exception/UserAlreadyRegisteredException.java
2025-09-24 11:44:46,762 - Knowledge - INFO - Found code-base-name: https://github.com/kavia-common/book-project-1656.git:kavia-main
2025-09-24 11:44:46,842 - Knowledge - INFO - Found code_base: <app.utils.kg_build.knowledge.KnowledgeCodeBase object at 0x7fbee95b1a50>
2025-09-24 11:44:46,954 - Knowledge - INFO - process ingested knowledge for /app/data/kaviademo4200/1656/b70881y/book-project-1656/backend/book-app/src/test/java/com/karankumar/bookproject/bookexport/BookExportControllerTest.java
2025-09-24 11:44:47,089 - Knowledge - INFO - Found code-base-name: https://github.com/kavia-common/book-project-1656.git:kavia-main
2025-09-24 11:44:47,198 - Knowledge - INFO - Found code_base: <app.utils.kg_build.knowledge.KnowledgeCodeBase object at 0x7fbee95b1a50>
2025-09-24 11:44:47,286 - Knowledge - INFO - process ingested knowledge for /app/data/kaviademo4200/1656/b70881y/book-project-1656/backend/book-app/src/main/java/com/karankumar/bookproject/account/constraint/PasswordStrengthValidator.java
2025-09-24 11:44:47,420 - Knowledge - INFO - Found code-base-name: https://github.com/kavia-common/book-project-1656.git:kavia-main
2025-09-24 11:44:47,538 - Knowledge - INFO - Found code_base: <app.utils.kg_build.knowledge.KnowledgeCodeBase object at 0x7fbee95b1a50>
2025-09-24 11:44:47,665 - Knowledge - INFO - process ingested knowledge for /app/data/kaviademo4200/1656/b70881y/book-project-1656/frontend/src/shared/components/Search.css
2025-09-24 11:44:47,776 - Knowledge - INFO - Found code-base-name: https://github.com/kavia-common/book-project-1656.git:kavia-main
2025-09-24 11:44:47,896 - Knowledge - INFO - Found code_base: <app.utils.kg_build.knowledge.KnowledgeCodeBase object at 0x7fbee95b1a50>
2025-09-24 11:44:47,989 - Knowledge - INFO - process ingested knowledge for /app/data/kaviademo4200/1656/b70881y/book-project-1656/frontend/src/login/Login.css
2025-09-24 11:44:48,128 - Knowledge - INFO - Found code-base-name: https://github.com/kavia-common/book-project-1656.git:kavia-main
2025-09-24 11:44:48,219 - Knowledge - INFO - Found code_base: <app.utils.kg_build.knowledge.KnowledgeCodeBase object at 0x7fbee95b1a50>
2025-09-24 11:44:48,343 - Knowledge - INFO - process ingested knowledge for /app/data/kaviademo4200/1656/b70881y/book-project-1656/backend/book-app/src/main/resources/db/migration/V008__CREATE_USER.sql
2025-09-24 11:44:48,478 - Knowledge - INFO - Found code-base-name: https://github.com/kavia-common/book-project-1656.git:kavia-main
2025-09-24 11:44:48,607 - Knowledge - INFO - Found code_base: <app.utils.kg_build.knowledge.KnowledgeCodeBase object at 0x7fbee95b1a50>
2025-09-24 11:44:48,704 - Knowledge - INFO - process ingested knowledge for /app/data/kaviademo4200/1656/b70881y/book-project-1656/backend/book-app/src/main/java/com/karankumar/bookproject/bookimport/librarything/LibraryThingBookImport.java
2025-09-24 11:44:48,851 - Knowledge - INFO - Found code-base-name: https://github.com/kavia-common/book-project-1656.git:kavia-main
2025-09-24 11:44:48,932 - Knowledge - INFO - Found code_base: <app.utils.kg_build.knowledge.KnowledgeCodeBase object at 0x7fbee95b1a50>
2025-09-24 11:44:49,038 - Knowledge - INFO - process ingested knowledge for /app/data/kaviademo4200/1656/b70881y/book-project-1656/backend/book-app/src/main/java/com/karankumar/bookproject/account/auth/service/DatabaseUserDetailsService.java
2025-09-24 11:44:49,148 - Knowledge - INFO - Found code-base-name: https://github.com/kavia-common/book-project-1656.git:kavia-main
2025-09-24 11:44:49,265 - Knowledge - INFO - Found code_base: <app.utils.kg_build.knowledge.KnowledgeCodeBase object at 0x7fbee95b1a50>
2025-09-24 11:44:49,351 - Knowledge - INFO - process ingested knowledge for /app/data/kaviademo4200/1656/b70881y/book-project-1656/backend/email-service/src/main/java/com/karankumar/bookproject/constant/EmailConstant.java
2025-09-24 11:44:49,489 - Knowledge - INFO - Found code-base-name: https://github.com/kavia-common/book-project-1656.git:kavia-main
2025-09-24 11:44:49,601 - Knowledge - INFO - Found code_base: <app.utils.kg_build.knowledge.KnowledgeCodeBase object at 0x7fbee95b1a50>
2025-09-24 11:44:49,697 - Knowledge - INFO - process ingested knowledge for /app/data/kaviademo4200/1656/b70881y/book-project-1656/frontend/src/settings/Settings.css
2025-09-24 11:44:49,836 - Knowledge - INFO - Found code-base-name: https://github.com/kavia-common/book-project-1656.git:kavia-main
2025-09-24 11:44:49,928 - Knowledge - INFO - Found code_base: <app.utils.kg_build.knowledge.KnowledgeCodeBase object at 0x7fbee95b1a50>
2025-09-24 11:44:50,044 - Knowledge - INFO - process ingested knowledge for /app/data/kaviademo4200/1656/b70881y/book-project-1656/backend/book-app/src/test/java/com/karankumar/bookproject/statistics/util/StatisticTestUtils.java
2025-09-24 11:44:50,150 - Knowledge - INFO - Found code-base-name: https://github.com/kavia-common/book-project-1656.git:kavia-main
2025-09-24 11:44:50,239 - Knowledge - INFO - Found code_base: <app.utils.kg_build.knowledge.KnowledgeCodeBase object at 0x7fbee95b1a50>
2025-09-24 11:44:50,345 - Knowledge - INFO - process ingested knowledge for /app/data/kaviademo4200/1656/b70881y/book-project-1656/backend/commons/src/main/java/com/karankumar/bookproject/ExcludeFromJacocoGeneratedReport.java
2025-09-24 11:44:50,477 - Knowledge - INFO - Found code-base-name: https://github.com/kavia-common/book-project-1656.git:kavia-main
2025-09-24 11:44:50,561 - Knowledge - INFO - Found code_base: <app.utils.kg_build.knowledge.KnowledgeCodeBase object at 0x7fbee95b1a50>
2025-09-24 11:44:50,659 - Knowledge - INFO - process ingested knowledge for /app/data/kaviademo4200/1656/b70881y/book-project-1656/backend/book-app/src/main/java/com/karankumar/bookproject/bookimport/LibraryThingBookImportService.java
2025-09-24 11:44:50,753 - Knowledge - INFO - Found code-base-name: https://github.com/kavia-common/book-project-1656.git:kavia-main
2025-09-24 11:44:50,860 - Knowledge - INFO - Found code_base: <app.utils.kg_build.knowledge.KnowledgeCodeBase object at 0x7fbee95b1a50>
2025-09-24 11:44:50,941 - Knowledge - INFO - process ingested knowledge for /app/data/kaviademo4200/1656/b70881y/book-project-1656/backend/email-service/src/main/java/com/karankumar/bookproject/configuration/ThymeleafConfiguration.java
2025-09-24 11:44:51,067 - Knowledge - INFO - Found code-base-name: https://github.com/kavia-common/book-project-1656.git:kavia-main
2025-09-24 11:44:51,143 - Knowledge - INFO - Found code_base: <app.utils.kg_build.knowledge.KnowledgeCodeBase object at 0x7fbee95b1a50>
2025-09-24 11:44:51,239 - Knowledge - INFO - process ingested knowledge for /app/data/kaviademo4200/1656/b70881y/book-project-1656/backend/book-app/src/main/java/com/karankumar/bookproject/shelf/service/UserCreatedShelfService.java
2025-09-24 11:44:51,374 - Knowledge - INFO - Found code-base-name: https://github.com/kavia-common/book-project-1656.git:kavia-main
2025-09-24 11:44:51,484 - Knowledge - INFO - Found code_base: <app.utils.kg_build.knowledge.KnowledgeCodeBase object at 0x7fbee95b1a50>
2025-09-24 11:44:51,584 - Knowledge - INFO - process ingested knowledge for /app/data/kaviademo4200/1656/b70881y/book-project-1656/frontend/src/my-books/MyBooks.css
2025-09-24 11:44:51,712 - Knowledge - INFO - Found code-base-name: https://github.com/kavia-common/book-project-1656.git:kavia-main
2025-09-24 11:44:51,798 - Knowledge - INFO - Found code_base: <app.utils.kg_build.knowledge.KnowledgeCodeBase object at 0x7fbee95b1a50>
2025-09-24 11:44:51,900 - Knowledge - INFO - process ingested knowledge for /app/data/kaviademo4200/1656/b70881y/book-project-1656/backend/book-app/src/main/java/com/karankumar/bookproject/account/auth/service/DatabaseUserDetailsPasswordService.java
2025-09-24 11:44:52,003 - Knowledge - INFO - Found code-base-name: https://github.com/kavia-common/book-project-1656.git:kavia-main
2025-09-24 11:44:52,101 - Knowledge - INFO - Found code_base: <app.utils.kg_build.knowledge.KnowledgeCodeBase object at 0x7fbee95b1a50>
2025-09-24 11:44:52,180 - Knowledge - INFO - process ingested knowledge for /app/data/kaviademo4200/1656/b70881y/book-project-1656/backend/book-app/src/main/java/com/karankumar/bookproject/security/jwt/JwtUsernamePasswordAuthFilter.java
2025-09-24 11:44:52,316 - Knowledge - INFO - Found code-base-name: https://github.com/kavia-common/book-project-1656.git:kavia-main
2025-09-24 11:44:52,401 - Knowledge - INFO - Found code_base: <app.utils.kg_build.knowledge.KnowledgeCodeBase object at 0x7fbee95b1a50>
2025-09-24 11:44:52,511 - Knowledge - INFO - process ingested knowledge for /app/data/kaviademo4200/1656/b70881y/book-project-1656/frontend/src/login/forgotPassword/PasswordResetModal.tsx
2025-09-24 11:44:52,645 - Knowledge - INFO - Found code-base-name: https://github.com/kavia-common/book-project-1656.git:kavia-main
2025-09-24 11:44:52,753 - Knowledge - INFO - Found code_base: <app.utils.kg_build.knowledge.KnowledgeCodeBase object at 0x7fbee95b1a50>
2025-09-24 11:44:52,872 - Knowledge - INFO - process ingested knowledge for /app/data/kaviademo4200/1656/b70881y/book-project-1656/backend/book-app/src/main/java/com/karankumar/bookproject/account/model/User.java
2025-09-24 11:44:53,005 - Knowledge - INFO - Found code-base-name: https://github.com/kavia-common/book-project-1656.git:kavia-main
2025-09-24 11:44:53,096 - Knowledge - INFO - Found code_base: <app.utils.kg_build.knowledge.KnowledgeCodeBase object at 0x7fbee95b1a50>
2025-09-24 11:44:53,216 - Knowledge - INFO - process ingested knowledge for /app/data/kaviademo4200/1656/b70881y/book-project-1656/backend/book-app/src/main/resources/db/migration/V003__CREATE_PREDEFINED_SHELF.sql
2025-09-24 11:44:53,322 - Knowledge - INFO - Found code-base-name: https://github.com/kavia-common/book-project-1656.git:kavia-main
2025-09-24 11:44:53,446 - Knowledge - INFO - Found code_base: <app.utils.kg_build.knowledge.KnowledgeCodeBase object at 0x7fbee95b1a50>
2025-09-24 11:44:53,568 - Knowledge - INFO - process ingested knowledge for /app/data/kaviademo4200/1656/b70881y/book-project-1656/backend/book-app/src/main/resources/db/migration/V012__CREATE_USER_CREATED_SHELF.sql
2025-09-24 11:44:53,666 - Knowledge - INFO - Found code-base-name: https://github.com/kavia-common/book-project-1656.git:kavia-main
2025-09-24 11:44:53,744 - Knowledge - INFO - Found code_base: <app.utils.kg_build.knowledge.KnowledgeCodeBase object at 0x7fbee95b1a50>
2025-09-24 11:44:53,837 - Knowledge - INFO - process ingested knowledge for /app/data/kaviademo4200/1656/b70881y/book-project-1656/backend/email-service/src/test/java/com/karankumar/bookproject/book/service/EmailServiceTest.java
2025-09-24 11:44:53,954 - Knowledge - INFO - Found code-base-name: https://github.com/kavia-common/book-project-1656.git:kavia-main
2025-09-24 11:44:54,026 - Knowledge - INFO - Found code_base: <app.utils.kg_build.knowledge.KnowledgeCodeBase object at 0x7fbee95b1a50>
2025-09-24 11:44:54,121 - Knowledge - INFO - process ingested knowledge for /app/data/kaviademo4200/1656/b70881y/book-project-1656/frontend/src/delete-account/DeleteAccount.css
2025-09-24 11:44:54,210 - Knowledge - INFO - Found code-base-name: https://github.com/kavia-common/book-project-1656.git:kavia-main
2025-09-24 11:44:54,335 - Knowledge - INFO - Found code_base: <app.utils.kg_build.knowledge.KnowledgeCodeBase object at 0x7fbee95b1a50>
2025-09-24 11:44:54,439 - Knowledge - INFO - process ingested knowledge for /app/data/kaviademo4200/1656/b70881y/book-project-1656/backend/book-app/src/test/java/com/karankumar/bookproject/account/auth/service/DatabaseUserDetailsServiceTest.java
2025-09-24 11:44:54,576 - Knowledge - INFO - Found code-base-name: https://github.com/kavia-common/book-project-1656.git:kavia-main
2025-09-24 11:44:54,676 - Knowledge - INFO - Found code_base: <app.utils.kg_build.knowledge.KnowledgeCodeBase object at 0x7fbee95b1a50>
2025-09-24 11:44:54,770 - Knowledge - INFO - process ingested knowledge for /app/data/kaviademo4200/1656/b70881y/book-project-1656/backend/book-app/src/main/resources/db/migration/V006__CREATE_TAG.sql
2025-09-24 11:44:54,894 - Knowledge - INFO - Found code-base-name: https://github.com/kavia-common/book-project-1656.git:kavia-main
2025-09-24 11:44:55,010 - Knowledge - INFO - Found code_base: <app.utils.kg_build.knowledge.KnowledgeCodeBase object at 0x7fbee95b1a50>
2025-09-24 11:44:55,098 - Knowledge - INFO - process ingested knowledge for /app/data/kaviademo4200/1656/b70881y/book-project-1656/backend/book-app/src/main/java/com/karankumar/bookproject/bookimport/GoodreadsBookImport.java
2025-09-24 11:44:55,216 - Knowledge - INFO - Found code-base-name: https://github.com/kavia-common/book-project-1656.git:kavia-main
2025-09-24 11:44:55,296 - Knowledge - INFO - Found code_base: <app.utils.kg_build.knowledge.KnowledgeCodeBase object at 0x7fbee95b1a50>
2025-09-24 11:44:55,423 - Knowledge - INFO - process ingested knowledge for /app/data/kaviademo4200/1656/b70881y/book-project-1656/backend/book-app/src/test/java/com/karankumar/bookproject/integration/ReadingGoalControllerIntegrationTest.java
2025-09-24 11:44:55,539 - Knowledge - INFO - Found code-base-name: https://github.com/kavia-common/book-project-1656.git:kavia-main
2025-09-24 11:44:55,657 - Knowledge - INFO - Found code_base: <app.utils.kg_build.knowledge.KnowledgeCodeBase object at 0x7fbee95b1a50>
2025-09-24 11:44:55,780 - Knowledge - INFO - process ingested knowledge for /app/data/kaviademo4200/1656/b70881y/book-project-1656/backend/book-app/src/main/resources/db/migration/V023__ALTER_BOOK_RENAME_CONSTRAINTS.sql
2025-09-24 11:44:55,912 - Knowledge - INFO - Found code-base-name: https://github.com/kavia-common/book-project-1656.git:kavia-main
2025-09-24 11:44:56,004 - Knowledge - INFO - Found code_base: <app.utils.kg_build.knowledge.KnowledgeCodeBase object at 0x7fbee95b1a50>
2025-09-24 11:44:56,098 - Knowledge - INFO - process ingested knowledge for /app/data/kaviademo4200/1656/b70881y/book-project-1656/backend/book-app/src/test/java/com/karankumar/bookproject/book/service/ReadingGoalServiceTest.java
2025-09-24 11:44:56,217 - Knowledge - INFO - Found code-base-name: https://github.com/kavia-common/book-project-1656.git:kavia-main
2025-09-24 11:44:56,309 - Knowledge - INFO - Found code_base: <app.utils.kg_build.knowledge.KnowledgeCodeBase object at 0x7fbee95b1a50>
2025-09-24 11:44:56,402 - Knowledge - INFO - process ingested knowledge for /app/data/kaviademo4200/1656/b70881y/book-project-1656/backend/book-app/src/main/java/com/karankumar/bookproject/shelf/model/Shelf.java
2025-09-24 11:44:56,534 - Knowledge - INFO - Found code-base-name: https://github.com/kavia-common/book-project-1656.git:kavia-main
2025-09-24 11:44:56,643 - Knowledge - INFO - Found code_base: <app.utils.kg_build.knowledge.KnowledgeCodeBase object at 0x7fbee95b1a50>
2025-09-24 11:44:56,772 - Knowledge - INFO - process ingested knowledge for /app/data/kaviademo4200/1656/b70881y/book-project-1656/backend/book-app/src/main/java/com/karankumar/bookproject/shelf/ShelfNameExistsException.java
2025-09-24 11:44:56,864 - Knowledge - INFO - Found code-base-name: https://github.com/kavia-common/book-project-1656.git:kavia-main
2025-09-24 11:44:56,953 - Knowledge - INFO - Found code_base: <app.utils.kg_build.knowledge.KnowledgeCodeBase object at 0x7fbee95b1a50>
2025-09-24 11:44:57,065 - Knowledge - INFO - process ingested knowledge for /app/data/kaviademo4200/1656/b70881y/book-project-1656/backend/book-app/src/main/java/com/karankumar/bookproject/goal/ReadingGoalController.java
2025-09-24 11:44:57,158 - Knowledge - INFO - Found code-base-name: https://github.com/kavia-common/book-project-1656.git:kavia-main
2025-09-24 11:44:57,269 - Knowledge - INFO - Found code_base: <app.utils.kg_build.knowledge.KnowledgeCodeBase object at 0x7fbee95b1a50>
2025-09-24 11:44:57,393 - Knowledge - INFO - process ingested knowledge for /app/data/kaviademo4200/1656/b70881y/book-project-1656/backend/book-app/src/main/java/com/karankumar/bookproject/account/auth/CustomAuthenticationProvider.java
2025-09-24 11:44:57,530 - Knowledge - INFO - Found code-base-name: https://github.com/kavia-common/book-project-1656.git:kavia-main
2025-09-24 11:44:57,620 - Knowledge - INFO - Found code_base: <app.utils.kg_build.knowledge.KnowledgeCodeBase object at 0x7fbee95b1a50>
2025-09-24 11:44:57,723 - Knowledge - INFO - process ingested knowledge for /app/data/kaviademo4200/1656/b70881y/book-project-1656/backend/book-app/src/main/java/com/karankumar/bookproject/book/model/PredefinedShelfName.java
2025-09-24 11:44:57,839 - Knowledge - INFO - Found code-base-name: https://github.com/kavia-common/book-project-1656.git:kavia-main
2025-09-24 11:44:57,979 - Knowledge - INFO - Found code_base: <app.utils.kg_build.knowledge.KnowledgeCodeBase object at 0x7fbee95b1a50>
2025-09-24 11:44:58,094 - Knowledge - INFO - process ingested knowledge for /app/data/kaviademo4200/1656/b70881y/book-project-1656/frontend/src/login/forgotPassword/ForgotPasswordModal.css
2025-09-24 11:44:58,202 - Knowledge - INFO - Found code-base-name: https://github.com/kavia-common/book-project-1656.git:kavia-main
2025-09-24 11:44:58,322 - Knowledge - INFO - Found code_base: <app.utils.kg_build.knowledge.KnowledgeCodeBase object at 0x7fbee95b1a50>
2025-09-24 11:44:58,405 - Knowledge - INFO - process ingested knowledge for /app/data/kaviademo4200/1656/b70881y/book-project-1656/backend/book-app/src/main/resources/db/migration/V021__ALTER_USER_REMOVE_USERNAME.sql
2025-09-24 11:44:58,540 - Knowledge - INFO - Found code-base-name: https://github.com/kavia-common/book-project-1656.git:kavia-main
2025-09-24 11:44:58,619 - Knowledge - INFO - Found code_base: <app.utils.kg_build.knowledge.KnowledgeCodeBase object at 0x7fbee95b1a50>
2025-09-24 11:44:58,733 - Knowledge - INFO - process ingested knowledge for /app/data/kaviademo4200/1656/b70881y/book-project-1656/backend/book-app/src/main/java/com/karankumar/bookproject/bookimport/BookImportController.java
2025-09-24 11:44:58,878 - Knowledge - INFO - Found code-base-name: https://github.com/kavia-common/book-project-1656.git:kavia-main
2025-09-24 11:44:58,993 - Knowledge - INFO - Found code_base: <app.utils.kg_build.knowledge.KnowledgeCodeBase object at 0x7fbee95b1a50>
2025-09-24 11:44:59,088 - Knowledge - INFO - process ingested knowledge for /app/data/kaviademo4200/1656/b70881y/book-project-1656/backend/book-app/src/main/asciidoc/index.adoc
2025-09-24 11:44:59,208 - Knowledge - INFO - Found code-base-name: https://github.com/kavia-common/book-project-1656.git:kavia-main
2025-09-24 11:44:59,297 - Knowledge - INFO - Found code_base: <app.utils.kg_build.knowledge.KnowledgeCodeBase object at 0x7fbee95b1a50>
2025-09-24 11:44:59,376 - Knowledge - INFO - process ingested knowledge for /app/data/kaviademo4200/1656/b70881y/book-project-1656/backend/book-app/src/main/java/com/karankumar/bookproject/security/jwt/JwtSecretKey.java
2025-09-24 11:44:59,488 - Knowledge - INFO - Found code-base-name: https://github.com/kavia-common/book-project-1656.git:kavia-main
2025-09-24 11:44:59,581 - Knowledge - INFO - Found code_base: <app.utils.kg_build.knowledge.KnowledgeCodeBase object at 0x7fbee95b1a50>
2025-09-24 11:44:59,717 - Knowledge - INFO - process ingested knowledge for /app/data/kaviademo4200/1656/b70881y/book-project-1656/backend/book-app/src/main/java/com/karankumar/bookproject/goal/ReadingGoalRepository.java
2025-09-24 11:44:59,807 - Knowledge - INFO - Found code-base-name: https://github.com/kavia-common/book-project-1656.git:kavia-main
2025-09-24 11:44:59,936 - Knowledge - INFO - Found code_base: <app.utils.kg_build.knowledge.KnowledgeCodeBase object at 0x7fbee95b1a50>
2025-09-24 11:45:00,037 - Knowledge - INFO - process ingested knowledge for /app/data/kaviademo4200/1656/b70881y/book-project-1656/backend/book-app/src/test/java/com/karankumar/bookproject/book/repository/BookRepositoryTest.java
2025-09-24 11:45:00,141 - Knowledge - INFO - Found code-base-name: https://github.com/kavia-common/book-project-1656.git:kavia-main
2025-09-24 11:45:00,256 - Knowledge - INFO - Found code_base: <app.utils.kg_build.knowledge.KnowledgeCodeBase object at 0x7fbee95b1a50>
2025-09-24 11:45:00,367 - Knowledge - INFO - process ingested knowledge for /app/data/kaviademo4200/1656/b70881y/book-project-1656/backend/book-app/src/main/java/com/karankumar/bookproject/Mappings.java
2025-09-24 11:45:00,467 - Knowledge - INFO - Found code-base-name: https://github.com/kavia-common/book-project-1656.git:kavia-main
2025-09-24 11:45:00,553 - Knowledge - INFO - Found code_base: <app.utils.kg_build.knowledge.KnowledgeCodeBase object at 0x7fbee95b1a50>
2025-09-24 11:45:00,655 - Knowledge - INFO - process ingested knowledge for /app/data/kaviademo4200/1656/b70881y/book-project-1656/frontend/src/index.css
2025-09-24 11:45:00,765 - Knowledge - INFO - Found code-base-name: https://github.com/kavia-common/book-project-1656.git:kavia-main
2025-09-24 11:45:00,889 - Knowledge - INFO - Found code_base: <app.utils.kg_build.knowledge.KnowledgeCodeBase object at 0x7fbee95b1a50>
2025-09-24 11:45:00,977 - Knowledge - INFO - process ingested knowledge for /app/data/kaviademo4200/1656/b70881y/book-project-1656/backend/book-app/src/test/java/com/karankumar/bookproject/book/service/UserCreatedShelfServiceTest.java
2025-09-24 11:45:01,078 - Knowledge - INFO - Found code-base-name: https://github.com/kavia-common/book-project-1656.git:kavia-main
2025-09-24 11:45:01,161 - Knowledge - INFO - Found code_base: <app.utils.kg_build.knowledge.KnowledgeCodeBase object at 0x7fbee95b1a50>
2025-09-24 11:45:01,281 - Knowledge - INFO - process ingested knowledge for /app/data/kaviademo4200/1656/b70881y/book-project-1656/backend/book-app/src/main/java/com/karankumar/bookproject/goal/ReadingGoal.java
2025-09-24 11:45:01,387 - Knowledge - INFO - Found code-base-name: https://github.com/kavia-common/book-project-1656.git:kavia-main
2025-09-24 11:45:01,476 - Knowledge - INFO - Found code_base: <app.utils.kg_build.knowledge.KnowledgeCodeBase object at 0x7fbee95b1a50>
2025-09-24 11:45:01,599 - Knowledge - INFO - process ingested knowledge for /app/data/kaviademo4200/1656/b70881y/book-project-1656/backend/email-service/src/test/resources/mail-templates/template-thymeleaf.html
2025-09-24 11:45:01,720 - Knowledge - INFO - Found code-base-name: https://github.com/kavia-common/book-project-1656.git:kavia-main
2025-09-24 11:45:01,817 - Knowledge - INFO - Found code_base: <app.utils.kg_build.knowledge.KnowledgeCodeBase object at 0x7fbee95b1a50>
2025-09-24 11:45:01,911 - Knowledge - INFO - process ingested knowledge for /app/data/kaviademo4200/1656/b70881y/book-project-1656/backend/email-service/src/test/java/com/karankumar/bookproject/mock/MockEmailTemplate.java
2025-09-24 11:45:02,016 - Knowledge - INFO - Found code-base-name: https://github.com/kavia-common/book-project-1656.git:kavia-main
2025-09-24 11:45:02,101 - Knowledge - INFO - Found code_base: <app.utils.kg_build.knowledge.KnowledgeCodeBase object at 0x7fbee95b1a50>
2025-09-24 11:45:02,223 - Knowledge - INFO - process ingested knowledge for /app/data/kaviademo4200/1656/b70881y/book-project-1656/frontend/src/settings/Switch.tsx
2025-09-24 11:45:02,359 - Knowledge - INFO - Found code-base-name: https://github.com/kavia-common/book-project-1656.git:kavia-main
2025-09-24 11:45:02,451 - Knowledge - INFO - Found code_base: <app.utils.kg_build.knowledge.KnowledgeCodeBase object at 0x7fbee95b1a50>
2025-09-24 11:45:02,581 - Knowledge - INFO - process ingested knowledge for /app/data/kaviademo4200/1656/b70881y/book-project-1656/backend/book-app/src/main/resources/db/migration/V017__CREATE_PUBLISHER.sql
2025-09-24 11:45:02,698 - Knowledge - INFO - Found code-base-name: https://github.com/kavia-common/book-project-1656.git:kavia-main
2025-09-24 11:45:02,808 - Knowledge - INFO - Found code_base: <app.utils.kg_build.knowledge.KnowledgeCodeBase object at 0x7fbee95b1a50>
2025-09-24 11:45:02,915 - Knowledge - INFO - process ingested knowledge for /app/data/kaviademo4200/1656/b70881y/book-project-1656/backend/book-app/src/test/java/com/karankumar/bookproject/book/controller/BookControllerTest.java
2025-09-24 11:45:03,059 - Knowledge - INFO - Found code-base-name: https://github.com/kavia-common/book-project-1656.git:kavia-main
2025-09-24 11:45:03,172 - Knowledge - INFO - Found code_base: <app.utils.kg_build.knowledge.KnowledgeCodeBase object at 0x7fbee95b1a50>
2025-09-24 11:45:03,271 - Knowledge - INFO - process ingested knowledge for /app/data/kaviademo4200/1656/b70881y/book-project-1656/README.md
2025-09-24 11:45:03,393 - Knowledge - INFO - Found code-base-name: https://github.com/kavia-common/book-project-1656.git:kavia-main
2025-09-24 11:45:03,494 - Knowledge - INFO - Found code_base: <app.utils.kg_build.knowledge.KnowledgeCodeBase object at 0x7fbee95b1a50>
2025-09-24 11:45:03,583 - Knowledge - INFO - process ingested knowledge for /app/data/kaviademo4200/1656/b70881y/book-project-1656/backend/book-app/src/main/java/com/karankumar/bookproject/book/model/RatingScale.java
2025-09-24 11:45:03,696 - Knowledge - INFO - Found code-base-name: https://github.com/kavia-common/book-project-1656.git:kavia-main
2025-09-24 11:45:03,803 - Knowledge - INFO - Found code_base: <app.utils.kg_build.knowledge.KnowledgeCodeBase object at 0x7fbee95b1a50>
2025-09-24 11:45:03,911 - Knowledge - INFO - process ingested knowledge for /app/data/kaviademo4200/1656/b70881y/book-project-1656/frontend/src/shared/book-display/BookList.tsx
2025-09-24 11:45:04,030 - Knowledge - INFO - Found code-base-name: https://github.com/kavia-common/book-project-1656.git:kavia-main
2025-09-24 11:45:04,123 - Knowledge - INFO - Found code_base: <app.utils.kg_build.knowledge.KnowledgeCodeBase object at 0x7fbee95b1a50>
2025-09-24 11:45:04,200 - Knowledge - INFO - process ingested knowledge for /app/data/kaviademo4200/1656/b70881y/book-project-1656/backend/book-app/src/main/java/com/karankumar/bookproject/book/repository/PublisherRepository.java
2025-09-24 11:45:04,333 - Knowledge - INFO - Found code-base-name: https://github.com/kavia-common/book-project-1656.git:kavia-main
2025-09-24 11:45:04,426 - Knowledge - INFO - Found code_base: <app.utils.kg_build.knowledge.KnowledgeCodeBase object at 0x7fbee95b1a50>
2025-09-24 11:45:04,531 - Knowledge - INFO - process ingested knowledge for /app/data/kaviademo4200/1656/b70881y/book-project-1656/frontend/src/book-overview/BookOverview.css
2025-09-24 11:45:04,660 - Knowledge - INFO - Found code-base-name: https://github.com/kavia-common/book-project-1656.git:kavia-main
2025-09-24 11:45:04,752 - Knowledge - INFO - Found code_base: <app.utils.kg_build.knowledge.KnowledgeCodeBase object at 0x7fbee95b1a50>
2025-09-24 11:45:04,859 - Knowledge - INFO - process ingested knowledge for /app/data/kaviademo4200/1656/b70881y/book-project-1656/backend/book-app/src/test/java/com/karankumar/bookproject/book/repository/AuthorRepositoryTest.java
2025-09-24 11:45:04,964 - Knowledge - INFO - Found code-base-name: https://github.com/kavia-common/book-project-1656.git:kavia-main
2025-09-24 11:45:05,073 - Knowledge - INFO - Found code_base: <app.utils.kg_build.knowledge.KnowledgeCodeBase object at 0x7fbee95b1a50>
2025-09-24 11:45:05,163 - Knowledge - INFO - process ingested knowledge for /app/data/kaviademo4200/1656/b70881y/book-project-1656/backend/book-app/src/main/java/com/karankumar/bookproject/book/service/TagService.java
2025-09-24 11:45:05,269 - Knowledge - INFO - Found code-base-name: https://github.com/kavia-common/book-project-1656.git:kavia-main
2025-09-24 11:45:05,349 - Knowledge - INFO - Found code_base: <app.utils.kg_build.knowledge.KnowledgeCodeBase object at 0x7fbee95b1a50>
2025-09-24 11:45:05,426 - Knowledge - INFO - process ingested knowledge for /app/data/kaviademo4200/1656/b70881y/book-project-1656/backend/book-app/src/main/java/com/karankumar/bookproject/account/auth/UserDetailsMapper.java
2025-09-24 11:45:05,545 - Knowledge - INFO - Found code-base-name: https://github.com/kavia-common/book-project-1656.git:kavia-main
2025-09-24 11:45:05,627 - Knowledge - INFO - Found code_base: <app.utils.kg_build.knowledge.KnowledgeCodeBase object at 0x7fbee95b1a50>
2025-09-24 11:45:05,740 - Knowledge - INFO - process ingested knowledge for /app/data/kaviademo4200/1656/b70881y/book-project-1656/backend/book-app/src/main/java/com/karankumar/bookproject/util/TestData.java
2025-09-24 11:45:05,848 - Knowledge - INFO - Found code-base-name: https://github.com/kavia-common/book-project-1656.git:kavia-main
2025-09-24 11:45:05,925 - Knowledge - INFO - Found code_base: <app.utils.kg_build.knowledge.KnowledgeCodeBase object at 0x7fbee95b1a50>
2025-09-24 11:45:06,013 - Knowledge - INFO - process ingested knowledge for /app/data/kaviademo4200/1656/b70881y/book-project-1656/backend/book-app/src/main/java/com/karankumar/bookproject/book/model/README.md
2025-09-24 11:45:06,106 - Knowledge - INFO - Found code-base-name: https://github.com/kavia-common/book-project-1656.git:kavia-main
2025-09-24 11:45:06,222 - Knowledge - INFO - Found code_base: <app.utils.kg_build.knowledge.KnowledgeCodeBase object at 0x7fbee95b1a50>
2025-09-24 11:45:06,317 - Knowledge - INFO - process ingested knowledge for /app/data/kaviademo4200/1656/b70881y/book-project-1656/backend/book-app/src/main/java/com/karankumar/bookproject/security/SecurityConfiguration.java
2025-09-24 11:45:06,417 - Knowledge - INFO - Found code-base-name: https://github.com/kavia-common/book-project-1656.git:kavia-main
2025-09-24 11:45:06,506 - Knowledge - INFO - Found code_base: <app.utils.kg_build.knowledge.KnowledgeCodeBase object at 0x7fbee95b1a50>
2025-09-24 11:45:06,631 - Knowledge - INFO - process ingested knowledge for /app/data/kaviademo4200/1656/b70881y/book-project-1656/backend/commons/pom.xml
2025-09-24 11:45:06,728 - Knowledge - INFO - Found code-base-name: https://github.com/kavia-common/book-project-1656.git:kavia-main
2025-09-24 11:45:06,808 - Knowledge - INFO - Found code_base: <app.utils.kg_build.knowledge.KnowledgeCodeBase object at 0x7fbee95b1a50>
2025-09-24 11:45:06,916 - Knowledge - INFO - process ingested knowledge for /app/data/kaviademo4200/1656/b70881y/book-project-1656/backend/book-app/src/test/java/com/karankumar/bookproject/util/DateUtilsTest.java
2025-09-24 11:45:07,056 - Knowledge - INFO - Found code-base-name: https://github.com/kavia-common/book-project-1656.git:kavia-main
2025-09-24 11:45:07,166 - Knowledge - INFO - Found code_base: <app.utils.kg_build.knowledge.KnowledgeCodeBase object at 0x7fbee95b1a50>
2025-09-24 11:45:07,251 - Knowledge - INFO - process ingested knowledge for /app/data/kaviademo4200/1656/b70881y/book-project-1656/backend/email-service/src/main/java/com/karankumar/bookproject/book/service/FakeEmailService.java
2025-09-24 11:45:07,362 - Knowledge - INFO - Found code-base-name: https://github.com/kavia-common/book-project-1656.git:kavia-main
2025-09-24 11:45:07,464 - Knowledge - INFO - Found code_base: <app.utils.kg_build.knowledge.KnowledgeCodeBase object at 0x7fbee95b1a50>
2025-09-24 11:45:07,558 - Knowledge - INFO - process ingested knowledge for /app/data/kaviademo4200/1656/b70881y/book-project-1656/CODE_OF_CONDUCT.md
2025-09-24 11:45:07,695 - Knowledge - INFO - Found code-base-name: https://github.com/kavia-common/book-project-1656.git:kavia-main
2025-09-24 11:45:07,820 - Knowledge - INFO - Found code_base: <app.utils.kg_build.knowledge.KnowledgeCodeBase object at 0x7fbee95b1a50>
2025-09-24 11:45:07,913 - Knowledge - INFO - process ingested knowledge for /app/data/kaviademo4200/1656/b70881y/book-project-1656/backend/book-app/src/test/java/com/karankumar/bookproject/statistics/PageStatisticsTest.java
2025-09-24 11:45:08,040 - Knowledge - INFO - Found code-base-name: https://github.com/kavia-common/book-project-1656.git:kavia-main
2025-09-24 11:45:08,139 - Knowledge - INFO - Found code_base: <app.utils.kg_build.knowledge.KnowledgeCodeBase object at 0x7fbee95b1a50>
2025-09-24 11:45:08,257 - Knowledge - INFO - process ingested knowledge for /app/data/kaviademo4200/1656/b70881y/book-project-1656/backend/book-app/src/main/java/com/karankumar/bookproject/bookexport/BookExportController.java
2025-09-24 11:45:08,370 - Knowledge - INFO - Found code-base-name: https://github.com/kavia-common/book-project-1656.git:kavia-main
2025-09-24 11:45:08,489 - Knowledge - INFO - Found code_base: <app.utils.kg_build.knowledge.KnowledgeCodeBase object at 0x7fbee95b1a50>
2025-09-24 11:45:08,578 - Knowledge - INFO - process ingested knowledge for /app/data/kaviademo4200/1656/b70881y/book-project-1656/backend/book-app/src/main/java/com/karankumar/bookproject/account/repository/RoleRepository.java
2025-09-24 11:45:08,696 - Knowledge - INFO - Found code-base-name: https://github.com/kavia-common/book-project-1656.git:kavia-main
2025-09-24 11:45:08,777 - Knowledge - INFO - Found code_base: <app.utils.kg_build.knowledge.KnowledgeCodeBase object at 0x7fbee95b1a50>
2025-09-24 11:45:08,896 - Knowledge - INFO - process ingested knowledge for /app/data/kaviademo4200/1656/b70881y/book-project-1656/backend/book-app/src/main/java/com/karankumar/bookproject/security/jwt/JwtTokenVerifier.java
2025-09-24 11:45:09,007 - Knowledge - INFO - Found code-base-name: https://github.com/kavia-common/book-project-1656.git:kavia-main
2025-09-24 11:45:09,090 - Knowledge - INFO - Found code_base: <app.utils.kg_build.knowledge.KnowledgeCodeBase object at 0x7fbee95b1a50>
2025-09-24 11:45:09,171 - Knowledge - INFO - process ingested knowledge for /app/data/kaviademo4200/1656/b70881y/book-project-1656/backend/book-app/src/main/resources/db/migration/V011__CREATE_UID_SEQUENCE.sql
2025-09-24 11:45:09,266 - Knowledge - INFO - Found code-base-name: https://github.com/kavia-common/book-project-1656.git:kavia-main
2025-09-24 11:45:09,397 - Knowledge - INFO - Found code_base: <app.utils.kg_build.knowledge.KnowledgeCodeBase object at 0x7fbee95b1a50>
2025-09-24 11:45:09,533 - Knowledge - INFO - process ingested knowledge for /app/data/kaviademo4200/1656/b70881y/book-project-1656/backend/book-app/src/test/java/com/karankumar/bookproject/account/controller/UserControllerTest.java
2025-09-24 11:45:09,658 - Knowledge - INFO - Found code-base-name: https://github.com/kavia-common/book-project-1656.git:kavia-main
2025-09-24 11:45:09,744 - Knowledge - INFO - Found code_base: <app.utils.kg_build.knowledge.KnowledgeCodeBase object at 0x7fbee95b1a50>
2025-09-24 11:45:09,836 - Knowledge - INFO - process ingested knowledge for /app/data/kaviademo4200/1656/b70881y/book-project-1656/frontend/src/book-overview/BookOverview.tsx
2025-09-24 11:45:09,937 - Knowledge - INFO - Found code-base-name: https://github.com/kavia-common/book-project-1656.git:kavia-main
2025-09-24 11:45:10,026 - Knowledge - INFO - Found code_base: <app.utils.kg_build.knowledge.KnowledgeCodeBase object at 0x7fbee95b1a50>
2025-09-24 11:45:10,111 - Knowledge - INFO - process ingested knowledge for /app/data/kaviademo4200/1656/b70881y/book-project-1656/backend/book-app/src/main/java/com/karankumar/bookproject/account/auth/listener/AuthenticationBadCredentialsListener.java
2025-09-24 11:45:10,233 - Knowledge - INFO - Found code-base-name: https://github.com/kavia-common/book-project-1656.git:kavia-main
2025-09-24 11:45:10,321 - Knowledge - INFO - Found code_base: <app.utils.kg_build.knowledge.KnowledgeCodeBase object at 0x7fbee95b1a50>
2025-09-24 11:45:10,411 - Knowledge - INFO - process ingested knowledge for /app/data/kaviademo4200/1656/b70881y/book-project-1656/frontend/src/shared/book-display/ShelfView.tsx
2025-09-24 11:45:10,523 - Knowledge - INFO - Found code-base-name: https://github.com/kavia-common/book-project-1656.git:kavia-main
2025-09-24 11:45:10,613 - Knowledge - INFO - Found code_base: <app.utils.kg_build.knowledge.KnowledgeCodeBase object at 0x7fbee95b1a50>
2025-09-24 11:45:10,718 - Knowledge - INFO - process ingested knowledge for /app/data/kaviademo4200/1656/b70881y/book-project-1656/backend/book-app/src/test/java/com/karankumar/bookproject/book/repository/UserCreatedShelfRepositoryTest.java
2025-09-24 11:45:10,863 - Knowledge - INFO - Found code-base-name: https://github.com/kavia-common/book-project-1656.git:kavia-main
2025-09-24 11:45:10,978 - Knowledge - INFO - Found code_base: <app.utils.kg_build.knowledge.KnowledgeCodeBase object at 0x7fbee95b1a50>
2025-09-24 11:45:11,065 - Knowledge - INFO - process ingested knowledge for /app/data/kaviademo4200/1656/b70881y/book-project-1656/backend/book-app/src/main/java/com/karankumar/bookproject/bookimport/mapper/LibraryThingMapper.java
2025-09-24 11:45:11,195 - Knowledge - INFO - Found code-base-name: https://github.com/kavia-common/book-project-1656.git:kavia-main
2025-09-24 11:45:11,280 - Knowledge - INFO - Found code_base: <app.utils.kg_build.knowledge.KnowledgeCodeBase object at 0x7fbee95b1a50>
2025-09-24 11:45:11,366 - Knowledge - INFO - process ingested knowledge for /app/data/kaviademo4200/1656/b70881y/book-project-1656/backend/book-app/src/test/java/com/karankumar/bookproject/account/constraint/PasswordStrengthTest.java
2025-09-24 11:45:11,498 - Knowledge - INFO - Found code-base-name: https://github.com/kavia-common/book-project-1656.git:kavia-main
2025-09-24 11:45:11,597 - Knowledge - INFO - Found code_base: <app.utils.kg_build.knowledge.KnowledgeCodeBase object at 0x7fbee95b1a50>
2025-09-24 11:45:11,714 - Knowledge - INFO - process ingested knowledge for /app/data/kaviademo4200/1656/b70881y/book-project-1656/backend/book-app/src/main/java/com/karankumar/bookproject/book/model/Author.java
2025-09-24 11:45:11,836 - Knowledge - INFO - Found code-base-name: https://github.com/kavia-common/book-project-1656.git:kavia-main
2025-09-24 11:45:11,916 - Knowledge - INFO - Found code_base: <app.utils.kg_build.knowledge.KnowledgeCodeBase object at 0x7fbee95b1a50>
2025-09-24 11:45:12,024 - Knowledge - INFO - process ingested knowledge for /app/data/kaviademo4200/1656/b70881y/book-project-1656/backend/book-app/src/main/resources/db/migration/V013__MAKE_SHELVES_PER_USER.sql
2025-09-24 11:45:12,154 - Knowledge - INFO - Found code-base-name: https://github.com/kavia-common/book-project-1656.git:kavia-main
2025-09-24 11:45:12,268 - Knowledge - INFO - Found code_base: <app.utils.kg_build.knowledge.KnowledgeCodeBase object at 0x7fbee95b1a50>
2025-09-24 11:45:12,368 - Knowledge - INFO - process ingested knowledge for /app/data/kaviademo4200/1656/b70881y/book-project-1656/backend/book-app/src/main/resources/db/migration/V001__CREATE_AUTHOR.sql
2025-09-24 11:45:12,508 - Knowledge - INFO - Found code-base-name: https://github.com/kavia-common/book-project-1656.git:kavia-main
2025-09-24 11:45:12,619 - Knowledge - INFO - Found code_base: <app.utils.kg_build.knowledge.KnowledgeCodeBase object at 0x7fbee95b1a50>
2025-09-24 11:45:12,732 - Knowledge - INFO - process ingested knowledge for /app/data/kaviademo4200/1656/b70881y/book-project-1656/backend/book-app/src/test/java/com/karankumar/bookproject/book/service/UserServiceTest.java
2025-09-24 11:45:12,833 - Knowledge - INFO - Found code-base-name: https://github.com/kavia-common/book-project-1656.git:kavia-main
2025-09-24 11:45:12,956 - Knowledge - INFO - Found code_base: <app.utils.kg_build.knowledge.KnowledgeCodeBase object at 0x7fbee95b1a50>
2025-09-24 11:45:13,044 - Knowledge - INFO - process ingested knowledge for /app/data/kaviademo4200/1656/b70881y/book-project-1656/docker-compose.yml
2025-09-24 11:45:13,173 - Knowledge - INFO - Found code-base-name: https://github.com/kavia-common/book-project-1656.git:kavia-main
2025-09-24 11:45:13,290 - Knowledge - INFO - Found code_base: <app.utils.kg_build.knowledge.KnowledgeCodeBase object at 0x7fbee95b1a50>
2025-09-24 11:45:13,374 - Knowledge - INFO - process ingested knowledge for /app/data/kaviademo4200/1656/b70881y/book-project-1656/backend/book-app/src/main/resources/db/init.sql
2025-09-24 11:45:13,500 - Knowledge - INFO - Found code-base-name: https://github.com/kavia-common/book-project-1656.git:kavia-main
2025-09-24 11:45:13,576 - Knowledge - INFO - Found code_base: <app.utils.kg_build.knowledge.KnowledgeCodeBase object at 0x7fbee95b1a50>
2025-09-24 11:45:13,687 - Knowledge - INFO - process ingested knowledge for /app/data/kaviademo4200/1656/b70881y/book-project-1656/frontend/src/index.tsx
2025-09-24 11:45:13,783 - Knowledge - INFO - Found code-base-name: https://github.com/kavia-common/book-project-1656.git:kavia-main
2025-09-24 11:45:13,904 - Knowledge - INFO - Found code_base: <app.utils.kg_build.knowledge.KnowledgeCodeBase object at 0x7fbee95b1a50>
2025-09-24 11:45:13,982 - Knowledge - INFO - process ingested knowledge for /app/data/kaviademo4200/1656/b70881y/book-project-1656/backend/book-app/src/main/resources/db/testdata/afterMigrate.sql
2025-09-24 11:45:14,124 - Knowledge - INFO - Found code-base-name: https://github.com/kavia-common/book-project-1656.git:kavia-main
2025-09-24 11:45:14,221 - Knowledge - INFO - Found code_base: <app.utils.kg_build.knowledge.KnowledgeCodeBase object at 0x7fbee95b1a50>
2025-09-24 11:45:14,302 - Knowledge - INFO - process ingested knowledge for /app/data/kaviademo4200/1656/b70881y/book-project-1656/backend/book-app/src/main/java/com/karankumar/bookproject/bookexport/ExportDto.java
2025-09-24 11:45:14,436 - Knowledge - INFO - Found code-base-name: https://github.com/kavia-common/book-project-1656.git:kavia-main
2025-09-24 11:45:14,554 - Knowledge - INFO - Found code_base: <app.utils.kg_build.knowledge.KnowledgeCodeBase object at 0x7fbee95b1a50>
2025-09-24 11:45:14,673 - Knowledge - INFO - process ingested knowledge for /app/data/kaviademo4200/1656/b70881y/book-project-1656/frontend/package.json
2025-09-24 11:45:14,768 - Knowledge - INFO - Found code-base-name: https://github.com/kavia-common/book-project-1656.git:kavia-main
2025-09-24 11:45:14,858 - Knowledge - INFO - Found code_base: <app.utils.kg_build.knowledge.KnowledgeCodeBase object at 0x7fbee95b1a50>
2025-09-24 11:45:14,965 - Knowledge - INFO - process ingested knowledge for /app/data/kaviademo4200/1656/b70881y/book-project-1656/backend/book-app/src/main/java/com/karankumar/bookproject/util/StringUtils.java
2025-09-24 11:45:15,110 - Knowledge - INFO - Found code-base-name: https://github.com/kavia-common/book-project-1656.git:kavia-main
2025-09-24 11:45:15,202 - Knowledge - INFO - Found code_base: <app.utils.kg_build.knowledge.KnowledgeCodeBase object at 0x7fbee95b1a50>
2025-09-24 11:45:15,311 - Knowledge - INFO - process ingested knowledge for /app/data/kaviademo4200/1656/b70881y/book-project-1656/backend/book-app/src/test/java/com/karankumar/bookproject/bookexport/BookExportServiceTest.java
2025-09-24 11:45:15,404 - Knowledge - INFO - Found code-base-name: https://github.com/kavia-common/book-project-1656.git:kavia-main
2025-09-24 11:45:15,510 - Knowledge - INFO - Found code_base: <app.utils.kg_build.knowledge.KnowledgeCodeBase object at 0x7fbee95b1a50>
2025-09-24 11:45:15,601 - Knowledge - INFO - process ingested knowledge for /app/data/kaviademo4200/1656/b70881y/book-project-1656/frontend/src/shared/form/PasswordStrengthMeter.tsx
2025-09-24 11:45:15,694 - Knowledge - INFO - Found code-base-name: https://github.com/kavia-common/book-project-1656.git:kavia-main
2025-09-24 11:45:15,777 - Knowledge - INFO - Found code_base: <app.utils.kg_build.knowledge.KnowledgeCodeBase object at 0x7fbee95b1a50>
2025-09-24 11:45:15,856 - Knowledge - INFO - process ingested knowledge for /app/data/kaviademo4200/1656/b70881y/book-project-1656/backend/book-app/src/main/resources/db/migration/V028__CREATE_HIBERNATE_SEQUENCE.sql
2025-09-24 11:45:15,957 - Knowledge - INFO - Found code-base-name: https://github.com/kavia-common/book-project-1656.git:kavia-main
2025-09-24 11:45:16,039 - Knowledge - INFO - Found code_base: <app.utils.kg_build.knowledge.KnowledgeCodeBase object at 0x7fbee95b1a50>
2025-09-24 11:45:16,147 - Knowledge - INFO - process ingested knowledge for /app/data/kaviademo4200/1656/b70881y/book-project-1656/frontend/src/shared/components/Modal.tsx
2025-09-24 11:45:16,281 - Knowledge - INFO - Found code-base-name: https://github.com/kavia-common/book-project-1656.git:kavia-main
2025-09-24 11:45:16,372 - Knowledge - INFO - Found code_base: <app.utils.kg_build.knowledge.KnowledgeCodeBase object at 0x7fbee95b1a50>
2025-09-24 11:45:16,457 - Knowledge - INFO - process ingested knowledge for /app/data/kaviademo4200/1656/b70881y/book-project-1656/backend/book-app/src/main/java/com/karankumar/bookproject/account/exception/IncorrectPasswordException.java
2025-09-24 11:45:16,597 - Knowledge - INFO - Found code-base-name: https://github.com/kavia-common/book-project-1656.git:kavia-main
2025-09-24 11:45:16,713 - Knowledge - INFO - Found code_base: <app.utils.kg_build.knowledge.KnowledgeCodeBase object at 0x7fbee95b1a50>
2025-09-24 11:45:16,805 - Knowledge - INFO - process ingested knowledge for /app/data/kaviademo4200/1656/b70881y/book-project-1656/backend/book-app/src/test/java/com/karankumar/bookproject/statistics/RatingStatisticsTest.java
2025-09-24 11:45:16,933 - Knowledge - INFO - Found code-base-name: https://github.com/kavia-common/book-project-1656.git:kavia-main
2025-09-24 11:45:17,045 - Knowledge - INFO - Found code_base: <app.utils.kg_build.knowledge.KnowledgeCodeBase object at 0x7fbee95b1a50>
2025-09-24 11:45:17,154 - Knowledge - INFO - process ingested knowledge for /app/data/kaviademo4200/1656/b70881y/book-project-1656/backend/book-app/src/test/java/com/karankumar/bookproject/integration/UserControllerIntegrationTest.java
2025-09-24 11:45:17,248 - Knowledge - INFO - Found code-base-name: https://github.com/kavia-common/book-project-1656.git:kavia-main
2025-09-24 11:45:17,363 - Knowledge - INFO - Found code_base: <app.utils.kg_build.knowledge.KnowledgeCodeBase object at 0x7fbee95b1a50>
2025-09-24 11:45:17,489 - Knowledge - INFO - process ingested knowledge for /app/data/kaviademo4200/1656/b70881y/book-project-1656/backend/book-app/src/main/java/com/karankumar/bookproject/book/repository/TagRepository.java
2025-09-24 11:45:17,584 - Knowledge - INFO - Found code-base-name: https://github.com/kavia-common/book-project-1656.git:kavia-main
2025-09-24 11:45:17,682 - Knowledge - INFO - Found code_base: <app.utils.kg_build.knowledge.KnowledgeCodeBase object at 0x7fbee95b1a50>
2025-09-24 11:45:17,790 - Knowledge - INFO - process ingested knowledge for /app/data/kaviademo4200/1656/b70881y/book-project-1656/backend/book-app/src/test/java/com/karankumar/bookproject/util/CsvUtilsTest.java
2025-09-24 11:45:17,883 - Knowledge - INFO - Found code-base-name: https://github.com/kavia-common/book-project-1656.git:kavia-main
2025-09-24 11:45:18,001 - Knowledge - INFO - Found code_base: <app.utils.kg_build.knowledge.KnowledgeCodeBase object at 0x7fbee95b1a50>
2025-09-24 11:45:18,087 - Knowledge - INFO - process ingested knowledge for /app/data/kaviademo4200/1656/b70881y/book-project-1656/backend/book-app/src/main/resources/db/migration/V005__ALTER_BOOK.sql
2025-09-24 11:45:18,193 - Knowledge - INFO - Found code-base-name: https://github.com/kavia-common/book-project-1656.git:kavia-main
2025-09-24 11:45:18,287 - Knowledge - INFO - Found code_base: <app.utils.kg_build.knowledge.KnowledgeCodeBase object at 0x7fbee95b1a50>
2025-09-24 11:45:18,387 - Knowledge - INFO - process ingested knowledge for /app/data/kaviademo4200/1656/b70881y/book-project-1656/backend/book-app/src/main/java/com/karankumar/bookproject/book/model/Book.java
2025-09-24 11:45:18,518 - Knowledge - INFO - Found code-base-name: https://github.com/kavia-common/book-project-1656.git:kavia-main
2025-09-24 11:45:18,606 - Knowledge - INFO - Found code_base: <app.utils.kg_build.knowledge.KnowledgeCodeBase object at 0x7fbee95b1a50>
2025-09-24 11:45:18,694 - Knowledge - INFO - process ingested knowledge for /app/data/kaviademo4200/1656/b70881y/book-project-1656/frontend/src/shared/routes.tsx
2025-09-24 11:45:18,818 - Knowledge - INFO - Found code-base-name: https://github.com/kavia-common/book-project-1656.git:kavia-main
2025-09-24 11:45:18,914 - Knowledge - INFO - Found code_base: <app.utils.kg_build.knowledge.KnowledgeCodeBase object at 0x7fbee95b1a50>
2025-09-24 11:45:19,009 - Knowledge - INFO - process ingested knowledge for /app/data/kaviademo4200/1656/b70881y/book-project-1656/backend/book-app/src/main/java/com/karankumar/bookproject/statistics/Statistics.java
2025-09-24 11:45:19,133 - Knowledge - INFO - Found code-base-name: https://github.com/kavia-common/book-project-1656.git:kavia-main
2025-09-24 11:45:19,261 - Knowledge - INFO - Found code_base: <app.utils.kg_build.knowledge.KnowledgeCodeBase object at 0x7fbee95b1a50>
2025-09-24 11:45:19,348 - Knowledge - INFO - process ingested knowledge for /app/data/kaviademo4200/1656/b70881y/book-project-1656/backend/book-app/src/test/resources/libraryThingImportSample.json
2025-09-24 11:45:19,458 - Knowledge - INFO - Found code-base-name: https://github.com/kavia-common/book-project-1656.git:kavia-main
2025-09-24 11:45:19,560 - Knowledge - INFO - Found code_base: <app.utils.kg_build.knowledge.KnowledgeCodeBase object at 0x7fbee95b1a50>
2025-09-24 11:45:19,654 - Knowledge - INFO - process ingested knowledge for /app/data/kaviademo4200/1656/b70881y/book-project-1656/backend/book-app/src/test/java/com/karankumar/bookproject/book/service/BookServiceTest.java
2025-09-24 11:45:19,776 - Knowledge - INFO - Found code-base-name: https://github.com/kavia-common/book-project-1656.git:kavia-main
2025-09-24 11:45:19,853 - Knowledge - INFO - Found code_base: <app.utils.kg_build.knowledge.KnowledgeCodeBase object at 0x7fbee95b1a50>
2025-09-24 11:45:19,948 - Knowledge - INFO - process ingested knowledge for /app/data/kaviademo4200/1656/b70881y/book-project-1656/backend/book-app/src/test/java/com/karankumar/bookproject/annotations/DataJpaIntegrationTest.java
2025-09-24 11:45:20,092 - Knowledge - INFO - Found code-base-name: https://github.com/kavia-common/book-project-1656.git:kavia-main
2025-09-24 11:45:20,177 - Knowledge - INFO - Found code_base: <app.utils.kg_build.knowledge.KnowledgeCodeBase object at 0x7fbee95b1a50>
2025-09-24 11:45:20,272 - Knowledge - INFO - process ingested knowledge for /app/data/kaviademo4200/1656/b70881y/book-project-1656/backend/book-app/src/test/resources/data.sql
2025-09-24 11:45:20,383 - Knowledge - INFO - Found code-base-name: https://github.com/kavia-common/book-project-1656.git:kavia-main
2025-09-24 11:45:20,466 - Knowledge - INFO - Found code_base: <app.utils.kg_build.knowledge.KnowledgeCodeBase object at 0x7fbee95b1a50>
2025-09-24 11:45:20,555 - Knowledge - INFO - process ingested knowledge for /app/data/kaviademo4200/1656/b70881y/book-project-1656/backend/book-app/src/test/java/com/karankumar/bookproject/statistics/YearStatisticsTest.java
2025-09-24 11:45:20,665 - Knowledge - INFO - Found code-base-name: https://github.com/kavia-common/book-project-1656.git:kavia-main
2025-09-24 11:45:20,794 - Knowledge - INFO - Found code_base: <app.utils.kg_build.knowledge.KnowledgeCodeBase object at 0x7fbee95b1a50>
2025-09-24 11:45:20,878 - Knowledge - INFO - process ingested knowledge for /app/data/kaviademo4200/1656/b70881y/book-project-1656/CONTRIBUTING.md
2025-09-24 11:45:20,978 - Knowledge - INFO - Found code-base-name: https://github.com/kavia-common/book-project-1656.git:kavia-main
2025-09-24 11:45:21,063 - Knowledge - INFO - Found code_base: <app.utils.kg_build.knowledge.KnowledgeCodeBase object at 0x7fbee95b1a50>
2025-09-24 11:45:21,172 - Knowledge - INFO - process ingested knowledge for /app/data/kaviademo4200/1656/b70881y/book-project-1656/backend/book-app/src/test/java/com/karankumar/bookproject/statistics/GenreStatisticsTest.java
2025-09-24 11:45:21,277 - Knowledge - INFO - Found code-base-name: https://github.com/kavia-common/book-project-1656.git:kavia-main
2025-09-24 11:45:21,373 - Knowledge - INFO - Found code_base: <app.utils.kg_build.knowledge.KnowledgeCodeBase object at 0x7fbee95b1a50>
2025-09-24 11:45:21,495 - Knowledge - INFO - process ingested knowledge for /app/data/kaviademo4200/1656/b70881y/book-project-1656/backend/book-app/src/test/java/com/karankumar/bookproject/util/SecurityTestUtils.java
2025-09-24 11:45:21,628 - Knowledge - INFO - Found code-base-name: https://github.com/kavia-common/book-project-1656.git:kavia-main
2025-09-24 11:45:21,748 - Knowledge - INFO - Found code_base: <app.utils.kg_build.knowledge.KnowledgeCodeBase object at 0x7fbee95b1a50>
2025-09-24 11:45:21,860 - Knowledge - INFO - process ingested knowledge for /app/data/kaviademo4200/1656/b70881y/book-project-1656/backend/book-app/src/main/resources/db/migration/V004__CREATE_READING_GOAL.sql
2025-09-24 11:45:21,977 - Knowledge - INFO - Found code-base-name: https://github.com/kavia-common/book-project-1656.git:kavia-main
2025-09-24 11:45:22,071 - Knowledge - INFO - Found code_base: <app.utils.kg_build.knowledge.KnowledgeCodeBase object at 0x7fbee95b1a50>
2025-09-24 11:45:22,194 - Knowledge - INFO - process ingested knowledge for /app/data/kaviademo4200/1656/b70881y/book-project-1656/backend/book-app/src/test/java/com/karankumar/bookproject/book/json/LocalDateSerializerTest.java
2025-09-24 11:45:22,292 - Knowledge - INFO - Found code-base-name: https://github.com/kavia-common/book-project-1656.git:kavia-main
2025-09-24 11:45:22,372 - Knowledge - INFO - Found code_base: <app.utils.kg_build.knowledge.KnowledgeCodeBase object at 0x7fbee95b1a50>
2025-09-24 11:45:22,469 - Knowledge - INFO - process ingested knowledge for /app/data/kaviademo4200/1656/b70881y/book-project-1656/frontend/src/my-books/MyBooks.tsx
2025-09-24 11:45:22,573 - Knowledge - INFO - Found code-base-name: https://github.com/kavia-common/book-project-1656.git:kavia-main
2025-09-24 11:45:22,646 - Knowledge - INFO - Found code_base: <app.utils.kg_build.knowledge.KnowledgeCodeBase object at 0x7fbee95b1a50>
2025-09-24 11:45:22,735 - Knowledge - INFO - process ingested knowledge for /app/data/kaviademo4200/1656/b70881y/book-project-1656/backend/book-app/src/main/java/com/karankumar/bookproject/bookimport/ImportService.java
2025-09-24 11:45:22,849 - Knowledge - INFO - Found code-base-name: https://github.com/kavia-common/book-project-1656.git:kavia-main
2025-09-24 11:45:22,934 - Knowledge - INFO - Found code_base: <app.utils.kg_build.knowledge.KnowledgeCodeBase object at 0x7fbee95b1a50>
2025-09-24 11:45:23,022 - Knowledge - INFO - process ingested knowledge for /app/data/kaviademo4200/1656/b70881y/book-project-1656/backend/book-app/src/main/java/com/karankumar/bookproject/account/auth/listener/AuthenticationSuccessListener.java
2025-09-24 11:45:23,129 - Knowledge - INFO - Found code-base-name: https://github.com/kavia-common/book-project-1656.git:kavia-main
2025-09-24 11:45:23,242 - Knowledge - INFO - Found code_base: <app.utils.kg_build.knowledge.KnowledgeCodeBase object at 0x7fbee95b1a50>
2025-09-24 11:45:23,350 - Knowledge - INFO - process ingested knowledge for /app/data/kaviademo4200/1656/b70881y/book-project-1656/frontend/src/shared/book-display/BookList.css
2025-09-24 11:45:23,473 - Knowledge - INFO - Found code-base-name: https://github.com/kavia-common/book-project-1656.git:kavia-main
2025-09-24 11:45:23,595 - Knowledge - INFO - Found code_base: <app.utils.kg_build.knowledge.KnowledgeCodeBase object at 0x7fbee95b1a50>
2025-09-24 11:45:23,704 - Knowledge - INFO - process ingested knowledge for /app/data/kaviademo4200/1656/b70881y/book-project-1656/backend/email-service/pom.xml
2025-09-24 11:45:23,804 - Knowledge - INFO - Found code-base-name: https://github.com/kavia-common/book-project-1656.git:kavia-main
2025-09-24 11:45:23,914 - Knowledge - INFO - Found code_base: <app.utils.kg_build.knowledge.KnowledgeCodeBase object at 0x7fbee95b1a50>
2025-09-24 11:45:24,040 - Knowledge - INFO - process ingested knowledge for /app/data/kaviademo4200/1656/b70881y/book-project-1656/SECURITY.md
2025-09-24 11:45:24,139 - Knowledge - INFO - Found code-base-name: https://github.com/kavia-common/book-project-1656.git:kavia-main
2025-09-24 11:45:24,253 - Knowledge - INFO - Found code_base: <app.utils.kg_build.knowledge.KnowledgeCodeBase object at 0x7fbee95b1a50>
2025-09-24 11:45:24,358 - Knowledge - INFO - process ingested knowledge for /app/data/kaviademo4200/1656/b70881y/book-project-1656/frontend/src/login/forgotPassword/ForgotPasswordModal.tsx
2025-09-24 11:45:24,493 - Knowledge - INFO - Found code-base-name: https://github.com/kavia-common/book-project-1656.git:kavia-main
2025-09-24 11:45:24,570 - Knowledge - INFO - Found code_base: <app.utils.kg_build.knowledge.KnowledgeCodeBase object at 0x7fbee95b1a50>
2025-09-24 11:45:24,674 - Knowledge - INFO - process ingested knowledge for /app/data/kaviademo4200/1656/b70881y/book-project-1656/backend/book-app/src/main/java/com/karankumar/bookproject/book/service/PublisherService.java
2025-09-24 11:45:24,817 - Knowledge - INFO - Found code-base-name: https://github.com/kavia-common/book-project-1656.git:kavia-main
2025-09-24 11:45:24,907 - Knowledge - INFO - Found code_base: <app.utils.kg_build.knowledge.KnowledgeCodeBase object at 0x7fbee95b1a50>
2025-09-24 11:45:24,995 - Knowledge - INFO - process ingested knowledge for /app/data/kaviademo4200/1656/b70881y/book-project-1656/frontend/src/shared/http/HttpClient.ts
2025-09-24 11:45:25,103 - Knowledge - INFO - Found code-base-name: https://github.com/kavia-common/book-project-1656.git:kavia-main
2025-09-24 11:45:25,208 - Knowledge - INFO - Found code_base: <app.utils.kg_build.knowledge.KnowledgeCodeBase object at 0x7fbee95b1a50>
2025-09-24 11:45:25,321 - Knowledge - INFO - process ingested knowledge for /app/data/kaviademo4200/1656/b70881y/book-project-1656/backend/book-app/src/main/java/com/karankumar/bookproject/goal/ReadingGoalCalculator.java
2025-09-24 11:45:25,470 - Knowledge - INFO - Found code-base-name: https://github.com/kavia-common/book-project-1656.git:kavia-main
2025-09-24 11:45:25,574 - Knowledge - INFO - Found code_base: <app.utils.kg_build.knowledge.KnowledgeCodeBase object at 0x7fbee95b1a50>
2025-09-24 11:45:25,655 - Knowledge - INFO - process ingested knowledge for /app/data/kaviademo4200/1656/b70881y/book-project-1656/backend/book-app/src/test/java/com/karankumar/bookproject/book/controller/ReadingGoalControllerTest.java
2025-09-24 11:45:25,771 - Knowledge - INFO - Found code-base-name: https://github.com/kavia-common/book-project-1656.git:kavia-main
2025-09-24 11:45:25,876 - Knowledge - INFO - Found code_base: <app.utils.kg_build.knowledge.KnowledgeCodeBase object at 0x7fbee95b1a50>
2025-09-24 11:45:25,973 - Knowledge - INFO - process ingested knowledge for /app/data/kaviademo4200/1656/b70881y/book-project-1656/frontend/src/shared/form/Password.tsx
2025-09-24 11:45:26,091 - Knowledge - INFO - Found code-base-name: https://github.com/kavia-common/book-project-1656.git:kavia-main
2025-09-24 11:45:26,174 - Knowledge - INFO - Found code_base: <app.utils.kg_build.knowledge.KnowledgeCodeBase object at 0x7fbee95b1a50>
2025-09-24 11:45:26,272 - Knowledge - INFO - process ingested knowledge for /app/data/kaviademo4200/1656/b70881y/book-project-1656/backend/book-app/src/test/java/com/karankumar/bookproject/book/service/AuthorServiceTest.java
2025-09-24 11:45:26,377 - Knowledge - INFO - Found code-base-name: https://github.com/kavia-common/book-project-1656.git:kavia-main
2025-09-24 11:45:26,457 - Knowledge - INFO - Found code_base: <app.utils.kg_build.knowledge.KnowledgeCodeBase object at 0x7fbee95b1a50>
2025-09-24 11:45:26,576 - Knowledge - INFO - process ingested knowledge for /app/data/kaviademo4200/1656/b70881y/book-project-1656/frontend/src/setupTests.ts
2025-09-24 11:45:26,700 - Knowledge - INFO - Found code-base-name: https://github.com/kavia-common/book-project-1656.git:kavia-main
2025-09-24 11:45:26,806 - Knowledge - INFO - Found code_base: <app.utils.kg_build.knowledge.KnowledgeCodeBase object at 0x7fbee95b1a50>
2025-09-24 11:45:26,918 - Knowledge - INFO - process ingested knowledge for /app/data/kaviademo4200/1656/b70881y/book-project-1656/backend/book-app/src/main/java/com/karankumar/bookproject/shelf/repository/UserCreatedShelfRepository.java
2025-09-24 11:45:27,045 - Knowledge - INFO - Found code-base-name: https://github.com/kavia-common/book-project-1656.git:kavia-main
2025-09-24 11:45:27,133 - Knowledge - INFO - Found code_base: <app.utils.kg_build.knowledge.KnowledgeCodeBase object at 0x7fbee95b1a50>
2025-09-24 11:45:27,228 - Knowledge - INFO - process ingested knowledge for /app/data/kaviademo4200/1656/b70881y/book-project-1656/backend/book-app/src/main/java/com/karankumar/bookproject/security/jwt/UsernamePasswordAuthRequest.java
2025-09-24 11:45:27,344 - Knowledge - INFO - Found code-base-name: https://github.com/kavia-common/book-project-1656.git:kavia-main
2025-09-24 11:45:27,421 - Knowledge - INFO - Found code_base: <app.utils.kg_build.knowledge.KnowledgeCodeBase object at 0x7fbee95b1a50>
2025-09-24 11:45:27,533 - Knowledge - INFO - process ingested knowledge for /app/data/kaviademo4200/1656/b70881y/book-project-1656/backend/book-app/src/main/resources/db/migration/V026__ALTER_PREDEFINED_SHELF_MAKE_USER_ID_NULLABLE.sql
2025-09-24 11:45:27,667 - Knowledge - INFO - Found code-base-name: https://github.com/kavia-common/book-project-1656.git:kavia-main
2025-09-24 11:45:27,759 - Knowledge - INFO - Found code_base: <app.utils.kg_build.knowledge.KnowledgeCodeBase object at 0x7fbee95b1a50>
2025-09-24 11:45:27,884 - Knowledge - INFO - process ingested knowledge for /app/data/kaviademo4200/1656/b70881y/book-project-1656/backend/book-app/src/main/java/com/karankumar/bookproject/shelf/model/PredefinedShelf.java
2025-09-24 11:45:28,004 - Knowledge - INFO - Found code-base-name: https://github.com/kavia-common/book-project-1656.git:kavia-main
2025-09-24 11:45:28,091 - Knowledge - INFO - Found code_base: <app.utils.kg_build.knowledge.KnowledgeCodeBase object at 0x7fbee95b1a50>
2025-09-24 11:45:28,205 - Knowledge - INFO - process ingested knowledge for /app/data/kaviademo4200/1656/b70881y/book-project-1656/backend/book-app/src/test/java/com/karankumar/bookproject/book/dto/GoodreadsBookImportTest.java
2025-09-24 11:45:28,316 - Knowledge - INFO - Found code-base-name: https://github.com/kavia-common/book-project-1656.git:kavia-main
2025-09-24 11:45:28,410 - Knowledge - INFO - Found code_base: <app.utils.kg_build.knowledge.KnowledgeCodeBase object at 0x7fbee95b1a50>
2025-09-24 11:45:28,512 - Knowledge - INFO - process ingested knowledge for /app/data/kaviademo4200/1656/b70881y/book-project-1656/frontend/src/delete-account/DeleteAccount.tsx
2025-09-24 11:45:28,599 - Knowledge - INFO - Found code-base-name: https://github.com/kavia-common/book-project-1656.git:kavia-main
2025-09-24 11:45:28,698 - Knowledge - INFO - Found code_base: <app.utils.kg_build.knowledge.KnowledgeCodeBase object at 0x7fbee95b1a50>
2025-09-24 11:45:28,803 - Knowledge - INFO - process ingested knowledge for /app/data/kaviademo4200/1656/b70881y/book-project-1656/frontend/src/shared/http/verb.ts
2025-09-24 11:45:28,922 - Knowledge - INFO - load persisted knowledge: end
2025-09-24 11:45:29,033 - Knowledge - INFO - load persisted docinfo: begin
2025-09-24 11:45:29,154 - Knowledge - INFO - load persisted docinfo: end
2025-09-24 11:45:29,745 - Knowledge - INFO - worker kw1 created with dedicated MongoDB connection (total: 1)
2025-09-24 11:45:29,849 - Knowledge - INFO - knowledge worker kw1 start
2025-09-24 11:45:29,963 - Knowledge - INFO - Knowledge creation complete
2025-09-24 11:45:30,065 - Knowledge - INFO - Updating org costs, total cost: 0
2025-09-24 11:45:30,863 - Knowledge - INFO - Saving knowledge to Redis...
2025-09-24 11:45:31,025 - Knowledge - INFO - Knowledge saved to Redis successfully
2025-09-26 16:46:10,402 - Knowledge - INFO - Redis support added with prefix knowledge:b70881y:
2025-09-26 16:46:12,068 - Knowledge - INFO - load persisted knowledge: begin
2025-09-26 16:46:12,153 - Knowledge - INFO - Found code-base-name: https://github.com/kavia-common/book-project-1656.git:kavia-main
2025-09-26 16:46:12,241 - Knowledge - INFO - Found code_base: <app.utils.kg_build.knowledge.KnowledgeCodeBase object at 0x7f94d27ea650>
2025-09-26 16:46:12,338 - Knowledge - INFO - process ingested knowledge for /app/data/kaviademo4200/1656/b70881y/book-project-1656/backend/book-app/src/main/java/com/karankumar/bookproject/shelf/controller/ShelfController.java
2025-09-26 16:46:12,434 - Knowledge - INFO - Found code-base-name: https://github.com/kavia-common/book-project-1656.git:kavia-main
2025-09-26 16:46:12,515 - Knowledge - INFO - Found code_base: <app.utils.kg_build.knowledge.KnowledgeCodeBase object at 0x7f94d27ea650>
2025-09-26 16:46:12,612 - Knowledge - INFO - process ingested knowledge for /app/data/kaviademo4200/1656/b70881y/book-project-1656/frontend/src/shared/types/Book.ts
2025-09-26 16:46:12,737 - Knowledge - INFO - Found code-base-name: https://github.com/kavia-common/book-project-1656.git:kavia-main
2025-09-26 16:46:12,811 - Knowledge - INFO - Found code_base: <app.utils.kg_build.knowledge.KnowledgeCodeBase object at 0x7f94d27ea650>
2025-09-26 16:46:12,922 - Knowledge - INFO - process ingested knowledge for /app/data/kaviademo4200/1656/b70881y/book-project-1656/backend/book-app/src/main/java/com/karankumar/bookproject/account/repository/UserRepository.java
2025-09-26 16:46:13,044 - Knowledge - INFO - Found code-base-name: https://github.com/kavia-common/book-project-1656.git:kavia-main
2025-09-26 16:46:13,135 - Knowledge - INFO - Found code_base: <app.utils.kg_build.knowledge.KnowledgeCodeBase object at 0x7f94d27ea650>
2025-09-26 16:46:13,252 - Knowledge - INFO - process ingested knowledge for /app/data/kaviademo4200/1656/b70881y/book-project-1656/frontend/src/shared/book-display/ShelfCarousel.css
2025-09-26 16:46:13,364 - Knowledge - INFO - Found code-base-name: https://github.com/kavia-common/book-project-1656.git:kavia-main
2025-09-26 16:46:13,501 - Knowledge - INFO - Found code_base: <app.utils.kg_build.knowledge.KnowledgeCodeBase object at 0x7f94d27ea650>
2025-09-26 16:46:13,602 - Knowledge - INFO - process ingested knowledge for /app/data/kaviademo4200/1656/b70881y/book-project-1656/backend/book-app/src/main/java/com/karankumar/bookproject/shelf/model/UserCreatedShelf.java
2025-09-26 16:46:13,697 - Knowledge - INFO - Found code-base-name: https://github.com/kavia-common/book-project-1656.git:kavia-main
2025-09-26 16:46:13,799 - Knowledge - INFO - Found code_base: <app.utils.kg_build.knowledge.KnowledgeCodeBase object at 0x7f94d27ea650>
2025-09-26 16:46:13,887 - Knowledge - INFO - process ingested knowledge for /app/data/kaviademo4200/1656/b70881y/book-project-1656/backend/book-app/src/main/resources/db/migration/V027__ALTER_USER_ADD_FAIL_ATTEMPTS_DATA.sql
2025-09-26 16:46:14,002 - Knowledge - INFO - Found code-base-name: https://github.com/kavia-common/book-project-1656.git:kavia-main
2025-09-26 16:46:14,100 - Knowledge - INFO - Found code_base: <app.utils.kg_build.knowledge.KnowledgeCodeBase object at 0x7f94d27ea650>
2025-09-26 16:46:14,204 - Knowledge - INFO - process ingested knowledge for /app/data/kaviademo4200/1656/b70881y/book-project-1656/backend/book-app/src/main/java/com/karankumar/bookproject/statistics/RatingStatistics.java
2025-09-26 16:46:14,303 - Knowledge - INFO - Found code-base-name: https://github.com/kavia-common/book-project-1656.git:kavia-main
2025-09-26 16:46:14,400 - Knowledge - INFO - Found code_base: <app.utils.kg_build.knowledge.KnowledgeCodeBase object at 0x7f94d27ea650>
2025-09-26 16:46:14,498 - Knowledge - INFO - process ingested knowledge for /app/data/kaviademo4200/1656/b70881y/book-project-1656/backend/book-app/src/main/java/com/karankumar/bookproject/util/CsvUtils.java
2025-09-26 16:46:14,582 - Knowledge - INFO - Found code-base-name: https://github.com/kavia-common/book-project-1656.git:kavia-main
2025-09-26 16:46:14,705 - Knowledge - INFO - Found code_base: <app.utils.kg_build.knowledge.KnowledgeCodeBase object at 0x7f94d27ea650>
2025-09-26 16:46:14,827 - Knowledge - INFO - process ingested knowledge for /app/data/kaviademo4200/1656/b70881y/book-project-1656/backend/book-app/src/main/java/com/karankumar/bookproject/bookexport/BookExportService.java
2025-09-26 16:46:14,969 - Knowledge - INFO - Found code-base-name: https://github.com/kavia-common/book-project-1656.git:kavia-main
2025-09-26 16:46:15,077 - Knowledge - INFO - Found code_base: <app.utils.kg_build.knowledge.KnowledgeCodeBase object at 0x7f94d27ea650>
2025-09-26 16:46:15,176 - Knowledge - INFO - process ingested knowledge for /app/data/kaviademo4200/1656/b70881y/book-project-1656/frontend/src/react-app-env.d.ts
2025-09-26 16:46:15,308 - Knowledge - INFO - Found code-base-name: https://github.com/kavia-common/book-project-1656.git:kavia-main
2025-09-26 16:46:15,422 - Knowledge - INFO - Found code_base: <app.utils.kg_build.knowledge.KnowledgeCodeBase object at 0x7f94d27ea650>
2025-09-26 16:46:15,541 - Knowledge - INFO - process ingested knowledge for /app/data/kaviademo4200/1656/b70881y/book-project-1656/backend/book-app/src/main/resources/db/migration/V022__ALTER_PUBLISHER_MAKE_NAME_UNIQUE.sql
2025-09-26 16:46:15,672 - Knowledge - INFO - Found code-base-name: https://github.com/kavia-common/book-project-1656.git:kavia-main
2025-09-26 16:46:15,758 - Knowledge - INFO - Found code_base: <app.utils.kg_build.knowledge.KnowledgeCodeBase object at 0x7f94d27ea650>
2025-09-26 16:46:15,886 - Knowledge - INFO - process ingested knowledge for /app/data/kaviademo4200/1656/b70881y/book-project-1656/backend/book-app/src/main/java/com/karankumar/bookproject/shelf/service/PredefinedShelfService.java
2025-09-26 16:46:15,979 - Knowledge - INFO - Found code-base-name: https://github.com/kavia-common/book-project-1656.git:kavia-main
2025-09-26 16:46:16,093 - Knowledge - INFO - Found code_base: <app.utils.kg_build.knowledge.KnowledgeCodeBase object at 0x7f94d27ea650>
2025-09-26 16:46:16,191 - Knowledge - INFO - process ingested knowledge for /app/data/kaviademo4200/1656/b70881y/book-project-1656/backend/email-service/src/main/java/com/karankumar/bookproject/book/service/EmailServiceImpl.java
2025-09-26 16:46:16,295 - Knowledge - INFO - Found code-base-name: https://github.com/kavia-common/book-project-1656.git:kavia-main
2025-09-26 16:46:16,416 - Knowledge - INFO - Found code_base: <app.utils.kg_build.knowledge.KnowledgeCodeBase object at 0x7f94d27ea650>
2025-09-26 16:46:16,520 - Knowledge - INFO - process ingested knowledge for /app/data/kaviademo4200/1656/b70881y/book-project-1656/backend/book-app/src/main/resources/db/migration/V010__CREATE_USER_ROLE.sql
2025-09-26 16:46:16,630 - Knowledge - INFO - Found code-base-name: https://github.com/kavia-common/book-project-1656.git:kavia-main
2025-09-26 16:46:16,753 - Knowledge - INFO - Found code_base: <app.utils.kg_build.knowledge.KnowledgeCodeBase object at 0x7f94d27ea650>
2025-09-26 16:46:16,859 - Knowledge - INFO - process ingested knowledge for /app/data/kaviademo4200/1656/b70881y/book-project-1656/backend/book-app/src/test/java/com/karankumar/bookproject/util/UserCreatedShelfUtilsTest.java
2025-09-26 16:46:16,949 - Knowledge - INFO - Found code-base-name: https://github.com/kavia-common/book-project-1656.git:kavia-main
2025-09-26 16:46:17,067 - Knowledge - INFO - Found code_base: <app.utils.kg_build.knowledge.KnowledgeCodeBase object at 0x7f94d27ea650>
2025-09-26 16:46:17,159 - Knowledge - INFO - process ingested knowledge for /app/data/kaviademo4200/1656/b70881y/book-project-1656/backend/book-app/src/main/java/com/karankumar/bookproject/account/constraint/PasswordStrength.java
2025-09-26 16:46:17,253 - Knowledge - INFO - Found code-base-name: https://github.com/kavia-common/book-project-1656.git:kavia-main
2025-09-26 16:46:17,352 - Knowledge - INFO - Found code_base: <app.utils.kg_build.knowledge.KnowledgeCodeBase object at 0x7f94d27ea650>
2025-09-26 16:46:17,447 - Knowledge - INFO - process ingested knowledge for /app/data/kaviademo4200/1656/b70881y/book-project-1656/backend/book-app/src/main/java/com/karankumar/bookproject/bookimport/librarything/LibraryThingBookDataImport.java
2025-09-26 16:46:17,550 - Knowledge - INFO - Found code-base-name: https://github.com/kavia-common/book-project-1656.git:kavia-main
2025-09-26 16:46:17,661 - Knowledge - INFO - Found code_base: <app.utils.kg_build.knowledge.KnowledgeCodeBase object at 0x7f94d27ea650>
2025-09-26 16:46:17,763 - Knowledge - INFO - process ingested knowledge for /app/data/kaviademo4200/1656/b70881y/book-project-1656/backend/book-app/src/main/java/com/karankumar/bookproject/account/controller/UserController.java
2025-09-26 16:46:17,869 - Knowledge - INFO - Found code-base-name: https://github.com/kavia-common/book-project-1656.git:kavia-main
2025-09-26 16:46:17,958 - Knowledge - INFO - Found code_base: <app.utils.kg_build.knowledge.KnowledgeCodeBase object at 0x7f94d27ea650>
2025-09-26 16:46:18,067 - Knowledge - INFO - process ingested knowledge for /app/data/kaviademo4200/1656/b70881y/book-project-1656/backend/book-app/src/test/java/com/karankumar/bookproject/book/service/TagServiceTest.java
2025-09-26 16:46:18,196 - Knowledge - INFO - Found code-base-name: https://github.com/kavia-common/book-project-1656.git:kavia-main
2025-09-26 16:46:18,280 - Knowledge - INFO - Found code_base: <app.utils.kg_build.knowledge.KnowledgeCodeBase object at 0x7f94d27ea650>
2025-09-26 16:46:18,374 - Knowledge - INFO - process ingested knowledge for /app/data/kaviademo4200/1656/b70881y/book-project-1656/backend/book-app/src/test/java/com/karankumar/bookproject/book/controller/BookImportControllerTest.java
2025-09-26 16:46:18,485 - Knowledge - INFO - Found code-base-name: https://github.com/kavia-common/book-project-1656.git:kavia-main
2025-09-26 16:46:18,575 - Knowledge - INFO - Found code_base: <app.utils.kg_build.knowledge.KnowledgeCodeBase object at 0x7f94d27ea650>
2025-09-26 16:46:18,685 - Knowledge - INFO - process ingested knowledge for /app/data/kaviademo4200/1656/b70881y/book-project-1656/frontend/public/index.html
2025-09-26 16:46:18,796 - Knowledge - INFO - Found code-base-name: https://github.com/kavia-common/book-project-1656.git:kavia-main
2025-09-26 16:46:18,879 - Knowledge - INFO - Found code_base: <app.utils.kg_build.knowledge.KnowledgeCodeBase object at 0x7f94d27ea650>
2025-09-26 16:46:18,962 - Knowledge - INFO - process ingested knowledge for /app/data/kaviademo4200/1656/b70881y/book-project-1656/frontend/src/reportWebVitals.ts
2025-09-26 16:46:19,094 - Knowledge - INFO - Found code-base-name: https://github.com/kavia-common/book-project-1656.git:kavia-main
2025-09-26 16:46:19,179 - Knowledge - INFO - Found code_base: <app.utils.kg_build.knowledge.KnowledgeCodeBase object at 0x7f94d27ea650>
2025-09-26 16:46:19,282 - Knowledge - INFO - process ingested knowledge for /app/data/kaviademo4200/1656/b70881y/book-project-1656/backend/book-app/src/main/resources/banner.txt
2025-09-26 16:46:19,414 - Knowledge - INFO - Found code-base-name: https://github.com/kavia-common/book-project-1656.git:kavia-main
2025-09-26 16:46:19,534 - Knowledge - INFO - Found code_base: <app.utils.kg_build.knowledge.KnowledgeCodeBase object at 0x7f94d27ea650>
2025-09-26 16:46:19,631 - Knowledge - INFO - process ingested knowledge for /app/data/kaviademo4200/1656/b70881y/book-project-1656/backend/book-app/src/main/java/com/karankumar/bookproject/book/dto/BookPatchDto.java
2025-09-26 16:46:19,752 - Knowledge - INFO - Found code-base-name: https://github.com/kavia-common/book-project-1656.git:kavia-main
2025-09-26 16:46:19,866 - Knowledge - INFO - Found code_base: <app.utils.kg_build.knowledge.KnowledgeCodeBase object at 0x7f94d27ea650>
2025-09-26 16:46:19,962 - Knowledge - INFO - process ingested knowledge for /app/data/kaviademo4200/1656/b70881y/book-project-1656/frontend/src/goal/Goal.tsx
2025-09-26 16:46:20,056 - Knowledge - INFO - Found code-base-name: https://github.com/kavia-common/book-project-1656.git:kavia-main
2025-09-26 16:46:20,156 - Knowledge - INFO - Found code_base: <app.utils.kg_build.knowledge.KnowledgeCodeBase object at 0x7f94d27ea650>
2025-09-26 16:46:20,269 - Knowledge - INFO - process ingested knowledge for /app/data/kaviademo4200/1656/b70881y/book-project-1656/backend/book-app/src/main/java/com/karankumar/bookproject/statistics/PageStatistics.java
2025-09-26 16:46:20,363 - Knowledge - INFO - Found code-base-name: https://github.com/kavia-common/book-project-1656.git:kavia-main
2025-09-26 16:46:20,485 - Knowledge - INFO - Found code_base: <app.utils.kg_build.knowledge.KnowledgeCodeBase object at 0x7f94d27ea650>
2025-09-26 16:46:20,592 - Knowledge - INFO - process ingested knowledge for /app/data/kaviademo4200/1656/b70881y/book-project-1656/backend/book-app/src/main/java/com/karankumar/bookproject/book/dto/BookDto.java
2025-09-26 16:46:20,706 - Knowledge - INFO - Found code-base-name: https://github.com/kavia-common/book-project-1656.git:kavia-main
2025-09-26 16:46:20,829 - Knowledge - INFO - Found code_base: <app.utils.kg_build.knowledge.KnowledgeCodeBase object at 0x7f94d27ea650>
2025-09-26 16:46:20,955 - Knowledge - INFO - process ingested knowledge for /app/data/kaviademo4200/1656/b70881y/book-project-1656/backend/book-app/src/main/resources/db/migration/V024__CREATE_BOOK_GENRE.sql
2025-09-26 16:46:21,060 - Knowledge - INFO - Found code-base-name: https://github.com/kavia-common/book-project-1656.git:kavia-main
2025-09-26 16:46:21,165 - Knowledge - INFO - Found code_base: <app.utils.kg_build.knowledge.KnowledgeCodeBase object at 0x7f94d27ea650>
2025-09-26 16:46:21,255 - Knowledge - INFO - process ingested knowledge for /app/data/kaviademo4200/1656/b70881y/book-project-1656/backend/book-app/src/main/resources/db/migration/V018__CREATE_BOOK_PUBLISHER.sql
2025-09-26 16:46:21,351 - Knowledge - INFO - Found code-base-name: https://github.com/kavia-common/book-project-1656.git:kavia-main
2025-09-26 16:46:21,447 - Knowledge - INFO - Found code_base: <app.utils.kg_build.knowledge.KnowledgeCodeBase object at 0x7f94d27ea650>
2025-09-26 16:46:21,537 - Knowledge - INFO - process ingested knowledge for /app/data/kaviademo4200/1656/b70881y/book-project-1656/backend/book-app/src/main/java/com/karankumar/bookproject/book/service/AuthorService.java
2025-09-26 16:46:21,639 - Knowledge - INFO - Found code-base-name: https://github.com/kavia-common/book-project-1656.git:kavia-main
2025-09-26 16:46:21,774 - Knowledge - INFO - Found code_base: <app.utils.kg_build.knowledge.KnowledgeCodeBase object at 0x7f94d27ea650>
2025-09-26 16:46:21,860 - Knowledge - INFO - process ingested knowledge for /app/data/kaviademo4200/1656/b70881y/book-project-1656/backend/book-app/src/test/java/com/karankumar/bookproject/account/auth/CustomAuthenticationProviderTest.java
2025-09-26 16:46:21,959 - Knowledge - INFO - Found code-base-name: https://github.com/kavia-common/book-project-1656.git:kavia-main
2025-09-26 16:46:22,058 - Knowledge - INFO - Found code_base: <app.utils.kg_build.knowledge.KnowledgeCodeBase object at 0x7f94d27ea650>
2025-09-26 16:46:22,143 - Knowledge - INFO - process ingested knowledge for /app/data/kaviademo4200/1656/b70881y/book-project-1656/frontend/public/manifest.json
2025-09-26 16:46:22,304 - Knowledge - INFO - Found code-base-name: https://github.com/kavia-common/book-project-1656.git:kavia-main
2025-09-26 16:46:22,392 - Knowledge - INFO - Found code_base: <app.utils.kg_build.knowledge.KnowledgeCodeBase object at 0x7f94d27ea650>
2025-09-26 16:46:22,508 - Knowledge - INFO - process ingested knowledge for /app/data/kaviademo4200/1656/b70881y/book-project-1656/backend/book-app/src/main/resources/db/migration/V002__CREATE_BOOK.sql
2025-09-26 16:46:22,636 - Knowledge - INFO - Found code-base-name: https://github.com/kavia-common/book-project-1656.git:kavia-main
2025-09-26 16:46:22,753 - Knowledge - INFO - Found code_base: <app.utils.kg_build.knowledge.KnowledgeCodeBase object at 0x7f94d27ea650>
2025-09-26 16:46:22,862 - Knowledge - INFO - process ingested knowledge for /app/data/kaviademo4200/1656/b70881y/book-project-1656/backend/book-app/src/main/java/com/karankumar/bookproject/account/dto/UserToDeleteDto.java
2025-09-26 16:46:22,963 - Knowledge - INFO - Found code-base-name: https://github.com/kavia-common/book-project-1656.git:kavia-main
2025-09-26 16:46:23,070 - Knowledge - INFO - Found code_base: <app.utils.kg_build.knowledge.KnowledgeCodeBase object at 0x7f94d27ea650>
2025-09-26 16:46:23,156 - Knowledge - INFO - process ingested knowledge for /app/data/kaviademo4200/1656/b70881y/book-project-1656/backend/book-app/src/main/resources/db/migration/V025__ALTER_AUTHOR_MAKE_NAME_FULL.sql
2025-09-26 16:46:23,266 - Knowledge - INFO - Found code-base-name: https://github.com/kavia-common/book-project-1656.git:kavia-main
2025-09-26 16:46:23,393 - Knowledge - INFO - Found code_base: <app.utils.kg_build.knowledge.KnowledgeCodeBase object at 0x7f94d27ea650>
2025-09-26 16:46:23,514 - Knowledge - INFO - process ingested knowledge for /app/data/kaviademo4200/1656/b70881y/book-project-1656/frontend/src/App.tsx
2025-09-26 16:46:23,636 - Knowledge - INFO - Found code-base-name: https://github.com/kavia-common/book-project-1656.git:kavia-main
2025-09-26 16:46:23,721 - Knowledge - INFO - Found code_base: <app.utils.kg_build.knowledge.KnowledgeCodeBase object at 0x7f94d27ea650>
2025-09-26 16:46:23,803 - Knowledge - INFO - process ingested knowledge for /app/data/kaviademo4200/1656/b70881y/book-project-1656/frontend/src/shared/components/Search.tsx
2025-09-26 16:46:23,930 - Knowledge - INFO - Found code-base-name: https://github.com/kavia-common/book-project-1656.git:kavia-main
2025-09-26 16:46:24,045 - Knowledge - INFO - Found code_base: <app.utils.kg_build.knowledge.KnowledgeCodeBase object at 0x7f94d27ea650>
2025-09-26 16:46:24,133 - Knowledge - INFO - process ingested knowledge for /app/data/kaviademo4200/1656/b70881y/book-project-1656/backend/book-app/src/test/java/com/karankumar/bookproject/book/service/PredefinedShelfServiceTest.java
2025-09-26 16:46:24,224 - Knowledge - INFO - Found code-base-name: https://github.com/kavia-common/book-project-1656.git:kavia-main
2025-09-26 16:46:24,309 - Knowledge - INFO - Found code_base: <app.utils.kg_build.knowledge.KnowledgeCodeBase object at 0x7f94d27ea650>
2025-09-26 16:46:24,427 - Knowledge - INFO - process ingested knowledge for /app/data/kaviademo4200/1656/b70881y/book-project-1656/backend/book-app/src/main/java/com/karankumar/bookproject/book/model/BookFormat.java
2025-09-26 16:46:24,520 - Knowledge - INFO - Found code-base-name: https://github.com/kavia-common/book-project-1656.git:kavia-main
2025-09-26 16:46:24,639 - Knowledge - INFO - Found code_base: <app.utils.kg_build.knowledge.KnowledgeCodeBase object at 0x7f94d27ea650>
2025-09-26 16:46:24,725 - Knowledge - INFO - process ingested knowledge for /app/data/kaviademo4200/1656/b70881y/book-project-1656/frontend/src/login/Login.tsx
2025-09-26 16:46:24,845 - Knowledge - INFO - Found code-base-name: https://github.com/kavia-common/book-project-1656.git:kavia-main
2025-09-26 16:46:24,949 - Knowledge - INFO - Found code_base: <app.utils.kg_build.knowledge.KnowledgeCodeBase object at 0x7f94d27ea650>
2025-09-26 16:46:25,047 - Knowledge - INFO - process ingested knowledge for /app/data/kaviademo4200/1656/b70881y/book-project-1656/frontend/public/robots.txt
2025-09-26 16:46:25,147 - Knowledge - INFO - Found code-base-name: https://github.com/kavia-common/book-project-1656.git:kavia-main
2025-09-26 16:46:25,254 - Knowledge - INFO - Found code_base: <app.utils.kg_build.knowledge.KnowledgeCodeBase object at 0x7f94d27ea650>
2025-09-26 16:46:25,374 - Knowledge - INFO - process ingested knowledge for /app/data/kaviademo4200/1656/b70881y/book-project-1656/backend/book-app/src/main/resources/db/migration/V007__CREATE_BOOK_TAG.sql
2025-09-26 16:46:25,510 - Knowledge - INFO - Found code-base-name: https://github.com/kavia-common/book-project-1656.git:kavia-main
2025-09-26 16:46:25,600 - Knowledge - INFO - Found code_base: <app.utils.kg_build.knowledge.KnowledgeCodeBase object at 0x7f94d27ea650>
2025-09-26 16:46:25,702 - Knowledge - INFO - process ingested knowledge for /app/data/kaviademo4200/1656/b70881y/book-project-1656/backend/book-app/src/test/java/com/karankumar/bookproject/book/controller/ShelfControllerTest.java
2025-09-26 16:46:25,802 - Knowledge - INFO - Found code-base-name: https://github.com/kavia-common/book-project-1656.git:kavia-main
2025-09-26 16:46:25,917 - Knowledge - INFO - Found code_base: <app.utils.kg_build.knowledge.KnowledgeCodeBase object at 0x7f94d27ea650>
2025-09-26 16:46:26,026 - Knowledge - INFO - process ingested knowledge for /app/data/kaviademo4200/1656/b70881y/book-project-1656/backend/book-app/src/main/java/com/karankumar/bookproject/account/model/Role.java
2025-09-26 16:46:26,159 - Knowledge - INFO - Found code-base-name: https://github.com/kavia-common/book-project-1656.git:kavia-main
2025-09-26 16:46:26,259 - Knowledge - INFO - Found code_base: <app.utils.kg_build.knowledge.KnowledgeCodeBase object at 0x7f94d27ea650>
2025-09-26 16:46:26,374 - Knowledge - INFO - process ingested knowledge for /app/data/kaviademo4200/1656/b70881y/book-project-1656/backend/book-app/src/main/java/com/karankumar/bookproject/security/jwt/exceptionhandler/ApiExceptionHandler.java
2025-09-26 16:46:26,482 - Knowledge - INFO - Found code-base-name: https://github.com/kavia-common/book-project-1656.git:kavia-main
2025-09-26 16:46:26,578 - Knowledge - INFO - Found code_base: <app.utils.kg_build.knowledge.KnowledgeCodeBase object at 0x7f94d27ea650>
2025-09-26 16:46:26,711 - Knowledge - INFO - process ingested knowledge for /app/data/kaviademo4200/1656/b70881y/book-project-1656/frontend/src/settings/Settings.tsx
2025-09-26 16:46:26,804 - Knowledge - INFO - Found code-base-name: https://github.com/kavia-common/book-project-1656.git:kavia-main
2025-09-26 16:46:26,885 - Knowledge - INFO - Found code_base: <app.utils.kg_build.knowledge.KnowledgeCodeBase object at 0x7f94d27ea650>
2025-09-26 16:46:27,007 - Knowledge - INFO - process ingested knowledge for /app/data/kaviademo4200/1656/b70881y/book-project-1656/backend/book-app/src/test/java/com/karankumar/bookproject/util/ReadingGoalTestUtils.java
2025-09-26 16:46:27,102 - Knowledge - INFO - Found code-base-name: https://github.com/kavia-common/book-project-1656.git:kavia-main
2025-09-26 16:46:27,219 - Knowledge - INFO - Found code_base: <app.utils.kg_build.knowledge.KnowledgeCodeBase object at 0x7f94d27ea650>
2025-09-26 16:46:27,314 - Knowledge - INFO - process ingested knowledge for /app/data/kaviademo4200/1656/b70881y/book-project-1656/backend/book-app/src/main/java/com/karankumar/bookproject/BookProjectApplication.java
2025-09-26 16:46:27,444 - Knowledge - INFO - Found code-base-name: https://github.com/kavia-common/book-project-1656.git:kavia-main
2025-09-26 16:46:27,544 - Knowledge - INFO - Found code_base: <app.utils.kg_build.knowledge.KnowledgeCodeBase object at 0x7f94d27ea650>
2025-09-26 16:46:27,627 - Knowledge - INFO - process ingested knowledge for /app/data/kaviademo4200/1656/b70881y/book-project-1656/backend/book-app/src/main/java/com/karankumar/bookproject/book/service/BookService.java
2025-09-26 16:46:27,725 - Knowledge - INFO - Found code-base-name: https://github.com/kavia-common/book-project-1656.git:kavia-main
2025-09-26 16:46:27,814 - Knowledge - INFO - Found code_base: <app.utils.kg_build.knowledge.KnowledgeCodeBase object at 0x7f94d27ea650>
2025-09-26 16:46:27,952 - Knowledge - INFO - process ingested knowledge for /app/data/kaviademo4200/1656/b70881y/book-project-1656/frontend/src/my-books/ShelfModal.css
2025-09-26 16:46:28,050 - Knowledge - INFO - Found code-base-name: https://github.com/kavia-common/book-project-1656.git:kavia-main
2025-09-26 16:46:28,183 - Knowledge - INFO - Found code_base: <app.utils.kg_build.knowledge.KnowledgeCodeBase object at 0x7f94d27ea650>
2025-09-26 16:46:28,266 - Knowledge - INFO - process ingested knowledge for /app/data/kaviademo4200/1656/b70881y/book-project-1656/backend/book-app/src/main/java/com/karankumar/bookproject/statistics/GenreStatistics.java
2025-09-26 16:46:28,373 - Knowledge - INFO - Found code-base-name: https://github.com/kavia-common/book-project-1656.git:kavia-main
2025-09-26 16:46:28,452 - Knowledge - INFO - Found code_base: <app.utils.kg_build.knowledge.KnowledgeCodeBase object at 0x7f94d27ea650>
2025-09-26 16:46:28,538 - Knowledge - INFO - process ingested knowledge for /app/data/kaviademo4200/1656/b70881y/book-project-1656/backend/email-service/src/main/java/com/karankumar/bookproject/EmailService.java
2025-09-26 16:46:28,629 - Knowledge - INFO - Found code-base-name: https://github.com/kavia-common/book-project-1656.git:kavia-main
2025-09-26 16:46:28,739 - Knowledge - INFO - Found code_base: <app.utils.kg_build.knowledge.KnowledgeCodeBase object at 0x7f94d27ea650>
2025-09-26 16:46:28,863 - Knowledge - INFO - process ingested knowledge for /app/data/kaviademo4200/1656/b70881y/book-project-1656/backend/book-app/src/main/java/com/karankumar/bookproject/account/exception/PasswordTooWeakException.java
2025-09-26 16:46:28,988 - Knowledge - INFO - Found code-base-name: https://github.com/kavia-common/book-project-1656.git:kavia-main
2025-09-26 16:46:29,074 - Knowledge - INFO - Found code_base: <app.utils.kg_build.knowledge.KnowledgeCodeBase object at 0x7f94d27ea650>
2025-09-26 16:46:29,192 - Knowledge - INFO - process ingested knowledge for /app/data/kaviademo4200/1656/b70881y/book-project-1656/backend/book-app/src/main/java/com/karankumar/bookproject/book/BookUtils.java
2025-09-26 16:46:29,325 - Knowledge - INFO - Found code-base-name: https://github.com/kavia-common/book-project-1656.git:kavia-main
2025-09-26 16:46:29,437 - Knowledge - INFO - Found code_base: <app.utils.kg_build.knowledge.KnowledgeCodeBase object at 0x7f94d27ea650>
2025-09-26 16:46:29,529 - Knowledge - INFO - process ingested knowledge for /app/data/kaviademo4200/1656/b70881y/book-project-1656/frontend/src/statistics/Stats.tsx
2025-09-26 16:46:29,621 - Knowledge - INFO - Found code-base-name: https://github.com/kavia-common/book-project-1656.git:kavia-main
2025-09-26 16:46:29,704 - Knowledge - INFO - Found code_base: <app.utils.kg_build.knowledge.KnowledgeCodeBase object at 0x7f94d27ea650>
2025-09-26 16:46:29,790 - Knowledge - INFO - process ingested knowledge for /app/data/kaviademo4200/1656/b70881y/book-project-1656/backend/book-app/src/main/java/com/karankumar/bookproject/book/json/LocalDateSerializer.java
2025-09-26 16:46:29,891 - Knowledge - INFO - Found code-base-name: https://github.com/kavia-common/book-project-1656.git:kavia-main
2025-09-26 16:46:30,013 - Knowledge - INFO - Found code_base: <app.utils.kg_build.knowledge.KnowledgeCodeBase object at 0x7f94d27ea650>
2025-09-26 16:46:30,104 - Knowledge - INFO - process ingested knowledge for /app/data/kaviademo4200/1656/b70881y/book-project-1656/frontend/src/shared/theme.tsx
2025-09-26 16:46:30,192 - Knowledge - INFO - Found code-base-name: https://github.com/kavia-common/book-project-1656.git:kavia-main
2025-09-26 16:46:30,295 - Knowledge - INFO - Found code_base: <app.utils.kg_build.knowledge.KnowledgeCodeBase object at 0x7f94d27ea650>
2025-09-26 16:46:30,381 - Knowledge - INFO - process ingested knowledge for /app/data/kaviademo4200/1656/b70881y/book-project-1656/backend/book-app/src/test/java/com/karankumar/bookproject/account/auth/service/DatabaseUserDetailsPasswordServiceTest.java
2025-09-26 16:46:30,485 - Knowledge - INFO - Found code-base-name: https://github.com/kavia-common/book-project-1656.git:kavia-main
2025-09-26 16:46:30,611 - Knowledge - INFO - Found code_base: <app.utils.kg_build.knowledge.KnowledgeCodeBase object at 0x7f94d27ea650>
2025-09-26 16:46:30,734 - Knowledge - INFO - process ingested knowledge for /app/data/kaviademo4200/1656/b70881y/book-project-1656/backend/book-app/src/main/java/com/karankumar/bookproject/book/model/Tag.java
2025-09-26 16:46:30,846 - Knowledge - INFO - Found code-base-name: https://github.com/kavia-common/book-project-1656.git:kavia-main
2025-09-26 16:46:30,944 - Knowledge - INFO - Found code_base: <app.utils.kg_build.knowledge.KnowledgeCodeBase object at 0x7f94d27ea650>
2025-09-26 16:46:31,065 - Knowledge - INFO - process ingested knowledge for /app/data/kaviademo4200/1656/b70881y/book-project-1656/backend/book-app/src/main/java/com/karankumar/bookproject/book/model/BookGenre.java
2025-09-26 16:46:31,164 - Knowledge - INFO - Found code-base-name: https://github.com/kavia-common/book-project-1656.git:kavia-main
2025-09-26 16:46:31,287 - Knowledge - INFO - Found code_base: <app.utils.kg_build.knowledge.KnowledgeCodeBase object at 0x7f94d27ea650>
2025-09-26 16:46:31,389 - Knowledge - INFO - process ingested knowledge for /app/data/kaviademo4200/1656/b70881y/book-project-1656/frontend/tsconfig.json
2025-09-26 16:46:31,519 - Knowledge - INFO - Found code-base-name: https://github.com/kavia-common/book-project-1656.git:kavia-main
2025-09-26 16:46:31,623 - Knowledge - INFO - Found code_base: <app.utils.kg_build.knowledge.KnowledgeCodeBase object at 0x7f94d27ea650>
2025-09-26 16:46:31,711 - Knowledge - INFO - process ingested knowledge for /app/data/kaviademo4200/1656/b70881y/book-project-1656/frontend/src/register/Register.tsx
2025-09-26 16:46:31,829 - Knowledge - INFO - Found code-base-name: https://github.com/kavia-common/book-project-1656.git:kavia-main
2025-09-26 16:46:31,918 - Knowledge - INFO - Found code_base: <app.utils.kg_build.knowledge.KnowledgeCodeBase object at 0x7f94d27ea650>
2025-09-26 16:46:32,009 - Knowledge - INFO - process ingested knowledge for /app/data/kaviademo4200/1656/b70881y/book-project-1656/frontend/src/shared/components/Layout.tsx
2025-09-26 16:46:32,115 - Knowledge - INFO - Found code-base-name: https://github.com/kavia-common/book-project-1656.git:kavia-main
2025-09-26 16:46:32,230 - Knowledge - INFO - Found code_base: <app.utils.kg_build.knowledge.KnowledgeCodeBase object at 0x7f94d27ea650>
2025-09-26 16:46:32,334 - Knowledge - INFO - process ingested knowledge for /app/data/kaviademo4200/1656/b70881y/book-project-1656/backend/book-app/src/main/java/com/karankumar/bookproject/security/jwt/JwtConfig.java
2025-09-26 16:46:32,457 - Knowledge - INFO - Found code-base-name: https://github.com/kavia-common/book-project-1656.git:kavia-main
2025-09-26 16:46:32,540 - Knowledge - INFO - Found code_base: <app.utils.kg_build.knowledge.KnowledgeCodeBase object at 0x7f94d27ea650>
2025-09-26 16:46:32,638 - Knowledge - INFO - process ingested knowledge for /app/data/kaviademo4200/1656/b70881y/book-project-1656/backend/book-app/src/main/resources/db/migration/V015__ALTER_BOOK_ADD_FORMAT.sql
2025-09-26 16:46:32,770 - Knowledge - INFO - Found code-base-name: https://github.com/kavia-common/book-project-1656.git:kavia-main
2025-09-26 16:46:32,850 - Knowledge - INFO - Found code_base: <app.utils.kg_build.knowledge.KnowledgeCodeBase object at 0x7f94d27ea650>
2025-09-26 16:46:32,979 - Knowledge - INFO - process ingested knowledge for /app/data/kaviademo4200/1656/b70881y/book-project-1656/frontend/src/shared/navigation/NavBar.css
2025-09-26 16:46:33,084 - Knowledge - INFO - Found code-base-name: https://github.com/kavia-common/book-project-1656.git:kavia-main
2025-09-26 16:46:33,165 - Knowledge - INFO - Found code_base: <app.utils.kg_build.knowledge.KnowledgeCodeBase object at 0x7f94d27ea650>
2025-09-26 16:46:33,267 - Knowledge - INFO - process ingested knowledge for /app/data/kaviademo4200/1656/b70881y/book-project-1656/backend/book-app/src/main/java/com/karankumar/bookproject/statistics/YearStatistics.java
2025-09-26 16:46:33,370 - Knowledge - INFO - Found code-base-name: https://github.com/kavia-common/book-project-1656.git:kavia-main
2025-09-26 16:46:33,502 - Knowledge - INFO - Found code_base: <app.utils.kg_build.knowledge.KnowledgeCodeBase object at 0x7f94d27ea650>
2025-09-26 16:46:33,591 - Knowledge - INFO - process ingested knowledge for /app/data/kaviademo4200/1656/b70881y/book-project-1656/backend/book-app/src/main/java/com/karankumar/bookproject/account/service/UserService.java
2025-09-26 16:46:33,692 - Knowledge - INFO - Found code-base-name: https://github.com/kavia-common/book-project-1656.git:kavia-main
2025-09-26 16:46:33,791 - Knowledge - INFO - Found code_base: <app.utils.kg_build.knowledge.KnowledgeCodeBase object at 0x7f94d27ea650>
2025-09-26 16:46:33,874 - Knowledge - INFO - process ingested knowledge for /app/data/kaviademo4200/1656/b70881y/book-project-1656/backend/book-app/src/test/java/com/karankumar/bookproject/book/repository/PredefinedShelfRepositoryTest.java
2025-09-26 16:46:33,994 - Knowledge - INFO - Found code-base-name: https://github.com/kavia-common/book-project-1656.git:kavia-main
2025-09-26 16:46:34,110 - Knowledge - INFO - Found code_base: <app.utils.kg_build.knowledge.KnowledgeCodeBase object at 0x7f94d27ea650>
2025-09-26 16:46:34,210 - Knowledge - INFO - process ingested knowledge for /app/data/kaviademo4200/1656/b70881y/book-project-1656/frontend/src/my-books/ShelfModal.tsx
2025-09-26 16:46:34,320 - Knowledge - INFO - Found code-base-name: https://github.com/kavia-common/book-project-1656.git:kavia-main
2025-09-26 16:46:34,439 - Knowledge - INFO - Found code_base: <app.utils.kg_build.knowledge.KnowledgeCodeBase object at 0x7f94d27ea650>
2025-09-26 16:46:34,535 - Knowledge - INFO - process ingested knowledge for /app/data/kaviademo4200/1656/b70881y/book-project-1656/backend/email-service/src/main/java/com/karankumar/bookproject/template/EmailTemplate.java
2025-09-26 16:46:34,664 - Knowledge - INFO - Found code-base-name: https://github.com/kavia-common/book-project-1656.git:kavia-main
2025-09-26 16:46:34,783 - Knowledge - INFO - Found code_base: <app.utils.kg_build.knowledge.KnowledgeCodeBase object at 0x7f94d27ea650>
2025-09-26 16:46:34,865 - Knowledge - INFO - process ingested knowledge for /app/data/kaviademo4200/1656/b70881y/book-project-1656/backend/book-app/src/main/java/com/karankumar/bookproject/book/repository/AuthorRepository.java
2025-09-26 16:46:34,979 - Knowledge - INFO - Found code-base-name: https://github.com/kavia-common/book-project-1656.git:kavia-main
2025-09-26 16:46:35,077 - Knowledge - INFO - Found code_base: <app.utils.kg_build.knowledge.KnowledgeCodeBase object at 0x7f94d27ea650>
2025-09-26 16:46:35,159 - Knowledge - INFO - process ingested knowledge for /app/data/kaviademo4200/1656/b70881y/book-project-1656/frontend/src/goal/Goal.css
2025-09-26 16:46:35,252 - Knowledge - INFO - Found code-base-name: https://github.com/kavia-common/book-project-1656.git:kavia-main
2025-09-26 16:46:35,370 - Knowledge - INFO - Found code_base: <app.utils.kg_build.knowledge.KnowledgeCodeBase object at 0x7f94d27ea650>
2025-09-26 16:46:35,495 - Knowledge - INFO - process ingested knowledge for /app/data/kaviademo4200/1656/b70881y/book-project-1656/backend/book-app/src/main/java/com/karankumar/bookproject/util/DateUtils.java
2025-09-26 16:46:35,594 - Knowledge - INFO - Found code-base-name: https://github.com/kavia-common/book-project-1656.git:kavia-main
2025-09-26 16:46:35,711 - Knowledge - INFO - Found code_base: <app.utils.kg_build.knowledge.KnowledgeCodeBase object at 0x7f94d27ea650>
2025-09-26 16:46:35,778 - Knowledge - INFO - process ingested knowledge for /app/data/kaviademo4200/1656/b70881y/book-project-1656/backend/book-app/src/main/java/com/karankumar/bookproject/bookimport/ImportServiceDelegate.java
2025-09-26 16:46:35,878 - Knowledge - INFO - Found code-base-name: https://github.com/kavia-common/book-project-1656.git:kavia-main
2025-09-26 16:46:35,979 - Knowledge - INFO - Found code_base: <app.utils.kg_build.knowledge.KnowledgeCodeBase object at 0x7f94d27ea650>
2025-09-26 16:46:36,075 - Knowledge - INFO - process ingested knowledge for /app/data/kaviademo4200/1656/b70881y/book-project-1656/frontend/src/App.test.tsx
2025-09-26 16:46:36,164 - Knowledge - INFO - Found code-base-name: https://github.com/kavia-common/book-project-1656.git:kavia-main
2025-09-26 16:46:36,261 - Knowledge - INFO - Found code_base: <app.utils.kg_build.knowledge.KnowledgeCodeBase object at 0x7f94d27ea650>
2025-09-26 16:46:36,351 - Knowledge - INFO - process ingested knowledge for /app/data/kaviademo4200/1656/b70881y/book-project-1656/backend/book-app/src/main/resources/db/migration/V009__CREATE_ROLE.sql
2025-09-26 16:46:36,491 - Knowledge - INFO - Found code-base-name: https://github.com/kavia-common/book-project-1656.git:kavia-main
2025-09-26 16:46:36,576 - Knowledge - INFO - Found code_base: <app.utils.kg_build.knowledge.KnowledgeCodeBase object at 0x7f94d27ea650>
2025-09-26 16:46:36,692 - Knowledge - INFO - process ingested knowledge for /app/data/kaviademo4200/1656/b70881y/book-project-1656/backend/book-app/src/test/java/com/karankumar/bookproject/bookimport/ImportServiceTest.java
2025-09-26 16:46:36,806 - Knowledge - INFO - Found code-base-name: https://github.com/kavia-common/book-project-1656.git:kavia-main
2025-09-26 16:46:36,893 - Knowledge - INFO - Found code_base: <app.utils.kg_build.knowledge.KnowledgeCodeBase object at 0x7f94d27ea650>
2025-09-26 16:46:36,978 - Knowledge - INFO - process ingested knowledge for /app/data/kaviademo4200/1656/b70881y/book-project-1656/backend/pom.xml
2025-09-26 16:46:37,109 - Knowledge - INFO - Found code-base-name: https://github.com/kavia-common/book-project-1656.git:kavia-main
2025-09-26 16:46:37,212 - Knowledge - INFO - Found code_base: <app.utils.kg_build.knowledge.KnowledgeCodeBase object at 0x7f94d27ea650>
2025-09-26 16:46:37,325 - Knowledge - INFO - process ingested knowledge for /app/data/kaviademo4200/1656/b70881y/book-project-1656/frontend/src/shared/navigation/NavBar.tsx
2025-09-26 16:46:37,430 - Knowledge - INFO - Found code-base-name: https://github.com/kavia-common/book-project-1656.git:kavia-main
2025-09-26 16:46:37,509 - Knowledge - INFO - Found code_base: <app.utils.kg_build.knowledge.KnowledgeCodeBase object at 0x7f94d27ea650>
2025-09-26 16:46:37,597 - Knowledge - INFO - process ingested knowledge for /app/data/kaviademo4200/1656/b70881y/book-project-1656/backend/book-app/src/main/java/com/karankumar/bookproject/book/controller/BookController.java
2025-09-26 16:46:37,707 - Knowledge - INFO - Found code-base-name: https://github.com/kavia-common/book-project-1656.git:kavia-main
2025-09-26 16:46:37,785 - Knowledge - INFO - Found code_base: <app.utils.kg_build.knowledge.KnowledgeCodeBase object at 0x7f94d27ea650>
2025-09-26 16:46:37,906 - Knowledge - INFO - process ingested knowledge for /app/data/kaviademo4200/1656/b70881y/book-project-1656/backend/book-app/src/test/java/com/karankumar/bookproject/annotations/IntegrationTest.java
2025-09-26 16:46:38,008 - Knowledge - INFO - Found code-base-name: https://github.com/kavia-common/book-project-1656.git:kavia-main
2025-09-26 16:46:38,099 - Knowledge - INFO - Found code_base: <app.utils.kg_build.knowledge.KnowledgeCodeBase object at 0x7f94d27ea650>
2025-09-26 16:46:38,221 - Knowledge - INFO - process ingested knowledge for /app/data/kaviademo4200/1656/b70881y/book-project-1656/backend/book-app/src/test/resources/exportedBooksSample.json
2025-09-26 16:46:38,327 - Knowledge - INFO - Found code-base-name: https://github.com/kavia-common/book-project-1656.git:kavia-main
2025-09-26 16:46:38,414 - Knowledge - INFO - Found code_base: <app.utils.kg_build.knowledge.KnowledgeCodeBase object at 0x7f94d27ea650>
2025-09-26 16:46:38,536 - Knowledge - INFO - process ingested knowledge for /app/data/kaviademo4200/1656/b70881y/book-project-1656/backend/book-app/src/main/java/com/karankumar/bookproject/book/repository/BookRepository.java
2025-09-26 16:46:38,645 - Knowledge - INFO - Found code-base-name: https://github.com/kavia-common/book-project-1656.git:kavia-main
2025-09-26 16:46:38,723 - Knowledge - INFO - Found code_base: <app.utils.kg_build.knowledge.KnowledgeCodeBase object at 0x7f94d27ea650>
2025-09-26 16:46:38,816 - Knowledge - INFO - process ingested knowledge for /app/data/kaviademo4200/1656/b70881y/book-project-1656/ACKNOWLEDGEMENTS.md
2025-09-26 16:46:38,945 - Knowledge - INFO - Found code-base-name: https://github.com/kavia-common/book-project-1656.git:kavia-main
2025-09-26 16:46:39,038 - Knowledge - INFO - Found code_base: <app.utils.kg_build.knowledge.KnowledgeCodeBase object at 0x7f94d27ea650>
2025-09-26 16:46:39,127 - Knowledge - INFO - process ingested knowledge for /app/data/kaviademo4200/1656/b70881y/book-project-1656/backend/book-app/pom.xml
2025-09-26 16:46:39,275 - Knowledge - INFO - Found code-base-name: https://github.com/kavia-common/book-project-1656.git:kavia-main
2025-09-26 16:46:39,382 - Knowledge - INFO - Found code_base: <app.utils.kg_build.knowledge.KnowledgeCodeBase object at 0x7f94d27ea650>
2025-09-26 16:46:39,468 - Knowledge - INFO - process ingested knowledge for /app/data/kaviademo4200/1656/b70881y/book-project-1656/frontend/src/shared/form/EmailAddress.tsx
2025-09-26 16:46:39,571 - Knowledge - INFO - Found code-base-name: https://github.com/kavia-common/book-project-1656.git:kavia-main
2025-09-26 16:46:39,684 - Knowledge - INFO - Found code_base: <app.utils.kg_build.knowledge.KnowledgeCodeBase object at 0x7f94d27ea650>
2025-09-26 16:46:39,811 - Knowledge - INFO - process ingested knowledge for /app/data/kaviademo4200/1656/b70881y/book-project-1656/backend/email-service/src/main/resources/templates/template-thymeleaf.html
2025-09-26 16:46:39,913 - Knowledge - INFO - Found code-base-name: https://github.com/kavia-common/book-project-1656.git:kavia-main
2025-09-26 16:46:40,025 - Knowledge - INFO - Found code_base: <app.utils.kg_build.knowledge.KnowledgeCodeBase object at 0x7f94d27ea650>
2025-09-26 16:46:40,106 - Knowledge - INFO - process ingested knowledge for /app/data/kaviademo4200/1656/b70881y/book-project-1656/backend/email-service/src/main/java/com/karankumar/bookproject/configuration/EmailConfiguration.java
2025-09-26 16:46:40,250 - Knowledge - INFO - Found code-base-name: https://github.com/kavia-common/book-project-1656.git:kavia-main
2025-09-26 16:46:40,336 - Knowledge - INFO - Found code_base: <app.utils.kg_build.knowledge.KnowledgeCodeBase object at 0x7f94d27ea650>
2025-09-26 16:46:40,427 - Knowledge - INFO - process ingested knowledge for /app/data/kaviademo4200/1656/b70881y/book-project-1656/backend/book-app/src/test/java/com/karankumar/bookproject/book/service/PublisherServiceTest.java
2025-09-26 16:46:40,549 - Knowledge - INFO - Found code-base-name: https://github.com/kavia-common/book-project-1656.git:kavia-main
2025-09-26 16:46:40,666 - Knowledge - INFO - Found code_base: <app.utils.kg_build.knowledge.KnowledgeCodeBase object at 0x7f94d27ea650>
2025-09-26 16:46:40,777 - Knowledge - INFO - process ingested knowledge for /app/data/kaviademo4200/1656/b70881y/book-project-1656/backend/book-app/src/test/java/com/karankumar/bookproject/integration/JwtTokenVerifierIntegrationTest.java
2025-09-26 16:46:40,900 - Knowledge - INFO - Found code-base-name: https://github.com/kavia-common/book-project-1656.git:kavia-main
2025-09-26 16:46:41,016 - Knowledge - INFO - Found code_base: <app.utils.kg_build.knowledge.KnowledgeCodeBase object at 0x7f94d27ea650>
2025-09-26 16:46:41,102 - Knowledge - INFO - process ingested knowledge for /app/data/kaviademo4200/1656/b70881y/book-project-1656/backend/book-app/src/test/java/com/karankumar/bookproject/util/BookUtilsTest.java
2025-09-26 16:46:41,191 - Knowledge - INFO - Found code-base-name: https://github.com/kavia-common/book-project-1656.git:kavia-main
2025-09-26 16:46:41,273 - Knowledge - INFO - Found code_base: <app.utils.kg_build.knowledge.KnowledgeCodeBase object at 0x7f94d27ea650>
2025-09-26 16:46:41,378 - Knowledge - INFO - process ingested knowledge for /app/data/kaviademo4200/1656/b70881y/book-project-1656/backend/book-app/src/test/java/com/karankumar/bookproject/goal/ReadingGoalCalculatorTest.java
2025-09-26 16:46:41,491 - Knowledge - INFO - Found code-base-name: https://github.com/kavia-common/book-project-1656.git:kavia-main
2025-09-26 16:46:41,582 - Knowledge - INFO - Found code_base: <app.utils.kg_build.knowledge.KnowledgeCodeBase object at 0x7f94d27ea650>
2025-09-26 16:46:41,694 - Knowledge - INFO - process ingested knowledge for /app/data/kaviademo4200/1656/b70881y/book-project-1656/frontend/start.sh
2025-09-26 16:46:41,813 - Knowledge - INFO - Found code-base-name: https://github.com/kavia-common/book-project-1656.git:kavia-main
2025-09-26 16:46:41,930 - Knowledge - INFO - Found code_base: <app.utils.kg_build.knowledge.KnowledgeCodeBase object at 0x7f94d27ea650>
2025-09-26 16:46:42,018 - Knowledge - INFO - process ingested knowledge for /app/data/kaviademo4200/1656/b70881y/book-project-1656/backend/email-service/src/main/java/com/karankumar/bookproject/book/service/EmailService.java
2025-09-26 16:46:42,132 - Knowledge - INFO - Found code-base-name: https://github.com/kavia-common/book-project-1656.git:kavia-main
2025-09-26 16:46:42,219 - Knowledge - INFO - Found code_base: <app.utils.kg_build.knowledge.KnowledgeCodeBase object at 0x7f94d27ea650>
2025-09-26 16:46:42,315 - Knowledge - INFO - process ingested knowledge for /app/data/kaviademo4200/1656/b70881y/book-project-1656/backend/book-app/src/main/resources/db/migration/V019__ALTER_USER_MAKE_EMAIL_NULLABLE.sql
2025-09-26 16:46:42,473 - Knowledge - INFO - Found code-base-name: https://github.com/kavia-common/book-project-1656.git:kavia-main
2025-09-26 16:46:42,566 - Knowledge - INFO - Found code_base: <app.utils.kg_build.knowledge.KnowledgeCodeBase object at 0x7f94d27ea650>
2025-09-26 16:46:42,690 - Knowledge - INFO - process ingested knowledge for /app/data/kaviademo4200/1656/b70881y/book-project-1656/backend/book-app/src/main/java/com/karankumar/bookproject/account/dto/UserToRegisterDto.java
2025-09-26 16:46:42,781 - Knowledge - INFO - Found code-base-name: https://github.com/kavia-common/book-project-1656.git:kavia-main
2025-09-26 16:46:42,891 - Knowledge - INFO - Found code_base: <app.utils.kg_build.knowledge.KnowledgeCodeBase object at 0x7f94d27ea650>
2025-09-26 16:46:43,016 - Knowledge - INFO - process ingested knowledge for /app/data/kaviademo4200/1656/b70881y/book-project-1656/frontend/src/register/Register.css
2025-09-26 16:46:43,113 - Knowledge - INFO - Found code-base-name: https://github.com/kavia-common/book-project-1656.git:kavia-main
2025-09-26 16:46:43,235 - Knowledge - INFO - Found code_base: <app.utils.kg_build.knowledge.KnowledgeCodeBase object at 0x7f94d27ea650>
2025-09-26 16:46:43,339 - Knowledge - INFO - process ingested knowledge for /app/data/kaviademo4200/1656/b70881y/book-project-1656/frontend/src/shared/components/SearchResults.tsx
2025-09-26 16:46:43,444 - Knowledge - INFO - Found code-base-name: https://github.com/kavia-common/book-project-1656.git:kavia-main
2025-09-26 16:46:43,524 - Knowledge - INFO - Found code_base: <app.utils.kg_build.knowledge.KnowledgeCodeBase object at 0x7f94d27ea650>
2025-09-26 16:46:43,645 - Knowledge - INFO - process ingested knowledge for /app/data/kaviademo4200/1656/b70881y/book-project-1656/backend/book-app/src/main/java/com/karankumar/bookproject/goal/ReadingGoalService.java
2025-09-26 16:46:43,752 - Knowledge - INFO - Found code-base-name: https://github.com/kavia-common/book-project-1656.git:kavia-main
2025-09-26 16:46:43,853 - Knowledge - INFO - Found code_base: <app.utils.kg_build.knowledge.KnowledgeCodeBase object at 0x7f94d27ea650>
2025-09-26 16:46:43,963 - Knowledge - INFO - process ingested knowledge for /app/data/kaviademo4200/1656/b70881y/book-project-1656/frontend/src/shared/components/Layout.css
2025-09-26 16:46:44,080 - Knowledge - INFO - Found code-base-name: https://github.com/kavia-common/book-project-1656.git:kavia-main
2025-09-26 16:46:44,164 - Knowledge - INFO - Found code_base: <app.utils.kg_build.knowledge.KnowledgeCodeBase object at 0x7f94d27ea650>
2025-09-26 16:46:44,257 - Knowledge - INFO - process ingested knowledge for /app/data/kaviademo4200/1656/b70881y/book-project-1656/backend/book-app/src/test/java/com/karankumar/bookproject/util/StringUtilsTest.java
2025-09-26 16:46:44,386 - Knowledge - INFO - Found code-base-name: https://github.com/kavia-common/book-project-1656.git:kavia-main
2025-09-26 16:46:44,469 - Knowledge - INFO - Found code_base: <app.utils.kg_build.knowledge.KnowledgeCodeBase object at 0x7f94d27ea650>
2025-09-26 16:46:44,592 - Knowledge - INFO - process ingested knowledge for /app/data/kaviademo4200/1656/b70881y/book-project-1656/backend/book-app/src/test/java/com/karankumar/bookproject/book/service/IncorrectPasswordException.java
2025-09-26 16:46:44,699 - Knowledge - INFO - Found code-base-name: https://github.com/kavia-common/book-project-1656.git:kavia-main
2025-09-26 16:46:44,820 - Knowledge - INFO - Found code_base: <app.utils.kg_build.knowledge.KnowledgeCodeBase object at 0x7f94d27ea650>
2025-09-26 16:46:44,906 - Knowledge - INFO - process ingested knowledge for /app/data/kaviademo4200/1656/b70881y/book-project-1656/backend/book-app/src/main/java/com/karankumar/bookproject/account/model/RoleType.java
2025-09-26 16:46:45,038 - Knowledge - INFO - Found code-base-name: https://github.com/kavia-common/book-project-1656.git:kavia-main
2025-09-26 16:46:45,139 - Knowledge - INFO - Found code_base: <app.utils.kg_build.knowledge.KnowledgeCodeBase object at 0x7f94d27ea650>
2025-09-26 16:46:45,216 - Knowledge - INFO - process ingested knowledge for /app/data/kaviademo4200/1656/b70881y/book-project-1656/backend/book-app/src/main/resources/db/migration/V020__ALTER_USER_MAKE_USERNAME_NULLABLE.sql
2025-09-26 16:46:45,331 - Knowledge - INFO - Found code-base-name: https://github.com/kavia-common/book-project-1656.git:kavia-main
2025-09-26 16:46:45,462 - Knowledge - INFO - Found code_base: <app.utils.kg_build.knowledge.KnowledgeCodeBase object at 0x7f94d27ea650>
2025-09-26 16:46:45,544 - Knowledge - INFO - process ingested knowledge for /app/data/kaviademo4200/1656/b70881y/book-project-1656/backend/book-app/src/main/java/com/karankumar/bookproject/account/constraint/PasswordStrengthCheck.java
2025-09-26 16:46:45,642 - Knowledge - INFO - Found code-base-name: https://github.com/kavia-common/book-project-1656.git:kavia-main
2025-09-26 16:46:45,745 - Knowledge - INFO - Found code_base: <app.utils.kg_build.knowledge.KnowledgeCodeBase object at 0x7f94d27ea650>
2025-09-26 16:46:45,838 - Knowledge - INFO - process ingested knowledge for /app/data/kaviademo4200/1656/b70881y/book-project-1656/frontend/src/shared/book-display/ShelfCarousel.tsx
2025-09-26 16:46:45,976 - Knowledge - INFO - Found code-base-name: https://github.com/kavia-common/book-project-1656.git:kavia-main
2025-09-26 16:46:46,095 - Knowledge - INFO - Found code_base: <app.utils.kg_build.knowledge.KnowledgeCodeBase object at 0x7f94d27ea650>
2025-09-26 16:46:46,194 - Knowledge - INFO - process ingested knowledge for /app/data/kaviademo4200/1656/b70881y/book-project-1656/backend/book-app/src/main/java/com/karankumar/bookproject/security/jwt/exceptionhandler/ErrorResponse.java
2025-09-26 16:46:46,309 - Knowledge - INFO - Found code-base-name: https://github.com/kavia-common/book-project-1656.git:kavia-main
2025-09-26 16:46:46,412 - Knowledge - INFO - Found code_base: <app.utils.kg_build.knowledge.KnowledgeCodeBase object at 0x7f94d27ea650>
2025-09-26 16:46:46,531 - Knowledge - INFO - process ingested knowledge for /app/data/kaviademo4200/1656/b70881y/book-project-1656/backend/book-app/src/main/java/com/karankumar/bookproject/shelf/controller/PredefinedShelfController.java
2025-09-26 16:46:46,640 - Knowledge - INFO - Found code-base-name: https://github.com/kavia-common/book-project-1656.git:kavia-main
2025-09-26 16:46:46,737 - Knowledge - INFO - Found code_base: <app.utils.kg_build.knowledge.KnowledgeCodeBase object at 0x7f94d27ea650>
2025-09-26 16:46:46,841 - Knowledge - INFO - process ingested knowledge for /app/data/kaviademo4200/1656/b70881y/book-project-1656/backend/book-app/src/main/java/com/karankumar/bookproject/shelf/repository/PredefinedShelfRepository.java
2025-09-26 16:46:46,969 - Knowledge - INFO - Found code-base-name: https://github.com/kavia-common/book-project-1656.git:kavia-main
2025-09-26 16:46:47,061 - Knowledge - INFO - Found code_base: <app.utils.kg_build.knowledge.KnowledgeCodeBase object at 0x7f94d27ea650>
2025-09-26 16:46:47,174 - Knowledge - INFO - process ingested knowledge for /app/data/kaviademo4200/1656/b70881y/book-project-1656/backend/book-app/src/main/java/com/karankumar/bookproject/account/exception/CurrentUserNotFoundException.java
2025-09-26 16:46:47,270 - Knowledge - INFO - Found code-base-name: https://github.com/kavia-common/book-project-1656.git:kavia-main
2025-09-26 16:46:47,364 - Knowledge - INFO - Found code_base: <app.utils.kg_build.knowledge.KnowledgeCodeBase object at 0x7f94d27ea650>
2025-09-26 16:46:47,466 - Knowledge - INFO - process ingested knowledge for /app/data/kaviademo4200/1656/b70881y/book-project-1656/STYLEGUIDE.md
2025-09-26 16:46:47,559 - Knowledge - INFO - Found code-base-name: https://github.com/kavia-common/book-project-1656.git:kavia-main
2025-09-26 16:46:47,647 - Knowledge - INFO - Found code_base: <app.utils.kg_build.knowledge.KnowledgeCodeBase object at 0x7f94d27ea650>
2025-09-26 16:46:47,756 - Knowledge - INFO - process ingested knowledge for /app/data/kaviademo4200/1656/b70881y/book-project-1656/backend/book-app/src/main/resources/db/migration/V014__ALTER_BOOK_ADD_ISBN.sql
2025-09-26 16:46:47,854 - Knowledge - INFO - Found code-base-name: https://github.com/kavia-common/book-project-1656.git:kavia-main
2025-09-26 16:46:47,944 - Knowledge - INFO - Found code_base: <app.utils.kg_build.knowledge.KnowledgeCodeBase object at 0x7f94d27ea650>
2025-09-26 16:46:48,054 - Knowledge - INFO - process ingested knowledge for /app/data/kaviademo4200/1656/b70881y/book-project-1656/frontend/src/shared/api/endpoints.ts
2025-09-26 16:46:48,182 - Knowledge - INFO - Found code-base-name: https://github.com/kavia-common/book-project-1656.git:kavia-main
2025-09-26 16:46:48,282 - Knowledge - INFO - Found code_base: <app.utils.kg_build.knowledge.KnowledgeCodeBase object at 0x7f94d27ea650>
2025-09-26 16:46:48,365 - Knowledge - INFO - process ingested knowledge for /app/data/kaviademo4200/1656/b70881y/book-project-1656/backend/book-app/src/main/resources/db/migration/V016__ALTER_BOOK_ADD_PUBLICATION_YEAR.sql
2025-09-26 16:46:48,503 - Knowledge - INFO - Found code-base-name: https://github.com/kavia-common/book-project-1656.git:kavia-main
2025-09-26 16:46:48,587 - Knowledge - INFO - Found code_base: <app.utils.kg_build.knowledge.KnowledgeCodeBase object at 0x7f94d27ea650>
2025-09-26 16:46:48,690 - Knowledge - INFO - process ingested knowledge for /app/data/kaviademo4200/1656/b70881y/book-project-1656/backend/book-app/src/main/java/com/karankumar/bookproject/book/model/Publisher.java
2025-09-26 16:46:48,818 - Knowledge - INFO - Found code-base-name: https://github.com/kavia-common/book-project-1656.git:kavia-main
2025-09-26 16:46:48,935 - Knowledge - INFO - Found code_base: <app.utils.kg_build.knowledge.KnowledgeCodeBase object at 0x7f94d27ea650>
2025-09-26 16:46:49,064 - Knowledge - INFO - process ingested knowledge for /app/data/kaviademo4200/1656/b70881y/book-project-1656/backend/book-app/src/test/java/com/karankumar/bookproject/bookimport/mapper/LibraryThingMapperTest.java
2025-09-26 16:46:49,179 - Knowledge - INFO - Found code-base-name: https://github.com/kavia-common/book-project-1656.git:kavia-main
2025-09-26 16:46:49,294 - Knowledge - INFO - Found code_base: <app.utils.kg_build.knowledge.KnowledgeCodeBase object at 0x7f94d27ea650>
2025-09-26 16:46:49,442 - Knowledge - INFO - process ingested knowledge for /app/data/kaviademo4200/1656/b70881y/book-project-1656/backend/book-app/src/main/java/com/karankumar/bookproject/account/exception/UserAlreadyRegisteredException.java
2025-09-26 16:46:49,537 - Knowledge - INFO - Found code-base-name: https://github.com/kavia-common/book-project-1656.git:kavia-main
2025-09-26 16:46:49,621 - Knowledge - INFO - Found code_base: <app.utils.kg_build.knowledge.KnowledgeCodeBase object at 0x7f94d27ea650>
2025-09-26 16:46:49,743 - Knowledge - INFO - process ingested knowledge for /app/data/kaviademo4200/1656/b70881y/book-project-1656/backend/book-app/src/test/java/com/karankumar/bookproject/bookexport/BookExportControllerTest.java
2025-09-26 16:46:49,832 - Knowledge - INFO - Found code-base-name: https://github.com/kavia-common/book-project-1656.git:kavia-main
2025-09-26 16:46:49,961 - Knowledge - INFO - Found code_base: <app.utils.kg_build.knowledge.KnowledgeCodeBase object at 0x7f94d27ea650>
2025-09-26 16:46:50,085 - Knowledge - INFO - process ingested knowledge for /app/data/kaviademo4200/1656/b70881y/book-project-1656/backend/book-app/src/main/java/com/karankumar/bookproject/account/constraint/PasswordStrengthValidator.java
2025-09-26 16:46:50,270 - Knowledge - INFO - Found code-base-name: https://github.com/kavia-common/book-project-1656.git:kavia-main
2025-09-26 16:46:50,376 - Knowledge - INFO - Found code_base: <app.utils.kg_build.knowledge.KnowledgeCodeBase object at 0x7f94d27ea650>
2025-09-26 16:46:50,502 - Knowledge - INFO - process ingested knowledge for /app/data/kaviademo4200/1656/b70881y/book-project-1656/frontend/src/shared/components/Search.css
2025-09-26 16:46:50,599 - Knowledge - INFO - Found code-base-name: https://github.com/kavia-common/book-project-1656.git:kavia-main
2025-09-26 16:46:50,716 - Knowledge - INFO - Found code_base: <app.utils.kg_build.knowledge.KnowledgeCodeBase object at 0x7f94d27ea650>
2025-09-26 16:46:50,855 - Knowledge - INFO - process ingested knowledge for /app/data/kaviademo4200/1656/b70881y/book-project-1656/frontend/src/login/Login.css
2025-09-26 16:46:50,973 - Knowledge - INFO - Found code-base-name: https://github.com/kavia-common/book-project-1656.git:kavia-main
2025-09-26 16:46:51,072 - Knowledge - INFO - Found code_base: <app.utils.kg_build.knowledge.KnowledgeCodeBase object at 0x7f94d27ea650>
2025-09-26 16:46:51,156 - Knowledge - INFO - process ingested knowledge for /app/data/kaviademo4200/1656/b70881y/book-project-1656/backend/book-app/src/main/resources/db/migration/V008__CREATE_USER.sql
2025-09-26 16:46:51,275 - Knowledge - INFO - Found code-base-name: https://github.com/kavia-common/book-project-1656.git:kavia-main
2025-09-26 16:46:51,401 - Knowledge - INFO - Found code_base: <app.utils.kg_build.knowledge.KnowledgeCodeBase object at 0x7f94d27ea650>
2025-09-26 16:46:51,487 - Knowledge - INFO - process ingested knowledge for /app/data/kaviademo4200/1656/b70881y/book-project-1656/backend/book-app/src/main/java/com/karankumar/bookproject/bookimport/librarything/LibraryThingBookImport.java
2025-09-26 16:46:51,618 - Knowledge - INFO - Found code-base-name: https://github.com/kavia-common/book-project-1656.git:kavia-main
2025-09-26 16:46:51,708 - Knowledge - INFO - Found code_base: <app.utils.kg_build.knowledge.KnowledgeCodeBase object at 0x7f94d27ea650>
2025-09-26 16:46:51,794 - Knowledge - INFO - process ingested knowledge for /app/data/kaviademo4200/1656/b70881y/book-project-1656/backend/book-app/src/main/java/com/karankumar/bookproject/account/auth/service/DatabaseUserDetailsService.java
2025-09-26 16:46:51,899 - Knowledge - INFO - Found code-base-name: https://github.com/kavia-common/book-project-1656.git:kavia-main
2025-09-26 16:46:51,992 - Knowledge - INFO - Found code_base: <app.utils.kg_build.knowledge.KnowledgeCodeBase object at 0x7f94d27ea650>
2025-09-26 16:46:52,095 - Knowledge - INFO - process ingested knowledge for /app/data/kaviademo4200/1656/b70881y/book-project-1656/backend/email-service/src/main/java/com/karankumar/bookproject/constant/EmailConstant.java
2025-09-26 16:46:52,226 - Knowledge - INFO - Found code-base-name: https://github.com/kavia-common/book-project-1656.git:kavia-main
2025-09-26 16:46:52,315 - Knowledge - INFO - Found code_base: <app.utils.kg_build.knowledge.KnowledgeCodeBase object at 0x7f94d27ea650>
2025-09-26 16:46:52,406 - Knowledge - INFO - process ingested knowledge for /app/data/kaviademo4200/1656/b70881y/book-project-1656/frontend/src/settings/Settings.css
2025-09-26 16:46:52,530 - Knowledge - INFO - Found code-base-name: https://github.com/kavia-common/book-project-1656.git:kavia-main
2025-09-26 16:46:52,620 - Knowledge - INFO - Found code_base: <app.utils.kg_build.knowledge.KnowledgeCodeBase object at 0x7f94d27ea650>
2025-09-26 16:46:52,750 - Knowledge - INFO - process ingested knowledge for /app/data/kaviademo4200/1656/b70881y/book-project-1656/backend/book-app/src/test/java/com/karankumar/bookproject/statistics/util/StatisticTestUtils.java
2025-09-26 16:46:52,892 - Knowledge - INFO - Found code-base-name: https://github.com/kavia-common/book-project-1656.git:kavia-main
2025-09-26 16:46:52,979 - Knowledge - INFO - Found code_base: <app.utils.kg_build.knowledge.KnowledgeCodeBase object at 0x7f94d27ea650>
2025-09-26 16:46:53,072 - Knowledge - INFO - process ingested knowledge for /app/data/kaviademo4200/1656/b70881y/book-project-1656/backend/commons/src/main/java/com/karankumar/bookproject/ExcludeFromJacocoGeneratedReport.java
2025-09-26 16:46:53,182 - Knowledge - INFO - Found code-base-name: https://github.com/kavia-common/book-project-1656.git:kavia-main
2025-09-26 16:46:53,291 - Knowledge - INFO - Found code_base: <app.utils.kg_build.knowledge.KnowledgeCodeBase object at 0x7f94d27ea650>
2025-09-26 16:46:53,389 - Knowledge - INFO - process ingested knowledge for /app/data/kaviademo4200/1656/b70881y/book-project-1656/backend/book-app/src/main/java/com/karankumar/bookproject/bookimport/LibraryThingBookImportService.java
2025-09-26 16:46:53,516 - Knowledge - INFO - Found code-base-name: https://github.com/kavia-common/book-project-1656.git:kavia-main
2025-09-26 16:46:53,623 - Knowledge - INFO - Found code_base: <app.utils.kg_build.knowledge.KnowledgeCodeBase object at 0x7f94d27ea650>
2025-09-26 16:46:53,739 - Knowledge - INFO - process ingested knowledge for /app/data/kaviademo4200/1656/b70881y/book-project-1656/backend/email-service/src/main/java/com/karankumar/bookproject/configuration/ThymeleafConfiguration.java
2025-09-26 16:46:53,878 - Knowledge - INFO - Found code-base-name: https://github.com/kavia-common/book-project-1656.git:kavia-main
2025-09-26 16:46:53,986 - Knowledge - INFO - Found code_base: <app.utils.kg_build.knowledge.KnowledgeCodeBase object at 0x7f94d27ea650>
2025-09-26 16:46:54,105 - Knowledge - INFO - process ingested knowledge for /app/data/kaviademo4200/1656/b70881y/book-project-1656/backend/book-app/src/main/java/com/karankumar/bookproject/shelf/service/UserCreatedShelfService.java
2025-09-26 16:46:54,201 - Knowledge - INFO - Found code-base-name: https://github.com/kavia-common/book-project-1656.git:kavia-main
2025-09-26 16:46:54,284 - Knowledge - INFO - Found code_base: <app.utils.kg_build.knowledge.KnowledgeCodeBase object at 0x7f94d27ea650>
2025-09-26 16:46:54,380 - Knowledge - INFO - process ingested knowledge for /app/data/kaviademo4200/1656/b70881y/book-project-1656/frontend/src/my-books/MyBooks.css
2025-09-26 16:46:54,467 - Knowledge - INFO - Found code-base-name: https://github.com/kavia-common/book-project-1656.git:kavia-main
2025-09-26 16:46:54,600 - Knowledge - INFO - Found code_base: <app.utils.kg_build.knowledge.KnowledgeCodeBase object at 0x7f94d27ea650>
2025-09-26 16:46:54,680 - Knowledge - INFO - process ingested knowledge for /app/data/kaviademo4200/1656/b70881y/book-project-1656/backend/book-app/src/main/java/com/karankumar/bookproject/account/auth/service/DatabaseUserDetailsPasswordService.java
2025-09-26 16:46:54,771 - Knowledge - INFO - Found code-base-name: https://github.com/kavia-common/book-project-1656.git:kavia-main
2025-09-26 16:46:54,902 - Knowledge - INFO - Found code_base: <app.utils.kg_build.knowledge.KnowledgeCodeBase object at 0x7f94d27ea650>
2025-09-26 16:46:55,018 - Knowledge - INFO - process ingested knowledge for /app/data/kaviademo4200/1656/b70881y/book-project-1656/backend/book-app/src/main/java/com/karankumar/bookproject/security/jwt/JwtUsernamePasswordAuthFilter.java
2025-09-26 16:46:55,107 - Knowledge - INFO - Found code-base-name: https://github.com/kavia-common/book-project-1656.git:kavia-main
2025-09-26 16:46:55,228 - Knowledge - INFO - Found code_base: <app.utils.kg_build.knowledge.KnowledgeCodeBase object at 0x7f94d27ea650>
2025-09-26 16:46:55,310 - Knowledge - INFO - process ingested knowledge for /app/data/kaviademo4200/1656/b70881y/book-project-1656/frontend/src/login/forgotPassword/PasswordResetModal.tsx
2025-09-26 16:46:55,446 - Knowledge - INFO - Found code-base-name: https://github.com/kavia-common/book-project-1656.git:kavia-main
2025-09-26 16:46:55,520 - Knowledge - INFO - Found code_base: <app.utils.kg_build.knowledge.KnowledgeCodeBase object at 0x7f94d27ea650>
2025-09-26 16:46:55,612 - Knowledge - INFO - process ingested knowledge for /app/data/kaviademo4200/1656/b70881y/book-project-1656/backend/book-app/src/main/java/com/karankumar/bookproject/account/model/User.java
2025-09-26 16:46:55,743 - Knowledge - INFO - Found code-base-name: https://github.com/kavia-common/book-project-1656.git:kavia-main
2025-09-26 16:46:55,859 - Knowledge - INFO - Found code_base: <app.utils.kg_build.knowledge.KnowledgeCodeBase object at 0x7f94d27ea650>
2025-09-26 16:46:55,938 - Knowledge - INFO - process ingested knowledge for /app/data/kaviademo4200/1656/b70881y/book-project-1656/backend/book-app/src/main/resources/db/migration/V003__CREATE_PREDEFINED_SHELF.sql
2025-09-26 16:46:56,030 - Knowledge - INFO - Found code-base-name: https://github.com/kavia-common/book-project-1656.git:kavia-main
2025-09-26 16:46:56,144 - Knowledge - INFO - Found code_base: <app.utils.kg_build.knowledge.KnowledgeCodeBase object at 0x7f94d27ea650>
2025-09-26 16:46:56,237 - Knowledge - INFO - process ingested knowledge for /app/data/kaviademo4200/1656/b70881y/book-project-1656/backend/book-app/src/main/resources/db/migration/V012__CREATE_USER_CREATED_SHELF.sql
2025-09-26 16:46:56,345 - Knowledge - INFO - Found code-base-name: https://github.com/kavia-common/book-project-1656.git:kavia-main
2025-09-26 16:46:56,440 - Knowledge - INFO - Found code_base: <app.utils.kg_build.knowledge.KnowledgeCodeBase object at 0x7f94d27ea650>
2025-09-26 16:46:56,546 - Knowledge - INFO - process ingested knowledge for /app/data/kaviademo4200/1656/b70881y/book-project-1656/backend/email-service/src/test/java/com/karankumar/bookproject/book/service/EmailServiceTest.java
2025-09-26 16:46:56,686 - Knowledge - INFO - Found code-base-name: https://github.com/kavia-common/book-project-1656.git:kavia-main
2025-09-26 16:46:56,795 - Knowledge - INFO - Found code_base: <app.utils.kg_build.knowledge.KnowledgeCodeBase object at 0x7f94d27ea650>
2025-09-26 16:46:56,878 - Knowledge - INFO - process ingested knowledge for /app/data/kaviademo4200/1656/b70881y/book-project-1656/frontend/src/delete-account/DeleteAccount.css
2025-09-26 16:46:56,973 - Knowledge - INFO - Found code-base-name: https://github.com/kavia-common/book-project-1656.git:kavia-main
2025-09-26 16:46:57,057 - Knowledge - INFO - Found code_base: <app.utils.kg_build.knowledge.KnowledgeCodeBase object at 0x7f94d27ea650>
2025-09-26 16:46:57,144 - Knowledge - INFO - process ingested knowledge for /app/data/kaviademo4200/1656/b70881y/book-project-1656/backend/book-app/src/test/java/com/karankumar/bookproject/account/auth/service/DatabaseUserDetailsServiceTest.java
2025-09-26 16:46:57,239 - Knowledge - INFO - Found code-base-name: https://github.com/kavia-common/book-project-1656.git:kavia-main
2025-09-26 16:46:57,331 - Knowledge - INFO - Found code_base: <app.utils.kg_build.knowledge.KnowledgeCodeBase object at 0x7f94d27ea650>
2025-09-26 16:46:57,427 - Knowledge - INFO - process ingested knowledge for /app/data/kaviademo4200/1656/b70881y/book-project-1656/backend/book-app/src/main/resources/db/migration/V006__CREATE_TAG.sql
2025-09-26 16:46:57,532 - Knowledge - INFO - Found code-base-name: https://github.com/kavia-common/book-project-1656.git:kavia-main
2025-09-26 16:46:57,627 - Knowledge - INFO - Found code_base: <app.utils.kg_build.knowledge.KnowledgeCodeBase object at 0x7f94d27ea650>
2025-09-26 16:46:57,711 - Knowledge - INFO - process ingested knowledge for /app/data/kaviademo4200/1656/b70881y/book-project-1656/backend/book-app/src/main/java/com/karankumar/bookproject/bookimport/GoodreadsBookImport.java
2025-09-26 16:46:57,806 - Knowledge - INFO - Found code-base-name: https://github.com/kavia-common/book-project-1656.git:kavia-main
2025-09-26 16:46:57,923 - Knowledge - INFO - Found code_base: <app.utils.kg_build.knowledge.KnowledgeCodeBase object at 0x7f94d27ea650>
2025-09-26 16:46:58,005 - Knowledge - INFO - process ingested knowledge for /app/data/kaviademo4200/1656/b70881y/book-project-1656/backend/book-app/src/test/java/com/karankumar/bookproject/integration/ReadingGoalControllerIntegrationTest.java
2025-09-26 16:46:58,134 - Knowledge - INFO - Found code-base-name: https://github.com/kavia-common/book-project-1656.git:kavia-main
2025-09-26 16:46:58,253 - Knowledge - INFO - Found code_base: <app.utils.kg_build.knowledge.KnowledgeCodeBase object at 0x7f94d27ea650>
2025-09-26 16:46:58,414 - Knowledge - INFO - process ingested knowledge for /app/data/kaviademo4200/1656/b70881y/book-project-1656/backend/book-app/src/main/resources/db/migration/V023__ALTER_BOOK_RENAME_CONSTRAINTS.sql
2025-09-26 16:46:58,541 - Knowledge - INFO - Found code-base-name: https://github.com/kavia-common/book-project-1656.git:kavia-main
2025-09-26 16:46:58,635 - Knowledge - INFO - Found code_base: <app.utils.kg_build.knowledge.KnowledgeCodeBase object at 0x7f94d27ea650>
2025-09-26 16:46:58,722 - Knowledge - INFO - process ingested knowledge for /app/data/kaviademo4200/1656/b70881y/book-project-1656/backend/book-app/src/test/java/com/karankumar/bookproject/book/service/ReadingGoalServiceTest.java
2025-09-26 16:46:58,814 - Knowledge - INFO - Found code-base-name: https://github.com/kavia-common/book-project-1656.git:kavia-main
2025-09-26 16:46:58,905 - Knowledge - INFO - Found code_base: <app.utils.kg_build.knowledge.KnowledgeCodeBase object at 0x7f94d27ea650>
2025-09-26 16:46:59,013 - Knowledge - INFO - process ingested knowledge for /app/data/kaviademo4200/1656/b70881y/book-project-1656/backend/book-app/src/main/java/com/karankumar/bookproject/shelf/model/Shelf.java
2025-09-26 16:46:59,129 - Knowledge - INFO - Found code-base-name: https://github.com/kavia-common/book-project-1656.git:kavia-main
2025-09-26 16:46:59,257 - Knowledge - INFO - Found code_base: <app.utils.kg_build.knowledge.KnowledgeCodeBase object at 0x7f94d27ea650>
2025-09-26 16:46:59,330 - Knowledge - INFO - process ingested knowledge for /app/data/kaviademo4200/1656/b70881y/book-project-1656/backend/book-app/src/main/java/com/karankumar/bookproject/shelf/ShelfNameExistsException.java
2025-09-26 16:46:59,443 - Knowledge - INFO - Found code-base-name: https://github.com/kavia-common/book-project-1656.git:kavia-main
2025-09-26 16:46:59,519 - Knowledge - INFO - Found code_base: <app.utils.kg_build.knowledge.KnowledgeCodeBase object at 0x7f94d27ea650>
2025-09-26 16:46:59,609 - Knowledge - INFO - process ingested knowledge for /app/data/kaviademo4200/1656/b70881y/book-project-1656/backend/book-app/src/main/java/com/karankumar/bookproject/goal/ReadingGoalController.java
2025-09-26 16:46:59,706 - Knowledge - INFO - Found code-base-name: https://github.com/kavia-common/book-project-1656.git:kavia-main
2025-09-26 16:46:59,800 - Knowledge - INFO - Found code_base: <app.utils.kg_build.knowledge.KnowledgeCodeBase object at 0x7f94d27ea650>
2025-09-26 16:46:59,936 - Knowledge - INFO - process ingested knowledge for /app/data/kaviademo4200/1656/b70881y/book-project-1656/backend/book-app/src/main/java/com/karankumar/bookproject/account/auth/CustomAuthenticationProvider.java
2025-09-26 16:47:00,075 - Knowledge - INFO - Found code-base-name: https://github.com/kavia-common/book-project-1656.git:kavia-main
2025-09-26 16:47:00,175 - Knowledge - INFO - Found code_base: <app.utils.kg_build.knowledge.KnowledgeCodeBase object at 0x7f94d27ea650>
2025-09-26 16:47:00,267 - Knowledge - INFO - process ingested knowledge for /app/data/kaviademo4200/1656/b70881y/book-project-1656/backend/book-app/src/main/java/com/karankumar/bookproject/book/model/PredefinedShelfName.java
2025-09-26 16:47:00,369 - Knowledge - INFO - Found code-base-name: https://github.com/kavia-common/book-project-1656.git:kavia-main
2025-09-26 16:47:00,468 - Knowledge - INFO - Found code_base: <app.utils.kg_build.knowledge.KnowledgeCodeBase object at 0x7f94d27ea650>
2025-09-26 16:47:00,586 - Knowledge - INFO - process ingested knowledge for /app/data/kaviademo4200/1656/b70881y/book-project-1656/frontend/src/login/forgotPassword/ForgotPasswordModal.css
2025-09-26 16:47:00,685 - Knowledge - INFO - Found code-base-name: https://github.com/kavia-common/book-project-1656.git:kavia-main
2025-09-26 16:47:00,804 - Knowledge - INFO - Found code_base: <app.utils.kg_build.knowledge.KnowledgeCodeBase object at 0x7f94d27ea650>
2025-09-26 16:47:00,898 - Knowledge - INFO - process ingested knowledge for /app/data/kaviademo4200/1656/b70881y/book-project-1656/backend/book-app/src/main/resources/db/migration/V021__ALTER_USER_REMOVE_USERNAME.sql
2025-09-26 16:47:01,019 - Knowledge - INFO - Found code-base-name: https://github.com/kavia-common/book-project-1656.git:kavia-main
2025-09-26 16:47:01,121 - Knowledge - INFO - Found code_base: <app.utils.kg_build.knowledge.KnowledgeCodeBase object at 0x7f94d27ea650>
2025-09-26 16:47:01,239 - Knowledge - INFO - process ingested knowledge for /app/data/kaviademo4200/1656/b70881y/book-project-1656/backend/book-app/src/main/java/com/karankumar/bookproject/bookimport/BookImportController.java
2025-09-26 16:47:01,353 - Knowledge - INFO - Found code-base-name: https://github.com/kavia-common/book-project-1656.git:kavia-main
2025-09-26 16:47:01,440 - Knowledge - INFO - Found code_base: <app.utils.kg_build.knowledge.KnowledgeCodeBase object at 0x7f94d27ea650>
2025-09-26 16:47:01,544 - Knowledge - INFO - process ingested knowledge for /app/data/kaviademo4200/1656/b70881y/book-project-1656/backend/book-app/src/main/asciidoc/index.adoc
2025-09-26 16:47:01,653 - Knowledge - INFO - Found code-base-name: https://github.com/kavia-common/book-project-1656.git:kavia-main
2025-09-26 16:47:01,750 - Knowledge - INFO - Found code_base: <app.utils.kg_build.knowledge.KnowledgeCodeBase object at 0x7f94d27ea650>
2025-09-26 16:47:01,860 - Knowledge - INFO - process ingested knowledge for /app/data/kaviademo4200/1656/b70881y/book-project-1656/backend/book-app/src/main/java/com/karankumar/bookproject/security/jwt/JwtSecretKey.java
2025-09-26 16:47:01,973 - Knowledge - INFO - Found code-base-name: https://github.com/kavia-common/book-project-1656.git:kavia-main
2025-09-26 16:47:02,088 - Knowledge - INFO - Found code_base: <app.utils.kg_build.knowledge.KnowledgeCodeBase object at 0x7f94d27ea650>
2025-09-26 16:47:02,213 - Knowledge - INFO - process ingested knowledge for /app/data/kaviademo4200/1656/b70881y/book-project-1656/backend/book-app/src/main/java/com/karankumar/bookproject/goal/ReadingGoalRepository.java
2025-09-26 16:47:02,311 - Knowledge - INFO - Found code-base-name: https://github.com/kavia-common/book-project-1656.git:kavia-main
2025-09-26 16:47:02,402 - Knowledge - INFO - Found code_base: <app.utils.kg_build.knowledge.KnowledgeCodeBase object at 0x7f94d27ea650>
2025-09-26 16:47:02,489 - Knowledge - INFO - process ingested knowledge for /app/data/kaviademo4200/1656/b70881y/book-project-1656/backend/book-app/src/test/java/com/karankumar/bookproject/book/repository/BookRepositoryTest.java
2025-09-26 16:47:02,619 - Knowledge - INFO - Found code-base-name: https://github.com/kavia-common/book-project-1656.git:kavia-main
2025-09-26 16:47:02,717 - Knowledge - INFO - Found code_base: <app.utils.kg_build.knowledge.KnowledgeCodeBase object at 0x7f94d27ea650>
2025-09-26 16:47:02,811 - Knowledge - INFO - process ingested knowledge for /app/data/kaviademo4200/1656/b70881y/book-project-1656/backend/book-app/src/main/java/com/karankumar/bookproject/Mappings.java
2025-09-26 16:47:02,926 - Knowledge - INFO - Found code-base-name: https://github.com/kavia-common/book-project-1656.git:kavia-main
2025-09-26 16:47:03,036 - Knowledge - INFO - Found code_base: <app.utils.kg_build.knowledge.KnowledgeCodeBase object at 0x7f94d27ea650>
2025-09-26 16:47:03,155 - Knowledge - INFO - process ingested knowledge for /app/data/kaviademo4200/1656/b70881y/book-project-1656/frontend/src/index.css
2025-09-26 16:47:03,285 - Knowledge - INFO - Found code-base-name: https://github.com/kavia-common/book-project-1656.git:kavia-main
2025-09-26 16:47:03,417 - Knowledge - INFO - Found code_base: <app.utils.kg_build.knowledge.KnowledgeCodeBase object at 0x7f94d27ea650>
2025-09-26 16:47:03,530 - Knowledge - INFO - process ingested knowledge for /app/data/kaviademo4200/1656/b70881y/book-project-1656/backend/book-app/src/test/java/com/karankumar/bookproject/book/service/UserCreatedShelfServiceTest.java
2025-09-26 16:47:03,642 - Knowledge - INFO - Found code-base-name: https://github.com/kavia-common/book-project-1656.git:kavia-main
2025-09-26 16:47:03,722 - Knowledge - INFO - Found code_base: <app.utils.kg_build.knowledge.KnowledgeCodeBase object at 0x7f94d27ea650>
2025-09-26 16:47:03,807 - Knowledge - INFO - process ingested knowledge for /app/data/kaviademo4200/1656/b70881y/book-project-1656/backend/book-app/src/main/java/com/karankumar/bookproject/goal/ReadingGoal.java
2025-09-26 16:47:03,920 - Knowledge - INFO - Found code-base-name: https://github.com/kavia-common/book-project-1656.git:kavia-main
2025-09-26 16:47:04,001 - Knowledge - INFO - Found code_base: <app.utils.kg_build.knowledge.KnowledgeCodeBase object at 0x7f94d27ea650>
2025-09-26 16:47:04,129 - Knowledge - INFO - process ingested knowledge for /app/data/kaviademo4200/1656/b70881y/book-project-1656/backend/email-service/src/test/resources/mail-templates/template-thymeleaf.html
2025-09-26 16:47:04,244 - Knowledge - INFO - Found code-base-name: https://github.com/kavia-common/book-project-1656.git:kavia-main
2025-09-26 16:47:04,343 - Knowledge - INFO - Found code_base: <app.utils.kg_build.knowledge.KnowledgeCodeBase object at 0x7f94d27ea650>
2025-09-26 16:47:04,467 - Knowledge - INFO - process ingested knowledge for /app/data/kaviademo4200/1656/b70881y/book-project-1656/backend/email-service/src/test/java/com/karankumar/bookproject/mock/MockEmailTemplate.java
2025-09-26 16:47:04,574 - Knowledge - INFO - Found code-base-name: https://github.com/kavia-common/book-project-1656.git:kavia-main
2025-09-26 16:47:04,674 - Knowledge - INFO - Found code_base: <app.utils.kg_build.knowledge.KnowledgeCodeBase object at 0x7f94d27ea650>
2025-09-26 16:47:04,766 - Knowledge - INFO - process ingested knowledge for /app/data/kaviademo4200/1656/b70881y/book-project-1656/frontend/src/settings/Switch.tsx
2025-09-26 16:47:04,897 - Knowledge - INFO - Found code-base-name: https://github.com/kavia-common/book-project-1656.git:kavia-main
2025-09-26 16:47:05,017 - Knowledge - INFO - Found code_base: <app.utils.kg_build.knowledge.KnowledgeCodeBase object at 0x7f94d27ea650>
2025-09-26 16:47:05,105 - Knowledge - INFO - process ingested knowledge for /app/data/kaviademo4200/1656/b70881y/book-project-1656/backend/book-app/src/main/resources/db/migration/V017__CREATE_PUBLISHER.sql
2025-09-26 16:47:05,206 - Knowledge - INFO - Found code-base-name: https://github.com/kavia-common/book-project-1656.git:kavia-main
2025-09-26 16:47:05,303 - Knowledge - INFO - Found code_base: <app.utils.kg_build.knowledge.KnowledgeCodeBase object at 0x7f94d27ea650>
2025-09-26 16:47:05,398 - Knowledge - INFO - process ingested knowledge for /app/data/kaviademo4200/1656/b70881y/book-project-1656/backend/book-app/src/test/java/com/karankumar/bookproject/book/controller/BookControllerTest.java
2025-09-26 16:47:05,507 - Knowledge - INFO - Found code-base-name: https://github.com/kavia-common/book-project-1656.git:kavia-main
2025-09-26 16:47:05,602 - Knowledge - INFO - Found code_base: <app.utils.kg_build.knowledge.KnowledgeCodeBase object at 0x7f94d27ea650>
2025-09-26 16:47:05,712 - Knowledge - INFO - process ingested knowledge for /app/data/kaviademo4200/1656/b70881y/book-project-1656/README.md
2025-09-26 16:47:05,812 - Knowledge - INFO - Found code-base-name: https://github.com/kavia-common/book-project-1656.git:kavia-main
2025-09-26 16:47:05,903 - Knowledge - INFO - Found code_base: <app.utils.kg_build.knowledge.KnowledgeCodeBase object at 0x7f94d27ea650>
2025-09-26 16:47:05,992 - Knowledge - INFO - process ingested knowledge for /app/data/kaviademo4200/1656/b70881y/book-project-1656/backend/book-app/src/main/java/com/karankumar/bookproject/book/model/RatingScale.java
2025-09-26 16:47:06,087 - Knowledge - INFO - Found code-base-name: https://github.com/kavia-common/book-project-1656.git:kavia-main
2025-09-26 16:47:06,171 - Knowledge - INFO - Found code_base: <app.utils.kg_build.knowledge.KnowledgeCodeBase object at 0x7f94d27ea650>
2025-09-26 16:47:06,274 - Knowledge - INFO - process ingested knowledge for /app/data/kaviademo4200/1656/b70881y/book-project-1656/frontend/src/shared/book-display/BookList.tsx
2025-09-26 16:47:06,381 - Knowledge - INFO - Found code-base-name: https://github.com/kavia-common/book-project-1656.git:kavia-main
2025-09-26 16:47:06,457 - Knowledge - INFO - Found code_base: <app.utils.kg_build.knowledge.KnowledgeCodeBase object at 0x7f94d27ea650>
2025-09-26 16:47:06,548 - Knowledge - INFO - process ingested knowledge for /app/data/kaviademo4200/1656/b70881y/book-project-1656/backend/book-app/src/main/java/com/karankumar/bookproject/book/repository/PublisherRepository.java
2025-09-26 16:47:06,651 - Knowledge - INFO - Found code-base-name: https://github.com/kavia-common/book-project-1656.git:kavia-main
2025-09-26 16:47:06,747 - Knowledge - INFO - Found code_base: <app.utils.kg_build.knowledge.KnowledgeCodeBase object at 0x7f94d27ea650>
2025-09-26 16:47:06,863 - Knowledge - INFO - process ingested knowledge for /app/data/kaviademo4200/1656/b70881y/book-project-1656/frontend/src/book-overview/BookOverview.css
2025-09-26 16:47:06,963 - Knowledge - INFO - Found code-base-name: https://github.com/kavia-common/book-project-1656.git:kavia-main
2025-09-26 16:47:07,043 - Knowledge - INFO - Found code_base: <app.utils.kg_build.knowledge.KnowledgeCodeBase object at 0x7f94d27ea650>
2025-09-26 16:47:07,125 - Knowledge - INFO - process ingested knowledge for /app/data/kaviademo4200/1656/b70881y/book-project-1656/backend/book-app/src/test/java/com/karankumar/bookproject/book/repository/AuthorRepositoryTest.java
2025-09-26 16:47:07,246 - Knowledge - INFO - Found code-base-name: https://github.com/kavia-common/book-project-1656.git:kavia-main
2025-09-26 16:47:07,356 - Knowledge - INFO - Found code_base: <app.utils.kg_build.knowledge.KnowledgeCodeBase object at 0x7f94d27ea650>
2025-09-26 16:47:07,443 - Knowledge - INFO - process ingested knowledge for /app/data/kaviademo4200/1656/b70881y/book-project-1656/backend/book-app/src/main/java/com/karankumar/bookproject/book/service/TagService.java
2025-09-26 16:47:07,553 - Knowledge - INFO - Found code-base-name: https://github.com/kavia-common/book-project-1656.git:kavia-main
2025-09-26 16:47:07,649 - Knowledge - INFO - Found code_base: <app.utils.kg_build.knowledge.KnowledgeCodeBase object at 0x7f94d27ea650>
2025-09-26 16:47:07,752 - Knowledge - INFO - process ingested knowledge for /app/data/kaviademo4200/1656/b70881y/book-project-1656/backend/book-app/src/main/java/com/karankumar/bookproject/account/auth/UserDetailsMapper.java
2025-09-26 16:47:07,837 - Knowledge - INFO - Found code-base-name: https://github.com/kavia-common/book-project-1656.git:kavia-main
2025-09-26 16:47:07,955 - Knowledge - INFO - Found code_base: <app.utils.kg_build.knowledge.KnowledgeCodeBase object at 0x7f94d27ea650>
2025-09-26 16:47:08,049 - Knowledge - INFO - process ingested knowledge for /app/data/kaviademo4200/1656/b70881y/book-project-1656/backend/book-app/src/main/java/com/karankumar/bookproject/util/TestData.java
2025-09-26 16:47:08,171 - Knowledge - INFO - Found code-base-name: https://github.com/kavia-common/book-project-1656.git:kavia-main
2025-09-26 16:47:08,249 - Knowledge - INFO - Found code_base: <app.utils.kg_build.knowledge.KnowledgeCodeBase object at 0x7f94d27ea650>
2025-09-26 16:47:08,341 - Knowledge - INFO - process ingested knowledge for /app/data/kaviademo4200/1656/b70881y/book-project-1656/backend/book-app/src/main/java/com/karankumar/bookproject/book/model/README.md
2025-09-26 16:47:08,473 - Knowledge - INFO - Found code-base-name: https://github.com/kavia-common/book-project-1656.git:kavia-main
2025-09-26 16:47:08,594 - Knowledge - INFO - Found code_base: <app.utils.kg_build.knowledge.KnowledgeCodeBase object at 0x7f94d27ea650>
2025-09-26 16:47:08,689 - Knowledge - INFO - process ingested knowledge for /app/data/kaviademo4200/1656/b70881y/book-project-1656/backend/book-app/src/main/java/com/karankumar/bookproject/security/SecurityConfiguration.java
2025-09-26 16:47:08,795 - Knowledge - INFO - Found code-base-name: https://github.com/kavia-common/book-project-1656.git:kavia-main
2025-09-26 16:47:08,899 - Knowledge - INFO - Found code_base: <app.utils.kg_build.knowledge.KnowledgeCodeBase object at 0x7f94d27ea650>
2025-09-26 16:47:09,022 - Knowledge - INFO - process ingested knowledge for /app/data/kaviademo4200/1656/b70881y/book-project-1656/backend/commons/pom.xml
2025-09-26 16:47:09,143 - Knowledge - INFO - Found code-base-name: https://github.com/kavia-common/book-project-1656.git:kavia-main
2025-09-26 16:47:09,243 - Knowledge - INFO - Found code_base: <app.utils.kg_build.knowledge.KnowledgeCodeBase object at 0x7f94d27ea650>
2025-09-26 16:47:09,334 - Knowledge - INFO - process ingested knowledge for /app/data/kaviademo4200/1656/b70881y/book-project-1656/backend/book-app/src/test/java/com/karankumar/bookproject/util/DateUtilsTest.java
2025-09-26 16:47:09,427 - Knowledge - INFO - Found code-base-name: https://github.com/kavia-common/book-project-1656.git:kavia-main
2025-09-26 16:47:09,517 - Knowledge - INFO - Found code_base: <app.utils.kg_build.knowledge.KnowledgeCodeBase object at 0x7f94d27ea650>
2025-09-26 16:47:09,622 - Knowledge - INFO - process ingested knowledge for /app/data/kaviademo4200/1656/b70881y/book-project-1656/backend/email-service/src/main/java/com/karankumar/bookproject/book/service/FakeEmailService.java
2025-09-26 16:47:09,754 - Knowledge - INFO - Found code-base-name: https://github.com/kavia-common/book-project-1656.git:kavia-main
2025-09-26 16:47:09,884 - Knowledge - INFO - Found code_base: <app.utils.kg_build.knowledge.KnowledgeCodeBase object at 0x7f94d27ea650>
2025-09-26 16:47:09,994 - Knowledge - INFO - process ingested knowledge for /app/data/kaviademo4200/1656/b70881y/book-project-1656/CODE_OF_CONDUCT.md
2025-09-26 16:47:10,084 - Knowledge - INFO - Found code-base-name: https://github.com/kavia-common/book-project-1656.git:kavia-main
2025-09-26 16:47:10,164 - Knowledge - INFO - Found code_base: <app.utils.kg_build.knowledge.KnowledgeCodeBase object at 0x7f94d27ea650>
2025-09-26 16:47:10,242 - Knowledge - INFO - process ingested knowledge for /app/data/kaviademo4200/1656/b70881y/book-project-1656/backend/book-app/src/test/java/com/karankumar/bookproject/statistics/PageStatisticsTest.java
2025-09-26 16:47:10,360 - Knowledge - INFO - Found code-base-name: https://github.com/kavia-common/book-project-1656.git:kavia-main
2025-09-26 16:47:10,456 - Knowledge - INFO - Found code_base: <app.utils.kg_build.knowledge.KnowledgeCodeBase object at 0x7f94d27ea650>
2025-09-26 16:47:10,558 - Knowledge - INFO - process ingested knowledge for /app/data/kaviademo4200/1656/b70881y/book-project-1656/backend/book-app/src/main/java/com/karankumar/bookproject/bookexport/BookExportController.java
2025-09-26 16:47:10,655 - Knowledge - INFO - Found code-base-name: https://github.com/kavia-common/book-project-1656.git:kavia-main
2025-09-26 16:47:10,759 - Knowledge - INFO - Found code_base: <app.utils.kg_build.knowledge.KnowledgeCodeBase object at 0x7f94d27ea650>
2025-09-26 16:47:10,863 - Knowledge - INFO - process ingested knowledge for /app/data/kaviademo4200/1656/b70881y/book-project-1656/backend/book-app/src/main/java/com/karankumar/bookproject/account/repository/RoleRepository.java
2025-09-26 16:47:10,989 - Knowledge - INFO - Found code-base-name: https://github.com/kavia-common/book-project-1656.git:kavia-main
2025-09-26 16:47:11,117 - Knowledge - INFO - Found code_base: <app.utils.kg_build.knowledge.KnowledgeCodeBase object at 0x7f94d27ea650>
2025-09-26 16:47:11,262 - Knowledge - INFO - process ingested knowledge for /app/data/kaviademo4200/1656/b70881y/book-project-1656/backend/book-app/src/main/java/com/karankumar/bookproject/security/jwt/JwtTokenVerifier.java
2025-09-26 16:47:11,375 - Knowledge - INFO - Found code-base-name: https://github.com/kavia-common/book-project-1656.git:kavia-main
2025-09-26 16:47:11,454 - Knowledge - INFO - Found code_base: <app.utils.kg_build.knowledge.KnowledgeCodeBase object at 0x7f94d27ea650>
2025-09-26 16:47:11,563 - Knowledge - INFO - process ingested knowledge for /app/data/kaviademo4200/1656/b70881y/book-project-1656/backend/book-app/src/main/resources/db/migration/V011__CREATE_UID_SEQUENCE.sql
2025-09-26 16:47:11,697 - Knowledge - INFO - Found code-base-name: https://github.com/kavia-common/book-project-1656.git:kavia-main
2025-09-26 16:47:11,794 - Knowledge - INFO - Found code_base: <app.utils.kg_build.knowledge.KnowledgeCodeBase object at 0x7f94d27ea650>
2025-09-26 16:47:11,879 - Knowledge - INFO - process ingested knowledge for /app/data/kaviademo4200/1656/b70881y/book-project-1656/backend/book-app/src/test/java/com/karankumar/bookproject/account/controller/UserControllerTest.java
2025-09-26 16:47:12,045 - Knowledge - INFO - Found code-base-name: https://github.com/kavia-common/book-project-1656.git:kavia-main
2025-09-26 16:47:12,160 - Knowledge - INFO - Found code_base: <app.utils.kg_build.knowledge.KnowledgeCodeBase object at 0x7f94d27ea650>
2025-09-26 16:47:12,276 - Knowledge - INFO - process ingested knowledge for /app/data/kaviademo4200/1656/b70881y/book-project-1656/frontend/src/book-overview/BookOverview.tsx
2025-09-26 16:47:12,384 - Knowledge - INFO - Found code-base-name: https://github.com/kavia-common/book-project-1656.git:kavia-main
2025-09-26 16:47:12,474 - Knowledge - INFO - Found code_base: <app.utils.kg_build.knowledge.KnowledgeCodeBase object at 0x7f94d27ea650>
2025-09-26 16:47:12,568 - Knowledge - INFO - process ingested knowledge for /app/data/kaviademo4200/1656/b70881y/book-project-1656/backend/book-app/src/main/java/com/karankumar/bookproject/account/auth/listener/AuthenticationBadCredentialsListener.java
2025-09-26 16:47:12,670 - Knowledge - INFO - Found code-base-name: https://github.com/kavia-common/book-project-1656.git:kavia-main
2025-09-26 16:47:12,771 - Knowledge - INFO - Found code_base: <app.utils.kg_build.knowledge.KnowledgeCodeBase object at 0x7f94d27ea650>
2025-09-26 16:47:12,890 - Knowledge - INFO - process ingested knowledge for /app/data/kaviademo4200/1656/b70881y/book-project-1656/frontend/src/shared/book-display/ShelfView.tsx
2025-09-26 16:47:13,004 - Knowledge - INFO - Found code-base-name: https://github.com/kavia-common/book-project-1656.git:kavia-main
2025-09-26 16:47:13,081 - Knowledge - INFO - Found code_base: <app.utils.kg_build.knowledge.KnowledgeCodeBase object at 0x7f94d27ea650>
2025-09-26 16:47:13,174 - Knowledge - INFO - process ingested knowledge for /app/data/kaviademo4200/1656/b70881y/book-project-1656/backend/book-app/src/test/java/com/karankumar/bookproject/book/repository/UserCreatedShelfRepositoryTest.java
2025-09-26 16:47:13,274 - Knowledge - INFO - Found code-base-name: https://github.com/kavia-common/book-project-1656.git:kavia-main
2025-09-26 16:47:13,373 - Knowledge - INFO - Found code_base: <app.utils.kg_build.knowledge.KnowledgeCodeBase object at 0x7f94d27ea650>
2025-09-26 16:47:13,480 - Knowledge - INFO - process ingested knowledge for /app/data/kaviademo4200/1656/b70881y/book-project-1656/backend/book-app/src/main/java/com/karankumar/bookproject/bookimport/mapper/LibraryThingMapper.java
2025-09-26 16:47:13,616 - Knowledge - INFO - Found code-base-name: https://github.com/kavia-common/book-project-1656.git:kavia-main
2025-09-26 16:47:13,721 - Knowledge - INFO - Found code_base: <app.utils.kg_build.knowledge.KnowledgeCodeBase object at 0x7f94d27ea650>
2025-09-26 16:47:13,802 - Knowledge - INFO - process ingested knowledge for /app/data/kaviademo4200/1656/b70881y/book-project-1656/backend/book-app/src/test/java/com/karankumar/bookproject/account/constraint/PasswordStrengthTest.java
2025-09-26 16:47:13,935 - Knowledge - INFO - Found code-base-name: https://github.com/kavia-common/book-project-1656.git:kavia-main
2025-09-26 16:47:14,055 - Knowledge - INFO - Found code_base: <app.utils.kg_build.knowledge.KnowledgeCodeBase object at 0x7f94d27ea650>
2025-09-26 16:47:14,177 - Knowledge - INFO - process ingested knowledge for /app/data/kaviademo4200/1656/b70881y/book-project-1656/backend/book-app/src/main/java/com/karankumar/bookproject/book/model/Author.java
2025-09-26 16:47:14,322 - Knowledge - INFO - Found code-base-name: https://github.com/kavia-common/book-project-1656.git:kavia-main
2025-09-26 16:47:14,408 - Knowledge - INFO - Found code_base: <app.utils.kg_build.knowledge.KnowledgeCodeBase object at 0x7f94d27ea650>
2025-09-26 16:47:14,531 - Knowledge - INFO - process ingested knowledge for /app/data/kaviademo4200/1656/b70881y/book-project-1656/backend/book-app/src/main/resources/db/migration/V013__MAKE_SHELVES_PER_USER.sql
2025-09-26 16:47:14,632 - Knowledge - INFO - Found code-base-name: https://github.com/kavia-common/book-project-1656.git:kavia-main
2025-09-26 16:47:14,722 - Knowledge - INFO - Found code_base: <app.utils.kg_build.knowledge.KnowledgeCodeBase object at 0x7f94d27ea650>
2025-09-26 16:47:14,839 - Knowledge - INFO - process ingested knowledge for /app/data/kaviademo4200/1656/b70881y/book-project-1656/backend/book-app/src/main/resources/db/migration/V001__CREATE_AUTHOR.sql
2025-09-26 16:47:14,974 - Knowledge - INFO - Found code-base-name: https://github.com/kavia-common/book-project-1656.git:kavia-main
2025-09-26 16:47:15,057 - Knowledge - INFO - Found code_base: <app.utils.kg_build.knowledge.KnowledgeCodeBase object at 0x7f94d27ea650>
2025-09-26 16:47:15,157 - Knowledge - INFO - process ingested knowledge for /app/data/kaviademo4200/1656/b70881y/book-project-1656/backend/book-app/src/test/java/com/karankumar/bookproject/book/service/UserServiceTest.java
2025-09-26 16:47:15,275 - Knowledge - INFO - Found code-base-name: https://github.com/kavia-common/book-project-1656.git:kavia-main
2025-09-26 16:47:15,389 - Knowledge - INFO - Found code_base: <app.utils.kg_build.knowledge.KnowledgeCodeBase object at 0x7f94d27ea650>
2025-09-26 16:47:15,492 - Knowledge - INFO - process ingested knowledge for /app/data/kaviademo4200/1656/b70881y/book-project-1656/docker-compose.yml
2025-09-26 16:47:15,593 - Knowledge - INFO - Found code-base-name: https://github.com/kavia-common/book-project-1656.git:kavia-main
2025-09-26 16:47:15,713 - Knowledge - INFO - Found code_base: <app.utils.kg_build.knowledge.KnowledgeCodeBase object at 0x7f94d27ea650>
2025-09-26 16:47:15,810 - Knowledge - INFO - process ingested knowledge for /app/data/kaviademo4200/1656/b70881y/book-project-1656/backend/book-app/src/main/resources/db/init.sql
2025-09-26 16:47:15,934 - Knowledge - INFO - Found code-base-name: https://github.com/kavia-common/book-project-1656.git:kavia-main
2025-09-26 16:47:16,011 - Knowledge - INFO - Found code_base: <app.utils.kg_build.knowledge.KnowledgeCodeBase object at 0x7f94d27ea650>
2025-09-26 16:47:16,104 - Knowledge - INFO - process ingested knowledge for /app/data/kaviademo4200/1656/b70881y/book-project-1656/frontend/src/index.tsx
2025-09-26 16:47:16,199 - Knowledge - INFO - Found code-base-name: https://github.com/kavia-common/book-project-1656.git:kavia-main
2025-09-26 16:47:16,289 - Knowledge - INFO - Found code_base: <app.utils.kg_build.knowledge.KnowledgeCodeBase object at 0x7f94d27ea650>
2025-09-26 16:47:16,385 - Knowledge - INFO - process ingested knowledge for /app/data/kaviademo4200/1656/b70881y/book-project-1656/backend/book-app/src/main/resources/db/testdata/afterMigrate.sql
2025-09-26 16:47:16,522 - Knowledge - INFO - Found code-base-name: https://github.com/kavia-common/book-project-1656.git:kavia-main
2025-09-26 16:47:16,612 - Knowledge - INFO - Found code_base: <app.utils.kg_build.knowledge.KnowledgeCodeBase object at 0x7f94d27ea650>
2025-09-26 16:47:16,717 - Knowledge - INFO - process ingested knowledge for /app/data/kaviademo4200/1656/b70881y/book-project-1656/backend/book-app/src/main/java/com/karankumar/bookproject/bookexport/ExportDto.java
2025-09-26 16:47:16,813 - Knowledge - INFO - Found code-base-name: https://github.com/kavia-common/book-project-1656.git:kavia-main
2025-09-26 16:47:16,936 - Knowledge - INFO - Found code_base: <app.utils.kg_build.knowledge.KnowledgeCodeBase object at 0x7f94d27ea650>
2025-09-26 16:47:17,032 - Knowledge - INFO - process ingested knowledge for /app/data/kaviademo4200/1656/b70881y/book-project-1656/frontend/package.json
2025-09-26 16:47:17,141 - Knowledge - INFO - Found code-base-name: https://github.com/kavia-common/book-project-1656.git:kavia-main
2025-09-26 16:47:17,251 - Knowledge - INFO - Found code_base: <app.utils.kg_build.knowledge.KnowledgeCodeBase object at 0x7f94d27ea650>
2025-09-26 16:47:17,362 - Knowledge - INFO - process ingested knowledge for /app/data/kaviademo4200/1656/b70881y/book-project-1656/backend/book-app/src/main/java/com/karankumar/bookproject/util/StringUtils.java
2025-09-26 16:47:17,476 - Knowledge - INFO - Found code-base-name: https://github.com/kavia-common/book-project-1656.git:kavia-main
2025-09-26 16:47:17,597 - Knowledge - INFO - Found code_base: <app.utils.kg_build.knowledge.KnowledgeCodeBase object at 0x7f94d27ea650>
2025-09-26 16:47:17,682 - Knowledge - INFO - process ingested knowledge for /app/data/kaviademo4200/1656/b70881y/book-project-1656/backend/book-app/src/test/java/com/karankumar/bookproject/bookexport/BookExportServiceTest.java
2025-09-26 16:47:17,781 - Knowledge - INFO - Found code-base-name: https://github.com/kavia-common/book-project-1656.git:kavia-main
2025-09-26 16:47:17,882 - Knowledge - INFO - Found code_base: <app.utils.kg_build.knowledge.KnowledgeCodeBase object at 0x7f94d27ea650>
2025-09-26 16:47:18,004 - Knowledge - INFO - process ingested knowledge for /app/data/kaviademo4200/1656/b70881y/book-project-1656/frontend/src/shared/form/PasswordStrengthMeter.tsx
2025-09-26 16:47:18,101 - Knowledge - INFO - Found code-base-name: https://github.com/kavia-common/book-project-1656.git:kavia-main
2025-09-26 16:47:18,213 - Knowledge - INFO - Found code_base: <app.utils.kg_build.knowledge.KnowledgeCodeBase object at 0x7f94d27ea650>
2025-09-26 16:47:18,325 - Knowledge - INFO - process ingested knowledge for /app/data/kaviademo4200/1656/b70881y/book-project-1656/backend/book-app/src/main/resources/db/migration/V028__CREATE_HIBERNATE_SEQUENCE.sql
2025-09-26 16:47:18,446 - Knowledge - INFO - Found code-base-name: https://github.com/kavia-common/book-project-1656.git:kavia-main
2025-09-26 16:47:18,566 - Knowledge - INFO - Found code_base: <app.utils.kg_build.knowledge.KnowledgeCodeBase object at 0x7f94d27ea650>
2025-09-26 16:47:18,689 - Knowledge - INFO - process ingested knowledge for /app/data/kaviademo4200/1656/b70881y/book-project-1656/frontend/src/shared/components/Modal.tsx
2025-09-26 16:47:18,802 - Knowledge - INFO - Found code-base-name: https://github.com/kavia-common/book-project-1656.git:kavia-main
2025-09-26 16:47:18,879 - Knowledge - INFO - Found code_base: <app.utils.kg_build.knowledge.KnowledgeCodeBase object at 0x7f94d27ea650>
2025-09-26 16:47:18,964 - Knowledge - INFO - process ingested knowledge for /app/data/kaviademo4200/1656/b70881y/book-project-1656/backend/book-app/src/main/java/com/karankumar/bookproject/account/exception/IncorrectPasswordException.java
2025-09-26 16:47:19,101 - Knowledge - INFO - Found code-base-name: https://github.com/kavia-common/book-project-1656.git:kavia-main
2025-09-26 16:47:19,214 - Knowledge - INFO - Found code_base: <app.utils.kg_build.knowledge.KnowledgeCodeBase object at 0x7f94d27ea650>
2025-09-26 16:47:19,320 - Knowledge - INFO - process ingested knowledge for /app/data/kaviademo4200/1656/b70881y/book-project-1656/backend/book-app/src/test/java/com/karankumar/bookproject/statistics/RatingStatisticsTest.java
2025-09-26 16:47:19,451 - Knowledge - INFO - Found code-base-name: https://github.com/kavia-common/book-project-1656.git:kavia-main
2025-09-26 16:47:19,580 - Knowledge - INFO - Found code_base: <app.utils.kg_build.knowledge.KnowledgeCodeBase object at 0x7f94d27ea650>
2025-09-26 16:47:19,701 - Knowledge - INFO - process ingested knowledge for /app/data/kaviademo4200/1656/b70881y/book-project-1656/backend/book-app/src/test/java/com/karankumar/bookproject/integration/UserControllerIntegrationTest.java
2025-09-26 16:47:19,835 - Knowledge - INFO - Found code-base-name: https://github.com/kavia-common/book-project-1656.git:kavia-main
2025-09-26 16:47:19,928 - Knowledge - INFO - Found code_base: <app.utils.kg_build.knowledge.KnowledgeCodeBase object at 0x7f94d27ea650>
2025-09-26 16:47:20,016 - Knowledge - INFO - process ingested knowledge for /app/data/kaviademo4200/1656/b70881y/book-project-1656/backend/book-app/src/main/java/com/karankumar/bookproject/book/repository/TagRepository.java
2025-09-26 16:47:20,132 - Knowledge - INFO - Found code-base-name: https://github.com/kavia-common/book-project-1656.git:kavia-main
2025-09-26 16:47:20,221 - Knowledge - INFO - Found code_base: <app.utils.kg_build.knowledge.KnowledgeCodeBase object at 0x7f94d27ea650>
2025-09-26 16:47:20,349 - Knowledge - INFO - process ingested knowledge for /app/data/kaviademo4200/1656/b70881y/book-project-1656/backend/book-app/src/test/java/com/karankumar/bookproject/util/CsvUtilsTest.java
2025-09-26 16:47:20,454 - Knowledge - INFO - Found code-base-name: https://github.com/kavia-common/book-project-1656.git:kavia-main
2025-09-26 16:47:20,550 - Knowledge - INFO - Found code_base: <app.utils.kg_build.knowledge.KnowledgeCodeBase object at 0x7f94d27ea650>
2025-09-26 16:47:20,673 - Knowledge - INFO - process ingested knowledge for /app/data/kaviademo4200/1656/b70881y/book-project-1656/backend/book-app/src/main/resources/db/migration/V005__ALTER_BOOK.sql
2025-09-26 16:47:20,782 - Knowledge - INFO - Found code-base-name: https://github.com/kavia-common/book-project-1656.git:kavia-main
2025-09-26 16:47:20,904 - Knowledge - INFO - Found code_base: <app.utils.kg_build.knowledge.KnowledgeCodeBase object at 0x7f94d27ea650>
2025-09-26 16:47:21,007 - Knowledge - INFO - process ingested knowledge for /app/data/kaviademo4200/1656/b70881y/book-project-1656/backend/book-app/src/main/java/com/karankumar/bookproject/book/model/Book.java
2025-09-26 16:47:21,093 - Knowledge - INFO - Found code-base-name: https://github.com/kavia-common/book-project-1656.git:kavia-main
2025-09-26 16:47:21,175 - Knowledge - INFO - Found code_base: <app.utils.kg_build.knowledge.KnowledgeCodeBase object at 0x7f94d27ea650>
2025-09-26 16:47:21,313 - Knowledge - INFO - process ingested knowledge for /app/data/kaviademo4200/1656/b70881y/book-project-1656/frontend/src/shared/routes.tsx
2025-09-26 16:47:21,418 - Knowledge - INFO - Found code-base-name: https://github.com/kavia-common/book-project-1656.git:kavia-main
2025-09-26 16:47:21,494 - Knowledge - INFO - Found code_base: <app.utils.kg_build.knowledge.KnowledgeCodeBase object at 0x7f94d27ea650>
2025-09-26 16:47:21,585 - Knowledge - INFO - process ingested knowledge for /app/data/kaviademo4200/1656/b70881y/book-project-1656/backend/book-app/src/main/java/com/karankumar/bookproject/statistics/Statistics.java
2025-09-26 16:47:21,685 - Knowledge - INFO - Found code-base-name: https://github.com/kavia-common/book-project-1656.git:kavia-main
2025-09-26 16:47:21,776 - Knowledge - INFO - Found code_base: <app.utils.kg_build.knowledge.KnowledgeCodeBase object at 0x7f94d27ea650>
2025-09-26 16:47:21,908 - Knowledge - INFO - process ingested knowledge for /app/data/kaviademo4200/1656/b70881y/book-project-1656/backend/book-app/src/test/resources/libraryThingImportSample.json
2025-09-26 16:47:21,997 - Knowledge - INFO - Found code-base-name: https://github.com/kavia-common/book-project-1656.git:kavia-main
2025-09-26 16:47:22,119 - Knowledge - INFO - Found code_base: <app.utils.kg_build.knowledge.KnowledgeCodeBase object at 0x7f94d27ea650>
2025-09-26 16:47:22,228 - Knowledge - INFO - process ingested knowledge for /app/data/kaviademo4200/1656/b70881y/book-project-1656/backend/book-app/src/test/java/com/karankumar/bookproject/book/service/BookServiceTest.java
2025-09-26 16:47:22,351 - Knowledge - INFO - Found code-base-name: https://github.com/kavia-common/book-project-1656.git:kavia-main
2025-09-26 16:47:22,464 - Knowledge - INFO - Found code_base: <app.utils.kg_build.knowledge.KnowledgeCodeBase object at 0x7f94d27ea650>
2025-09-26 16:47:22,543 - Knowledge - INFO - process ingested knowledge for /app/data/kaviademo4200/1656/b70881y/book-project-1656/backend/book-app/src/test/java/com/karankumar/bookproject/annotations/DataJpaIntegrationTest.java
2025-09-26 16:47:22,659 - Knowledge - INFO - Found code-base-name: https://github.com/kavia-common/book-project-1656.git:kavia-main
2025-09-26 16:47:22,772 - Knowledge - INFO - Found code_base: <app.utils.kg_build.knowledge.KnowledgeCodeBase object at 0x7f94d27ea650>
2025-09-26 16:47:22,903 - Knowledge - INFO - process ingested knowledge for /app/data/kaviademo4200/1656/b70881y/book-project-1656/backend/book-app/src/test/resources/data.sql
2025-09-26 16:47:23,022 - Knowledge - INFO - Found code-base-name: https://github.com/kavia-common/book-project-1656.git:kavia-main
2025-09-26 16:47:23,102 - Knowledge - INFO - Found code_base: <app.utils.kg_build.knowledge.KnowledgeCodeBase object at 0x7f94d27ea650>
2025-09-26 16:47:23,239 - Knowledge - INFO - process ingested knowledge for /app/data/kaviademo4200/1656/b70881y/book-project-1656/backend/book-app/src/test/java/com/karankumar/bookproject/statistics/YearStatisticsTest.java
2025-09-26 16:47:23,327 - Knowledge - INFO - Found code-base-name: https://github.com/kavia-common/book-project-1656.git:kavia-main
2025-09-26 16:47:23,427 - Knowledge - INFO - Found code_base: <app.utils.kg_build.knowledge.KnowledgeCodeBase object at 0x7f94d27ea650>
2025-09-26 16:47:23,527 - Knowledge - INFO - process ingested knowledge for /app/data/kaviademo4200/1656/b70881y/book-project-1656/CONTRIBUTING.md
2025-09-26 16:47:23,628 - Knowledge - INFO - Found code-base-name: https://github.com/kavia-common/book-project-1656.git:kavia-main
2025-09-26 16:47:23,719 - Knowledge - INFO - Found code_base: <app.utils.kg_build.knowledge.KnowledgeCodeBase object at 0x7f94d27ea650>
2025-09-26 16:47:23,815 - Knowledge - INFO - process ingested knowledge for /app/data/kaviademo4200/1656/b70881y/book-project-1656/backend/book-app/src/test/java/com/karankumar/bookproject/statistics/GenreStatisticsTest.java
2025-09-26 16:47:23,908 - Knowledge - INFO - Found code-base-name: https://github.com/kavia-common/book-project-1656.git:kavia-main
2025-09-26 16:47:24,027 - Knowledge - INFO - Found code_base: <app.utils.kg_build.knowledge.KnowledgeCodeBase object at 0x7f94d27ea650>
2025-09-26 16:47:24,111 - Knowledge - INFO - process ingested knowledge for /app/data/kaviademo4200/1656/b70881y/book-project-1656/backend/book-app/src/test/java/com/karankumar/bookproject/util/SecurityTestUtils.java
2025-09-26 16:47:24,207 - Knowledge - INFO - Found code-base-name: https://github.com/kavia-common/book-project-1656.git:kavia-main
2025-09-26 16:47:24,294 - Knowledge - INFO - Found code_base: <app.utils.kg_build.knowledge.KnowledgeCodeBase object at 0x7f94d27ea650>
2025-09-26 16:47:24,399 - Knowledge - INFO - process ingested knowledge for /app/data/kaviademo4200/1656/b70881y/book-project-1656/backend/book-app/src/main/resources/db/migration/V004__CREATE_READING_GOAL.sql
2025-09-26 16:47:24,504 - Knowledge - INFO - Found code-base-name: https://github.com/kavia-common/book-project-1656.git:kavia-main
2025-09-26 16:47:24,610 - Knowledge - INFO - Found code_base: <app.utils.kg_build.knowledge.KnowledgeCodeBase object at 0x7f94d27ea650>
2025-09-26 16:47:24,718 - Knowledge - INFO - process ingested knowledge for /app/data/kaviademo4200/1656/b70881y/book-project-1656/backend/book-app/src/test/java/com/karankumar/bookproject/book/json/LocalDateSerializerTest.java
2025-09-26 16:47:24,822 - Knowledge - INFO - Found code-base-name: https://github.com/kavia-common/book-project-1656.git:kavia-main
2025-09-26 16:47:24,907 - Knowledge - INFO - Found code_base: <app.utils.kg_build.knowledge.KnowledgeCodeBase object at 0x7f94d27ea650>
2025-09-26 16:47:25,033 - Knowledge - INFO - process ingested knowledge for /app/data/kaviademo4200/1656/b70881y/book-project-1656/frontend/src/my-books/MyBooks.tsx
2025-09-26 16:47:25,167 - Knowledge - INFO - Found code-base-name: https://github.com/kavia-common/book-project-1656.git:kavia-main
2025-09-26 16:47:25,252 - Knowledge - INFO - Found code_base: <app.utils.kg_build.knowledge.KnowledgeCodeBase object at 0x7f94d27ea650>
2025-09-26 16:47:25,342 - Knowledge - INFO - process ingested knowledge for /app/data/kaviademo4200/1656/b70881y/book-project-1656/backend/book-app/src/main/java/com/karankumar/bookproject/bookimport/ImportService.java
2025-09-26 16:47:25,463 - Knowledge - INFO - Found code-base-name: https://github.com/kavia-common/book-project-1656.git:kavia-main
2025-09-26 16:47:25,588 - Knowledge - INFO - Found code_base: <app.utils.kg_build.knowledge.KnowledgeCodeBase object at 0x7f94d27ea650>
2025-09-26 16:47:25,678 - Knowledge - INFO - process ingested knowledge for /app/data/kaviademo4200/1656/b70881y/book-project-1656/backend/book-app/src/main/java/com/karankumar/bookproject/account/auth/listener/AuthenticationSuccessListener.java
2025-09-26 16:47:25,805 - Knowledge - INFO - Found code-base-name: https://github.com/kavia-common/book-project-1656.git:kavia-main
2025-09-26 16:47:25,925 - Knowledge - INFO - Found code_base: <app.utils.kg_build.knowledge.KnowledgeCodeBase object at 0x7f94d27ea650>
2025-09-26 16:47:26,054 - Knowledge - INFO - process ingested knowledge for /app/data/kaviademo4200/1656/b70881y/book-project-1656/frontend/src/shared/book-display/BookList.css
2025-09-26 16:47:26,148 - Knowledge - INFO - Found code-base-name: https://github.com/kavia-common/book-project-1656.git:kavia-main
2025-09-26 16:47:26,234 - Knowledge - INFO - Found code_base: <app.utils.kg_build.knowledge.KnowledgeCodeBase object at 0x7f94d27ea650>
2025-09-26 16:47:26,338 - Knowledge - INFO - process ingested knowledge for /app/data/kaviademo4200/1656/b70881y/book-project-1656/backend/email-service/pom.xml
2025-09-26 16:47:26,437 - Knowledge - INFO - Found code-base-name: https://github.com/kavia-common/book-project-1656.git:kavia-main
2025-09-26 16:47:26,538 - Knowledge - INFO - Found code_base: <app.utils.kg_build.knowledge.KnowledgeCodeBase object at 0x7f94d27ea650>
2025-09-26 16:47:26,642 - Knowledge - INFO - process ingested knowledge for /app/data/kaviademo4200/1656/b70881y/book-project-1656/SECURITY.md
2025-09-26 16:47:26,744 - Knowledge - INFO - Found code-base-name: https://github.com/kavia-common/book-project-1656.git:kavia-main
2025-09-26 16:47:26,860 - Knowledge - INFO - Found code_base: <app.utils.kg_build.knowledge.KnowledgeCodeBase object at 0x7f94d27ea650>
2025-09-26 16:47:26,986 - Knowledge - INFO - process ingested knowledge for /app/data/kaviademo4200/1656/b70881y/book-project-1656/frontend/src/login/forgotPassword/ForgotPasswordModal.tsx
2025-09-26 16:47:27,120 - Knowledge - INFO - Found code-base-name: https://github.com/kavia-common/book-project-1656.git:kavia-main
2025-09-26 16:47:27,208 - Knowledge - INFO - Found code_base: <app.utils.kg_build.knowledge.KnowledgeCodeBase object at 0x7f94d27ea650>
2025-09-26 16:47:27,297 - Knowledge - INFO - process ingested knowledge for /app/data/kaviademo4200/1656/b70881y/book-project-1656/backend/book-app/src/main/java/com/karankumar/bookproject/book/service/PublisherService.java
2025-09-26 16:47:27,391 - Knowledge - INFO - Found code-base-name: https://github.com/kavia-common/book-project-1656.git:kavia-main
2025-09-26 16:47:27,510 - Knowledge - INFO - Found code_base: <app.utils.kg_build.knowledge.KnowledgeCodeBase object at 0x7f94d27ea650>
2025-09-26 16:47:27,626 - Knowledge - INFO - process ingested knowledge for /app/data/kaviademo4200/1656/b70881y/book-project-1656/frontend/src/shared/http/HttpClient.ts
2025-09-26 16:47:27,730 - Knowledge - INFO - Found code-base-name: https://github.com/kavia-common/book-project-1656.git:kavia-main
2025-09-26 16:47:27,821 - Knowledge - INFO - Found code_base: <app.utils.kg_build.knowledge.KnowledgeCodeBase object at 0x7f94d27ea650>
2025-09-26 16:47:27,933 - Knowledge - INFO - process ingested knowledge for /app/data/kaviademo4200/1656/b70881y/book-project-1656/backend/book-app/src/main/java/com/karankumar/bookproject/goal/ReadingGoalCalculator.java
2025-09-26 16:47:28,034 - Knowledge - INFO - Found code-base-name: https://github.com/kavia-common/book-project-1656.git:kavia-main
2025-09-26 16:47:28,118 - Knowledge - INFO - Found code_base: <app.utils.kg_build.knowledge.KnowledgeCodeBase object at 0x7f94d27ea650>
2025-09-26 16:47:28,202 - Knowledge - INFO - process ingested knowledge for /app/data/kaviademo4200/1656/b70881y/book-project-1656/backend/book-app/src/test/java/com/karankumar/bookproject/book/controller/ReadingGoalControllerTest.java
2025-09-26 16:47:28,305 - Knowledge - INFO - Found code-base-name: https://github.com/kavia-common/book-project-1656.git:kavia-main
2025-09-26 16:47:28,423 - Knowledge - INFO - Found code_base: <app.utils.kg_build.knowledge.KnowledgeCodeBase object at 0x7f94d27ea650>
2025-09-26 16:47:28,525 - Knowledge - INFO - process ingested knowledge for /app/data/kaviademo4200/1656/b70881y/book-project-1656/frontend/src/shared/form/Password.tsx
2025-09-26 16:47:28,626 - Knowledge - INFO - Found code-base-name: https://github.com/kavia-common/book-project-1656.git:kavia-main
2025-09-26 16:47:28,740 - Knowledge - INFO - Found code_base: <app.utils.kg_build.knowledge.KnowledgeCodeBase object at 0x7f94d27ea650>
2025-09-26 16:47:28,831 - Knowledge - INFO - process ingested knowledge for /app/data/kaviademo4200/1656/b70881y/book-project-1656/backend/book-app/src/test/java/com/karankumar/bookproject/book/service/AuthorServiceTest.java
2025-09-26 16:47:28,934 - Knowledge - INFO - Found code-base-name: https://github.com/kavia-common/book-project-1656.git:kavia-main
2025-09-26 16:47:29,048 - Knowledge - INFO - Found code_base: <app.utils.kg_build.knowledge.KnowledgeCodeBase object at 0x7f94d27ea650>
2025-09-26 16:47:29,175 - Knowledge - INFO - process ingested knowledge for /app/data/kaviademo4200/1656/b70881y/book-project-1656/frontend/src/setupTests.ts
2025-09-26 16:47:29,308 - Knowledge - INFO - Found code-base-name: https://github.com/kavia-common/book-project-1656.git:kavia-main
2025-09-26 16:47:29,396 - Knowledge - INFO - Found code_base: <app.utils.kg_build.knowledge.KnowledgeCodeBase object at 0x7f94d27ea650>
2025-09-26 16:47:29,484 - Knowledge - INFO - process ingested knowledge for /app/data/kaviademo4200/1656/b70881y/book-project-1656/backend/book-app/src/main/java/com/karankumar/bookproject/shelf/repository/UserCreatedShelfRepository.java
2025-09-26 16:47:29,601 - Knowledge - INFO - Found code-base-name: https://github.com/kavia-common/book-project-1656.git:kavia-main
2025-09-26 16:47:29,695 - Knowledge - INFO - Found code_base: <app.utils.kg_build.knowledge.KnowledgeCodeBase object at 0x7f94d27ea650>
2025-09-26 16:47:29,788 - Knowledge - INFO - process ingested knowledge for /app/data/kaviademo4200/1656/b70881y/book-project-1656/backend/book-app/src/main/java/com/karankumar/bookproject/security/jwt/UsernamePasswordAuthRequest.java
2025-09-26 16:47:29,920 - Knowledge - INFO - Found code-base-name: https://github.com/kavia-common/book-project-1656.git:kavia-main
2025-09-26 16:47:30,033 - Knowledge - INFO - Found code_base: <app.utils.kg_build.knowledge.KnowledgeCodeBase object at 0x7f94d27ea650>
2025-09-26 16:47:30,161 - Knowledge - INFO - process ingested knowledge for /app/data/kaviademo4200/1656/b70881y/book-project-1656/backend/book-app/src/main/resources/db/migration/V026__ALTER_PREDEFINED_SHELF_MAKE_USER_ID_NULLABLE.sql
2025-09-26 16:47:30,260 - Knowledge - INFO - Found code-base-name: https://github.com/kavia-common/book-project-1656.git:kavia-main
2025-09-26 16:47:30,390 - Knowledge - INFO - Found code_base: <app.utils.kg_build.knowledge.KnowledgeCodeBase object at 0x7f94d27ea650>
2025-09-26 16:47:30,509 - Knowledge - INFO - process ingested knowledge for /app/data/kaviademo4200/1656/b70881y/book-project-1656/backend/book-app/src/main/java/com/karankumar/bookproject/shelf/model/PredefinedShelf.java
2025-09-26 16:47:30,611 - Knowledge - INFO - Found code-base-name: https://github.com/kavia-common/book-project-1656.git:kavia-main
2025-09-26 16:47:30,722 - Knowledge - INFO - Found code_base: <app.utils.kg_build.knowledge.KnowledgeCodeBase object at 0x7f94d27ea650>
2025-09-26 16:47:30,833 - Knowledge - INFO - process ingested knowledge for /app/data/kaviademo4200/1656/b70881y/book-project-1656/backend/book-app/src/test/java/com/karankumar/bookproject/book/dto/GoodreadsBookImportTest.java
2025-09-26 16:47:30,955 - Knowledge - INFO - Found code-base-name: https://github.com/kavia-common/book-project-1656.git:kavia-main
2025-09-26 16:47:31,060 - Knowledge - INFO - Found code_base: <app.utils.kg_build.knowledge.KnowledgeCodeBase object at 0x7f94d27ea650>
2025-09-26 16:47:31,174 - Knowledge - INFO - process ingested knowledge for /app/data/kaviademo4200/1656/b70881y/book-project-1656/frontend/src/delete-account/DeleteAccount.tsx
2025-09-26 16:47:31,276 - Knowledge - INFO - Found code-base-name: https://github.com/kavia-common/book-project-1656.git:kavia-main
2025-09-26 16:47:31,364 - Knowledge - INFO - Found code_base: <app.utils.kg_build.knowledge.KnowledgeCodeBase object at 0x7f94d27ea650>
2025-09-26 16:47:31,471 - Knowledge - INFO - process ingested knowledge for /app/data/kaviademo4200/1656/b70881y/book-project-1656/frontend/src/shared/http/verb.ts
2025-09-26 16:47:31,592 - Knowledge - INFO - load persisted knowledge: end
2025-09-26 16:47:31,708 - Knowledge - INFO - load persisted docinfo: begin
2025-09-26 16:47:31,796 - Knowledge - INFO - load persisted docinfo: end
2025-09-26 16:47:32,316 - Knowledge - INFO - worker kw1 created with dedicated MongoDB connection (total: 1)
2025-09-26 16:47:32,411 - Knowledge - INFO - knowledge worker kw1 start
2025-09-26 16:47:32,543 - Knowledge - INFO - Knowledge creation complete
2025-09-26 16:47:32,649 - Knowledge - INFO - Updating org costs, total cost: 0
2025-09-26 16:47:33,433 - Knowledge - INFO - Saving knowledge to Redis...
2025-09-26 16:47:33,587 - Knowledge - INFO - Knowledge saved to Redis successfully
